Quantity,Price
13,43329
15,46230
6,31492
14,19676
12,26235
6,47905
9,12156
18,2187
10,22143
18,25921
5,7619
7,17856
8,21558
3,10079
20,47633
17,23131
3,2190
12,3891
17,40964
12,48095
2,9823
10,45217
15,8966
6,31693
9,28619
20,40184
6,3030
17,37447
1,39698
17,6982
19,5532
12,15975
11,3843
17,28385
1,16126
11,43378
18,5807
9,39519
6,41278
10,34477
2,31591
15,24548
12,28518
18,5871
13,2807
1,43294
17,19374
11,19568
5,33113
3,25094
13,33212
1,49982
11,18283
14,20221
13,32086
13,28210
13,31979
11,28828
5,48070
12,43175
19,49469
17,17874
1,8615
6,25858
15,38556
8,35862
9,9579
19,31035
18,18824
19,16309
12,43688
16,4304
18,18771
16,25194
15,11861
2,31284
20,15015
5,39107
2,38517
14,35570
19,4626
3,37280
7,44424
4,3813
11,38831
3,21594
7,9267
2,29786
1,40336
18,2049
7,18742
14,47358
16,22186
19,342
13,17829
8,13987
1,2819
19,9654
14,16386
9,24411
8,32695
3,20779
12,45426
18,47084
19,28411
4,27204
14,9617
14,22832
13,48180
14,15499
2,15272
6,17930
8,25810
1,46365
10,5620
12,22223
19,25039
7,5822
20,48646
13,21323
9,34781
11,44972
13,47545
6,34248
3,27621
13,8544
5,42850
13,32477
7,22896
7,46585
16,1751
11,17278
6,39668
7,26683
18,12789
17,26286
8,47492
10,44725
5,21468
19,14079
18,41712
20,9382
6,42284
7,7915
19,8275
15,39345
18,37063
16,38329
4,27472
8,18053
1,9414
1,37576
8,14077
8,22602
15,14103
9,26902
1,23342
11,18505
17,21863
20,21920
9,20769
2,3844
11,34282
12,28227
19,48289
19,37695
1,49923
12,11669
12,3532
11,40914
4,38914
15,21635
14,219
20,1325
1,6638
9,45484
18,27153
7,32636
8,31509
5,651
12,25500
11,47704
7,16436
1,26610
11,34287
20,27581
18,5826
10,43368
17,48979
2,27463
12,35724
17,32409
17,16014
13,9187
18,26075
7,22791
7,17118
2,28947
1,4131
13,26808
19,17361
6,20470
11,34217
1,23669
9,4465
5,9817
2,48882
1,14383
16,17231
12,13155
17,34448
20,36301
1,36448
20,25549
13,42664
2,45160
8,22642
20,27753
19,1301
1,30912
4,19297
9,30411
16,6350
8,29980
10,26499
16,30521
14,23687
19,31372
8,35365
19,31730
17,3601
11,35737
12,14773
9,40988
15,31929
7,10798
13,11312
13,31142
14,14189
17,37938
11,19812
19,4740
19,10958
8,13887
2,48932
6,30115
3,17268
14,32428
16,37863
5,13079
2,35675
15,12496
13,2958
7,41959
9,10088
17,17609
10,29216
20,30096
16,4096
15,5974
2,4895
2,4055
1,43153
20,9239
16,35406
11,40646
13,11940
2,37483
14,5090
2,2481
1,35073
17,43284
13,33341
3,34493
18,34765
13,45973
20,23283
11,41817
14,24669
19,24562
9,32603
10,37804
1,28875
19,47589
10,42219
7,15093
8,42298
16,46141
7,38092
3,40403
17,34090
9,40656
8,47664
13,31916
9,470
11,1505
7,10733
13,1691
2,9279
17,32199
3,17649
10,45572
11,37830
3,30546
5,15787
4,19149
9,36326
9,14091
1,42972
16,12896
11,22868
9,3251
8,7371
9,15234
11,10655
13,37015
16,5767
13,14819
17,35798
20,42300
3,47366
19,14219
1,11379
15,17024
13,3234
12,20335
15,45373
10,17121
16,28727
8,35464
14,19495
15,1868
4,4357
12,38648
1,6393
15,8032
13,40696
2,31590
9,30490
14,10088
7,32194
10,42267
15,17248
4,789
19,46054
17,13787
16,26826
7,10503
15,10508
3,10350
16,42017
12,44663
15,13445
12,242
13,11723
3,3447
9,6029
19,29904
8,32122
7,11568
14,1989
5,15704
15,13279
16,30173
9,29358
3,28173
7,5031
18,11290
4,7107
18,29276
14,3157
7,49070
14,29543
10,12567
15,5470
11,15847
8,27488
2,6654
9,20854
5,31093
10,46857
14,8243
2,16054
15,26359
10,33822
13,20694
4,37656
12,6517
2,45695
14,41902
3,6326
18,13753
10,18007
14,48312
17,47379
19,13915
15,26883
16,6223
14,37424
8,13220
9,16471
18,49816
13,36242
18,25991
1,41158
14,44074
5,16324
13,38771
4,36350
7,40424
18,21262
13,34558
14,1370
20,35905
19,47070
11,3011
20,10876
9,8898
10,37537
3,35957
13,24816
20,20954
8,49940
3,35141
12,43664
5,13052
10,19702
16,37113
15,16693
13,22822
16,5988
7,17824
6,27436
16,11772
1,9462
6,47070
11,10052
13,48819
14,10877
16,33964
18,44375
5,15712
5,29672
5,10550
4,21127
7,13557
16,18627
13,11374
20,19867
19,25589
15,28358
11,31938
20,41641
9,30942
15,1784
3,12942
2,30593
14,46915
4,412
18,30055
12,6729
14,40331
18,29741
4,10209
1,25964
13,811
20,26719
12,31059
4,28459
11,22951
19,20724
6,5492
8,43879
1,3387
15,20914
19,26604
1,34979
19,24746
17,23253
1,15191
20,44171
9,41443
4,5341
19,14721
10,33985
6,19684
2,43151
16,4803
9,23236
10,32659
20,29471
20,11947
18,21074
4,36688
18,46000
4,25243
10,47174
7,30829
7,48657
20,32571
2,37761
16,25843
20,35463
8,44814
8,38892
11,43576
4,49504
8,9164
17,26064
1,19009
9,36899
19,25553
8,23505
11,34786
9,39663
10,18600
2,33111
9,17376
19,17523
3,43494
8,6368
6,32845
10,27222
5,2413
19,22736
13,45703
12,3228
6,29460
8,38197
5,43391
13,28695
16,26056
19,21878
6,47713
17,36315
12,26039
15,44205
9,17564
1,3148
12,34337
15,17875
4,7091
1,21419
17,14002
16,38232
7,39538
6,34863
16,26971
18,49252
18,44375
8,10223
15,19954
2,14437
11,19720
10,45489
16,40547
20,13805
7,10667
14,39619
19,10678
12,20346
13,28714
13,28690
16,642
3,42863
18,47144
17,48411
8,45869
14,43374
17,5114
1,21406
1,13603
18,16967
12,18720
11,3008
17,28768
11,20450
9,44600
14,28987
13,28900
17,15380
7,5028
20,10114
14,32426
1,35823
18,8890
14,18303
9,21877
16,16816
6,3052
15,21349
18,44897
8,34672
7,45002
11,14383
6,45023
2,7310
15,7504
6,19099
16,32855
10,15514
7,44453
14,8921
9,45678
3,38585
6,18884
19,21632
2,6693
15,16514
7,23317
5,47992
2,43197
9,5809
15,35987
18,13845
16,42725
12,1149
19,5405
17,9324
13,32785
14,1755
12,5464
12,13784
8,20783
9,28243
11,16425
18,32788
12,1485
12,48876
10,22282
13,9847
6,36068
16,43440
3,25705
14,8962
2,15586
6,6736
16,8046
12,15912
12,9424
15,37312
11,564
13,47096
12,38590
11,2638
15,423
17,12614
7,28475
8,9575
7,22938
16,42833
7,25084
6,5013
12,25617
10,30469
4,40734
15,10999
18,15012
20,35398
1,10091
20,15256
1,34146
6,42245
2,8395
6,2780
18,5204
10,4704
5,1137
16,33482
16,10845
18,3093
13,31994
18,24579
17,5278
15,31484
9,1262
16,34761
18,29430
5,20750
5,33774
8,34275
17,36092
4,2578
12,48954
17,29363
9,12062
20,4218
16,33269
5,21487
3,7428
5,26871
7,46972
12,22581
20,9941
2,35816
12,14161
4,12703
13,11089
6,24052
15,42931
4,15790
19,18987
13,21140
12,8905
20,12272
1,14386
2,17496
16,48138
1,38059
3,49418
4,11017
18,11177
10,13707
19,44508
1,18841
16,24063
6,27175
19,45278
2,36819
9,2225
8,14611
18,35595
20,828
1,40774
16,39855
7,42222
10,21432
6,44381
20,48925
9,35362
7,38507
14,34017
19,9549
5,7505
3,10633
19,22759
6,37776
2,37866
9,28870
6,45492
2,9221
18,31957
5,10209
12,11534
19,31136
1,40964
6,17662
14,9907
4,33612
8,2089
16,38128
4,23345
17,26381
12,20177
8,49452
3,42920
12,26036
16,37123
18,12536
12,19356
20,9538
18,25860
15,7100
2,8288
5,3255
10,13838
19,46611
4,4040
16,22801
13,19420
19,9030
8,9199
4,3884
1,38229
6,31578
17,42122
6,39947
5,21014
11,44326
3,4623
1,22773
15,47160
11,10432
17,26986
13,10155
14,24883
16,49825
9,23483
2,4298
4,38583
2,2938
1,35396
12,34834
11,14863
14,46636
13,42933
2,13774
3,43134
4,48478
18,11746
11,4184
16,5500
12,14711
11,3847
19,35683
9,49028
16,8818
11,4759
5,16545
20,23873
17,41726
12,33514
10,46319
13,12353
7,7689
2,10454
8,34985
13,19408
17,22508
15,47524
5,4843
5,35810
3,39121
2,45418
3,36434
2,2909
10,276
16,12097
12,35108
5,7986
16,30684
14,26130
4,10364
12,49077
20,16532
2,30619
14,9223
16,3919
9,39284
17,34690
19,14934
11,33121
13,32986
1,33959
11,28831
1,43493
14,44829
13,41345
3,23746
10,42854
10,32723
15,38239
12,9200
5,32583
3,28756
4,26670
17,9152
9,26018
12,45473
12,26644
16,45519
3,45091
14,12708
10,22989
4,49815
16,47017
6,25960
12,4007
11,42754
14,11629
18,43692
9,31941
19,17184
20,4108
6,47437
18,44085
5,14774
7,10075
1,9669
10,6105
14,23136
4,39089
15,44096
5,1589
3,30283
16,32597
14,44632
6,31758
10,3817
9,9278
4,13778
2,47203
12,41679
7,1607
1,19409
9,23803
3,29981
14,23679
1,18255
5,9080
13,7819
4,11089
3,24759
19,42697
5,24379
1,12665
3,24183
10,35610
8,14954
8,22923
3,37343
8,11301
20,27795
16,7682
18,47827
9,46892
7,30276
12,25831
3,22522
13,41853
6,34846
9,48702
14,10633
14,46692
19,48479
8,34067
1,8180
12,33626
13,10446
5,22229
6,32964
20,24185
12,8389
11,5846
13,42145
13,5714
11,2011
3,45788
15,20773
11,34372
14,29725
16,29424
9,41442
11,23244
18,37838
8,5941
14,8361
18,2402
12,29646
12,10143
16,30910
8,12255
14,45016
1,43990
3,20491
1,4098
10,1701
9,44791
5,31490
19,30161
5,44491
2,34437
3,12531
12,31184
20,955
7,8711
10,8495
1,15469
18,5944
9,33860
15,22542
16,44749
6,44887
3,45125
9,38406
20,3026
7,18805
14,22116
17,27305
12,11699
10,42326
12,11417
20,4289
3,25336
7,32122
5,9390
1,29286
2,26315
3,27178
6,19519
17,41898
19,16006
13,47975
3,6027
9,24329
2,46694
14,23280
12,46300
11,3276
19,32221
19,6748
20,36675
13,4510
4,23452
17,28732
10,14276
5,6678
20,16081
8,29213
12,26025
10,7769
13,3412
3,16980
3,43207
4,22162
15,18070
10,22254
13,1519
1,4170
10,29571
20,3156
9,5972
7,5325
10,42424
19,43176
19,24878
18,24095
11,18730
10,23402
5,42517
6,15767
8,29365
17,27826
6,35133
4,43033
12,49723
13,4737
9,24601
1,26876
13,24860
11,28692
5,36749
6,24600
12,32929
15,28969
13,32938
13,22209
6,38855
20,45742
12,29383
9,16883
11,46554
19,22841
4,20304
1,2749
13,36407
3,34896
13,28238
2,885
7,4824
1,12165
9,19451
13,11864
20,7578
10,24900
10,3713
9,8299
6,15710
4,45788
2,38856
8,20891
12,25747
7,48165
5,31973
6,31819
20,44898
3,39698
15,44750
4,7982
15,43673
14,36980
12,27068
5,3467
7,40047
11,885
19,27376
2,9875
15,25769
18,11423
8,17883
18,15580
20,36144
20,6704
3,30007
18,25628
6,25186
18,11502
3,37198
13,7483
17,45245
15,26340
20,46248
9,8799
17,33214
2,19021
5,10664
13,17075
10,19358
16,17419
12,20602
14,46218
13,43138
7,33125
3,14789
7,25164
1,14821
12,25555
20,39991
6,25516
17,3483
20,23697
13,2751
15,34966
16,42174
13,11845
1,13842
8,34895
18,5619
1,24855
4,11983
5,23694
5,12034
13,13904
20,39464
17,36762
18,42707
10,26126
1,29032
8,27026
9,40265
1,19555
10,37474
18,14749
10,6342
16,10252
14,18658
14,48312
7,20289
5,37227
19,16286
12,24483
17,26951
20,30037
14,3331
10,46657
6,3185
8,18719
2,881
8,15042
1,47173
11,37573
15,43682
19,6414
14,45430
8,15674
16,42979
6,36050
11,7548
1,35584
9,22859
11,15901
12,30374
13,23788
20,30914
9,15114
15,39879
12,6634
5,12234
6,10225
14,47567
12,3174
6,25110
19,9548
13,5755
8,20708
17,14661
13,4119
7,36503
19,9180
7,35634
5,19813
7,23973
16,13252
5,39732
5,4356
9,41991
11,25250
3,14178
10,9393
20,19963
17,31997
2,6834
16,43879
7,40143
3,27839
13,33962
9,13510
2,21160
1,38180
1,12165
7,48439
8,46656
11,41748
17,20727
1,30939
20,34612
3,14130
4,42634
5,39552
8,25174
1,17755
11,27828
11,31290
13,33311
18,13803
14,41070
10,24428
18,21833
12,35014
2,44292
7,5957
1,32749
1,17920
6,25367
13,6291
13,29984
18,6133
11,7831
6,29922
10,43024
19,48958
18,7523
3,21035
11,47713
8,3462
19,28812
12,43166
2,14355
3,1173
11,4695
13,42315
11,43026
17,28375
2,25088
9,47732
16,16478
18,48001
7,27814
7,44642
13,8581
10,30404
19,20834
7,49082
9,12723
2,35081
19,9090
18,9050
16,23807
17,4203
19,28262
12,33463
10,18340
15,14599
8,16112
1,25969
12,22748
17,30147
8,17132
15,17961
1,904
16,42966
15,23806
20,5069
19,4714
17,11525
7,49559
9,20899
6,40153
16,39424
19,30972
13,31160
15,10724
18,49602
10,3360
2,33942
19,1857
20,17828
15,2718
2,9457
9,18618
2,5289
11,18320
18,30780
9,9200
11,2895
19,17648
19,41693
17,33967
19,23403
14,31832
19,26068
9,41446
16,26299
14,34434
13,46752
13,16767
2,44099
19,25823
3,8611
16,367
20,37654
18,36114
12,44193
8,48667
11,16660
17,37001
10,42431
11,7504
14,25074
8,34915
19,39944
19,14823
3,25731
16,4693
12,3973
3,377
16,46356
18,26115
19,2729
14,23160
18,38959
12,24067
1,23796
13,9950
18,17351
11,3167
20,21629
13,12860
2,2947
7,12140
3,20760
11,9764
8,42143
20,5830
8,27364
6,5673
5,45979
2,40064
16,17764
11,34178
7,29645
2,8973
15,30344
11,38154
14,11854
3,48166
4,7444
16,18592
5,877
20,39485
12,30796
9,21102
2,28090
14,15989
20,35076
15,11205
6,33317
17,21987
18,6115
17,42242
3,11437
2,14757
1,45850
1,35159
8,37088
15,42036
7,8885
3,47583
2,19036
7,10743
20,10079
20,43355
10,44180
15,28368
14,242
15,43272
18,20398
13,37338
8,31689
14,18019
6,17971
5,33141
4,19964
4,30678
15,15878
13,34973
18,49907
8,24150
5,1370
15,38383
14,40750
16,20027
8,12230
20,23733
20,32696
13,10628
6,29216
19,47074
10,14885
20,46822
1,23810
17,42442
1,45292
2,28208
2,32411
1,8249
16,32316
15,48419
11,18772
6,25273
19,23725
16,20566
14,13437
2,14456
2,25842
7,19220
17,43733
10,4963
16,9490
1,44387
6,48026
19,17669
19,39310
6,49153
9,3026
3,6711
19,22294
13,9329
19,35936
15,15196
7,179
3,13337
3,9358
6,22963
1,42533
10,23430
5,46917
12,15456
20,37708
12,25729
19,9886
10,9545
14,22352
5,9081
16,43443
12,16552
7,38388
12,49900
17,28176
13,34396
13,41347
8,42027
14,20640
6,35247
7,13068
3,29468
16,42200
1,43877
7,40856
19,14595
16,45684
1,741
16,10972
19,35084
17,13205
19,23639
1,10727
18,39042
18,3771
17,27263
19,43824
1,9853
4,33270
16,10725
8,28569
18,41636
8,19318
5,31649
10,16858
1,6812
1,34109
3,14302
9,30736
7,11093
13,8474
5,31510
5,31526
12,48063
10,17553
4,21540
9,2070
2,9876
8,25739
5,9534
7,17481
5,17475
1,45180
17,2956
17,3258
8,16353
15,24408
7,36292
12,46531
17,34441
11,22093
5,46364
20,24854
12,19317
6,18493
14,15008
7,34940
3,48440
19,27571
14,3568
19,33983
8,26122
10,41254
6,18179
8,5224
7,43664
17,4589
10,49537
15,16030
16,40651
3,37234
9,33946
4,2543
12,33653
4,40932
7,35029
14,4247
18,7314
12,38986
2,15939
16,9969
6,26166
15,26627
1,48026
3,881
17,11609
13,29553
20,40507
1,18304
15,8266
2,18249
19,32683
17,39780
6,15001
10,48363
18,37815
2,34433
15,42861
6,22268
12,28667
4,49297
8,44271
16,46152
17,25202
18,17798
4,9088
15,14895
19,24295
2,23108
3,33444
16,16190
7,25206
12,2617
11,2043
6,28378
5,23617
18,17254
18,33911
16,39631
1,5601
4,16272
2,27428
9,4357
12,6229
16,8587
1,19699
6,29265
3,3654
19,4673
16,26000
20,680
18,47290
17,26507
10,49392
7,26045
19,33610
4,47206
19,44697
15,21227
12,2815
19,42305
4,15913
1,29569
9,34181
3,26045
18,19118
18,46033
15,5818
2,6864
17,20775
11,24729
2,37213
17,16006
14,25245
19,2989
18,48425
16,32698
1,32676
11,45083
6,25080
13,21839
15,22353
7,28184
11,49627
6,39373
7,40486
15,48358
16,48631
6,32967
7,8661
14,25428
17,48387
20,11673
16,8397
9,5398
18,30148
10,47050
12,4570
19,3036
5,49421
16,8431
1,35601
5,9330
1,43489
19,40158
7,12810
11,43678
18,27304
19,37659
11,24622
11,11081
7,15088
4,1876
11,23441
17,25044
3,6616
19,15095
3,29975
19,48156
13,16949
20,26007
5,13048
16,38784
17,7386
8,18006
6,6893
2,19568
20,34901
12,1988
7,15805
7,23958
20,36466
4,19915
18,35139
1,8850
17,363
5,15482
13,7415
14,860
10,43728
13,49029
10,25814
6,36480
12,43521
6,28318
2,11462
18,255
1,29936
17,32106
13,400
9,33942
13,20438
16,44891
17,33243
9,427
16,34728
3,33456
14,46986
14,16607
14,38534
9,40303
20,10074
14,19218
11,22671
10,31747
7,18465
15,44178
8,26345
2,16631
9,43842
18,181
4,32851
11,2201
15,33334
9,28073
14,15612
14,1062
3,49686
14,42712
1,40782
16,38483
12,10146
10,30098
1,121
1,31582
16,40223
9,24332
12,24806
13,42000
20,27832
16,16136
15,35019
13,34950
11,37007
14,24795
4,26040
3,34506
1,2585
11,18477
18,3430
10,13054
6,16810
7,38422
16,11807
11,12900
1,19619
16,39231
16,9014
8,9954
16,1974
4,44392
3,28829
12,49634
3,49522
17,46145
17,34429
15,44094
3,33113
19,41208
3,740
4,9749
19,28506
20,14434
12,9915
7,45137
20,14705
18,40811
17,31114
1,20239
7,33409
2,13204
12,4378
19,7821
20,49224
11,19256
3,255
8,49556
12,30879
3,20265
2,12224
10,7622
7,49308
6,46735
6,14620
16,36923
3,2860
1,47149
18,16834
18,18878
8,43681
3,18932
16,11395
15,19569
6,26727
18,37229
14,35943
15,10452
3,11813
11,47605
7,23766
14,13212
19,35733
16,47306
3,6813
19,8618
14,36630
3,39320
10,6279
5,17757
12,26609
13,28871
7,38080
5,45175
3,30498
7,35661
12,18663
2,33563
19,11171
6,17444
15,30153
8,40488
1,44040
3,13530
18,28380
19,26701
11,13124
8,27302
3,20588
19,48212
4,49324
18,23574
20,2020
12,12235
14,14761
9,30348
18,44256
19,35370
14,6206
18,10574
2,48963
4,36750
3,47787
5,32774
17,7504
5,341
7,4886
14,25059
1,29486
1,47877
17,23216
11,48925
12,23741
8,32539
18,32800
10,25171
2,26836
9,49629
19,708
2,46127
4,8753
18,14858
4,7787
4,5568
7,44616
13,11303
2,26405
7,13653
14,9740
1,7968
15,22273
10,6094
1,32781
1,28493
20,21407
7,34932
14,18005
12,15908
6,2828
7,22176
15,7782
10,47360
10,15674
4,36991
19,35501
17,11418
11,39325
10,19581
2,7621
2,19652
12,44818
2,38774
12,20907
4,31916
8,22034
15,31290
7,40419
7,47843
11,31249
16,31139
7,46548
10,49287
18,1483
2,6944
12,28310
6,14986
11,48057
17,30960
17,29574
7,42831
17,45312
17,43422
8,7708
9,12055
12,23266
8,16341
3,31195
9,22416
5,19901
15,7056
20,710
7,7191
4,15241
6,17059
18,8913
6,28962
4,46287
6,41183
16,11689
12,47165
3,48830
8,34716
17,7730
4,20632
19,6528
2,25956
13,7912
19,14637
8,49754
17,11304
5,6294
15,20103
4,32084
15,12713
15,19104
2,38066
12,3469
5,21179
8,18286
17,43735
11,39382
20,3710
10,24679
12,23671
13,7058
18,40566
2,11553
19,33105
5,18070
15,41147
5,5257
14,8621
8,47305
4,24224
19,7360
11,35398
2,43239
5,1202
18,48127
3,2581
3,40448
17,25506
18,42490
8,41352
9,14115
13,820
11,7120
1,19387
20,45827
8,5886
18,42504
19,30612
17,14359
14,28187
11,37436
7,757
3,3229
5,23727
12,21170
8,5643
12,1412
19,44972
17,2039
13,3993
8,6557
9,21151
8,44527
10,46137
17,6156
8,14262
10,32956
1,32654
12,38309
8,915
4,40021
13,11412
18,2227
20,41863
20,36462
7,40145
7,47945
9,46870
1,37759
1,32663
12,14494
2,20040
3,41740
11,27731
5,16655
19,19292
14,19766
6,25114
3,34989
8,24458
2,44074
19,7757
2,38131
13,31537
7,10850
1,38106
15,18195
2,25465
19,28043
13,31477
8,41471
14,24992
20,19765
2,29246
12,25049
19,18383
19,34126
20,31160
1,21455
19,33159
8,10789
8,14072
9,31174
19,38790
7,14184
20,35609
4,12623
15,36280
12,9214
19,23077
17,27003
12,40716
12,26929
4,38197
4,43116
17,41489
1,12555
4,33910
2,7279
20,29366
12,9358
4,36988
10,37994
7,36013
11,945
9,10456
2,49078
12,47488
10,5419
10,44225
20,39043
8,131
15,37982
6,33733
12,46511
14,19484
7,19364
11,13865
2,24191
2,19872
7,46133
18,17149
16,32356
1,13679
3,6292
3,40469
10,28009
16,4370
11,9531
8,49558
6,8730
15,23157
14,23101
16,18355
20,19220
2,10015
10,21874
8,39843
17,25615
5,27944
10,18179
3,4412
10,24114
7,47685
3,26988
17,39140
12,6848
10,16863
7,38425
7,12435
9,46324
9,20779
5,31255
2,37064
9,47017
1,11449
10,9878
20,1218
8,2857
15,28251
16,245
2,33207
15,16572
13,45175
2,34413
15,43428
7,30321
20,48457
12,30699
11,46499
20,28330
17,36397
15,29483
12,17360
6,22061
15,14242
20,33642
9,15083
5,22342
19,19928
3,29515
2,8764
2,36575
9,20806
3,22512
10,45162
11,4991
18,6903
13,30959
16,42118
17,25667
16,14670
10,33610
14,34174
11,36638
20,49187
15,15187
11,19443
13,22162
9,4684
13,27754
10,822
3,47517
15,28146
13,5672
1,5599
11,11383
14,36212
12,43907
4,31862
11,39830
9,40146
3,44049
11,648
15,1003
6,8700
11,29566
5,14817
1,17319
18,29439
14,24247
16,26742
6,26441
18,16026
15,42377
2,46885
6,38823
16,5173
4,39563
2,31210
7,29622
4,48368
3,29154
20,974
20,11723
18,37829
2,5594
18,2488
2,37981
3,13854
20,40154
19,35457
5,5135
2,33892
20,48266
15,3943
15,47034
8,5737
4,32996
17,13333
2,11618
14,19979
1,27704
5,9465
6,16582
8,21291
15,25463
4,15277
15,24489
12,9093
2,9331
18,36294
6,14354
10,35597
1,36200
3,6758
4,23580
17,31164
8,45968
14,43718
6,10923
3,36701
13,28612
14,38091
10,3993
18,15217
12,10251
10,43199
3,45492
19,14376
15,23224
6,38710
13,1247
15,44933
20,33554
12,9763
9,41061
14,41253
10,888
7,23938
1,41635
14,2065
2,35780
10,31610
6,1505
10,30386
11,46750
15,40196
18,33439
19,9111
12,20620
13,43153
11,49885
11,37804
9,15468
3,8111
4,13473
18,34708
20,22473
12,47885
1,49281
10,47096
18,7237
5,24823
12,18901
11,13602
16,40925
16,37422
18,24536
20,3394
15,46492
1,24284
12,35525
15,26630
5,43570
11,32581
2,10609
2,38290
18,39649
19,44523
11,5609
18,34722
19,34620
6,38874
3,22680
19,24575
3,39642
11,21451
6,43310
4,36649
11,10520
16,4547
14,14767
17,24197
13,16474
20,19114
6,36963
8,46715
9,10717
16,38332
16,25643
5,26193
16,31759
4,40757
16,28709
18,8155
16,12390
1,9032
4,6526
14,10582
11,36031
20,38029
8,28123
1,40287
15,37479
9,39356
4,29314
7,37200
9,8548
15,41907
10,3071
8,35857
15,28160
7,8277
12,20341
20,17742
9,24065
20,14482
19,39431
6,39032
15,26779
9,37056
5,46368
2,45456
12,40965
3,9971
12,13716
19,15602
12,27131
17,43147
16,12992
5,18304
15,45193
14,36887
8,22906
18,6661
5,27229
13,42408
11,21237
1,7952
18,36641
5,33279
13,15783
3,46741
14,15679
10,44970
1,20233
6,5764
10,40027
20,32123
13,34982
20,30659
14,8984
2,12096
6,30740
5,2277
18,28949
1,38252
16,41605
3,15307
13,2981
4,31755
14,12678
17,6768
20,27233
9,32796
20,4146
10,48158
5,47696
17,42490
14,31470
9,36795
2,46888
12,43561
12,15740
20,22240
20,2998
11,30384
1,28755
8,41230
10,35464
9,43636
8,7650
11,20217
12,33889
16,5870
2,42474
20,46481
16,39459
8,44940
20,18131
2,33957
6,16094
5,28757
20,443
4,8984
3,47501
3,41687
12,11984
8,28460
18,28519
1,13278
14,42073
14,32909
14,33341
7,7366
16,45936
9,32298
7,48418
4,9669
5,44633
19,719
1,17452
1,5377
12,17677
12,35202
5,8735
20,4753
4,32779
5,13312
10,47338
3,48911
10,28502
9,19612
12,30787
13,37458
3,8389
4,17654
14,28310
9,8395
4,41723
4,27631
7,11038
20,34714
6,31617
17,44201
7,42259
20,18551
13,4673
17,33286
1,17066
10,8437
15,39150
13,45880
16,29316
20,35744
20,46852
19,4519
13,21188
8,24090
20,48179
1,1620
18,30565
16,46933
3,19979
19,35655
8,31984
17,20588
7,34929
8,19673
1,2446
9,45866
7,11592
19,17697
5,46631
13,2439
19,21936
7,7444
20,29185
4,17071
12,31471
8,24471
6,2326
8,10144
4,32690
16,47573
20,32820
2,32600
19,13132
8,34615
2,27282
19,24020
5,49670
19,22462
6,41430
14,42002
2,42279
19,25022
7,49565
4,12451
20,40883
15,10468
1,6651
10,4605
13,39159
14,48583
8,715
20,45017
16,31798
11,27883
19,43139
4,8419
20,15956
3,8220
3,41892
3,14115
8,20432
8,42244
1,31034
3,35663
1,13518
16,40198
4,16468
3,17318
13,40787
17,27294
10,43991
6,31635
15,22406
13,19127
19,32812
1,12234
4,37780
12,29936
4,32003
8,28076
2,49773
18,47556
7,33080
2,32043
17,29219
4,41292
16,25257
17,27306
14,20647
13,47891
6,38119
12,35553
3,4374
1,6323
15,23291
14,22513
12,46108
13,26151
14,906
3,24350
12,49569
15,31987
15,12447
1,44811
19,7154
1,47796
11,35612
15,30034
3,16597
1,25968
11,29661
20,24547
18,24033
14,35967
3,9038
6,46634
3,13949
1,384
2,7575
19,31343
9,15613
7,47954
1,44146
9,48566
13,4156
1,7792
11,31060
4,17781
9,43692
1,2858
1,7046
5,34285
13,4436
14,49151
7,43354
6,44582
16,15792
17,1032
18,31382
15,2406
13,27393
11,5975
15,45761
18,2391
3,47899
13,27645
7,35738
2,11610
9,45217
12,43821
17,35031
3,40944
6,28826
11,6098
14,36039
16,18431
18,24113
18,48034
1,47141
5,46800
16,4708
4,30003
10,46410
7,45257
11,5719
6,27418
2,49744
12,13396
2,15274
20,18643
12,11185
9,36018
15,21169
15,47055
10,35905
8,30640
16,3515
2,10667
7,11197
6,4085
12,49008
12,45292
13,17082
16,6385
5,14220
14,218
19,10074
15,37989
7,21965
16,7699
10,1879
19,34523
3,6501
20,35859
20,33317
13,44300
2,2032
3,30623
16,1267
14,25284
2,45533
11,41744
14,23812
5,41267
2,25929
10,46500
10,8840
5,23896
5,27682
5,21229
12,5559
16,24441
1,33874
6,31549
19,41710
11,29303
1,1966
18,47117
3,3920
15,31117
16,3966
9,13458
2,19813
17,43482
8,15032
14,11492
8,36970
17,31677
11,24629
19,23930
17,7735
18,7740
20,14051
17,17338
15,4703
3,47807
15,36723
18,2539
12,7956
4,35346
10,18348
1,27600
14,20002
18,14625
19,27700
13,45825
2,30413
16,42961
1,18392
19,28664
13,6948
5,31399
17,35573
3,278
10,42117
13,37664
12,36901
3,38794
17,2140
14,22102
8,49881
3,44605
2,14012
15,31780
12,48888
17,7774
19,4108
16,5307
11,14414
7,9475
11,15832
18,14235
3,24953
6,22260
18,16324
18,28181
15,5207
8,31360
18,6306
19,48192
11,39032
15,2337
15,38165
3,18499
3,28830
14,28013
17,46598
5,26007
4,1623
11,15528
8,11898
15,20990
9,35327
7,23064
13,47100
17,34300
6,32633
9,49705
14,11275
6,9201
7,26461
7,14625
8,42521
5,31183
13,41739
19,30598
14,37407
16,39967
14,10360
7,38865
11,1895
17,20696
3,25381
19,5740
6,2524
9,30935
11,28830
18,23816
14,38055
3,8001
17,377
6,44742
11,5164
13,47467
10,20963
6,36507
6,42194
9,41319
5,2983
10,4198
14,21803
18,7801
1,32523
7,43557
17,3186
11,47931
16,40592
3,18472
5,33413
9,37918
11,35424
8,38197
17,6807
14,44480
1,44199
8,3246
6,5666
20,16065
13,36278
18,42636
8,1176
14,13333
6,23698
6,48678
6,2937
2,35151
6,4394
7,11383
7,43077
3,40609
1,12431
9,6653
6,14724
14,49099
11,49034
9,31874
2,32364
18,30185
15,41649
19,46204
3,28184
2,2745
16,41317
2,20121
6,20000
11,23599
15,6003
4,5947
4,5612
15,31593
2,22854
4,19408
19,43525
11,20812
20,46402
15,42609
4,26874
13,20210
18,21861
11,9483
14,37300
19,37951
8,26658
17,8387
15,27301
20,26262
17,28921
9,20275
10,17275
14,37482
9,23705
19,1456
1,22210
13,22899
2,2978
15,22852
14,29883
11,34768
12,21135
12,40896
5,42438
16,8969
14,18677
7,2014
4,21467
9,14607
11,11297
1,45785
3,1803
7,5402
9,6401
13,16706
14,1653
17,38463
19,37397
17,27802
14,27186
3,3515
20,11155
11,34194
14,43518
8,32693
6,7453
2,7070
11,43395
18,38332
15,35308
16,36729
16,7507
16,4682
20,32257
19,6873
1,36609
1,7275
1,20123
15,36538
6,12115
19,2766
1,19976
6,31359
11,32528
13,30215
13,26004
5,32777
2,25951
19,38435
20,45972
5,17015
20,24726
12,37313
18,4722
10,47475
1,13619
16,3191
14,35952
13,25561
3,36412
2,43278
14,48944
10,28748
5,37720
9,2944
1,4696
6,40557
1,11531
10,35374
2,19795
1,11467
3,4897
13,41463
14,11640
19,44279
8,1465
12,19424
14,41455
18,17351
1,8908
10,6865
10,49658
2,15235
7,29942
4,8249
7,8896
3,32735
9,39395
5,15251
15,27217
18,3836
18,20111
1,24164
2,29561
7,31406
20,39282
16,32024
18,27764
17,19187
14,13120
5,47237
7,48059
17,30210
13,10050
7,34328
3,5068
20,9320
13,25889
1,49487
7,19533
17,17864
15,24446
9,26770
7,2041
10,32822
16,21090
15,20469
2,21410
16,28124
20,8898
9,36687
11,36970
8,30194
6,43641
6,14757
11,4012
17,44715
2,32526
6,34789
19,884
13,41812
17,22986
3,15554
19,11265
4,26609
14,5328
19,17535
8,12434
1,12985
4,4459
7,39481
12,26749
3,14046
4,753
3,11781
6,1643
3,16561
5,24668
19,6839
14,27896
15,15982
11,16495
14,47521
10,1571
11,46180
4,29397
9,32509
3,38454
3,45121
16,903
4,36597
7,25402
8,40590
18,38925
1,43076
14,27775
4,42400
4,37934
6,37049
1,1893
5,45655
11,34251
18,47263
10,20500
12,43140
13,45031
2,16254
12,46739
2,34638
9,22417
5,43259
18,4631
5,9978
11,27061
13,7564
4,2892
7,18556
20,10759
10,32861
4,8394
16,30134
17,18585
6,48987
5,27502
6,42465
14,43675
18,42209
9,47016
6,31137
19,35314
20,21960
15,26392
12,26934
4,12039
8,12340
6,11660
3,30916
4,17872
12,9562
5,9895
16,33729
2,7847
7,21535
10,6994
6,44329
9,3875
9,43428
7,15212
4,9033
14,22302
13,10067
4,48991
1,8409
20,29871
18,9779
7,9894
17,16585
5,15648
17,21641
13,29231
1,19126
13,39136
17,1364
3,5544
14,19888
9,42773
10,20885
3,12741
3,19631
4,17411
5,12864
15,8608
14,22720
4,28098
14,15597
11,32082
2,13016
7,17798
4,32935
6,43646
18,15215
13,4317
9,29027
19,23897
4,17214
5,13877
8,2000
8,21303
5,46898
19,43990
14,42079
17,15223
20,40609
7,1393
10,30972
10,44734
6,23711
18,5076
3,6147
6,24305
4,36229
6,12304
1,21132
11,22083
1,21040
13,16400
20,23447
7,46707
3,11126
6,37342
12,21342
3,15411
9,19199
20,47676
8,49738
10,33871
13,46746
3,12734
9,4678
20,40749
5,898
1,20880
17,10546
4,11443
14,15200
5,22725
20,24904
4,112
6,49070
10,47929
18,25630
15,43711
18,26951
11,7806
1,44320
5,14997
17,33269
20,5398
7,47217
20,1387
2,29246
18,7398
11,771
6,15907
4,1820
13,23444
5,18472
7,20005
3,1664
2,6157
1,46663
15,39423
13,18922
10,47804
5,28719
19,20325
14,2775
11,25966
18,41952
1,12071
7,46119
4,18568
17,35124
1,39988
10,37757
4,30607
19,31275
7,11633
17,36854
16,13068
4,36683
18,39948
8,39297
15,2394
10,38474
1,48661
9,10455
10,33813
6,26236
13,25659
10,38312
15,40207
3,22279
20,25756
14,21662
18,11288
12,1312
12,1301
12,46390
4,40668
19,41095
5,21426
7,29778
1,15228
15,38662
9,8626
1,15204
9,4298
4,7624
18,42776
9,7874
19,37029
2,26778
1,19963
6,23607
10,11329
19,32618
8,47882
11,2553
11,8994
5,44521
13,28420
20,33398
8,13089
16,44151
12,19677
1,35148
18,26781
14,15312
9,49021
7,25902
20,7684
9,12029
20,38782
14,7947
1,34771
17,14980
6,18537
8,9473
13,12899
5,4307
10,9436
10,46393
12,9406
6,30744
6,7608
18,6847
9,5054
5,42545
4,47450
12,18060
19,25849
8,15691
18,17883
17,33629
16,25672
8,47334
20,18977
18,21324
3,26112
12,20667
3,40507
8,23235
17,17673
4,10925
15,41420
9,20686
3,49716
12,40332
12,26987
19,24189
11,26046
20,36952
10,25306
14,5892
20,627
6,49493
8,20271
10,8658
9,19181
19,26772
4,11570
8,32446
11,14310
8,41624
19,24656
16,30129
7,1635
11,5457
5,16242
15,6706
3,24915
20,46838
6,21633
17,12703
2,27501
16,16096
15,38647
8,30351
8,42946
15,34233
12,35593
5,19140
4,48607
10,2871
14,9930
4,41418
3,15217
19,21525
2,37932
5,6030
9,4221
20,1733
1,17550
9,43269
5,9455
9,33369
16,45577
17,25050
5,27549
6,10245
3,15212
19,13569
3,34672
19,25185
4,14688
9,44813
8,3620
14,12997
6,27912
13,43493
5,19710
10,20593
15,33351
14,37423
11,43383
11,39974
10,31949
9,28398
14,43646
4,26225
18,9881
12,21004
19,23248
12,30934
7,18569
16,14141
16,39569
5,24705
5,38239
11,3595
7,24547
15,1597
15,36096
20,1980
13,22211
5,44235
8,13503
7,4975
12,7059
17,32448
7,9246
12,22352
3,33568
19,38012
11,46688
18,25221
8,31317
11,26590
2,6845
18,25971
6,47088
2,18258
11,7265
12,14810
13,40354
8,16856
2,28649
6,24934
2,15581
16,18648
6,36812
9,39050
9,16700
16,17901
18,34830
6,46845
10,20589
8,35941
4,11029
7,29769
17,34908
17,18145
5,46862
11,26473
6,6445
1,44196
18,23728
5,6095
1,3318
19,5034
19,19280
8,36892
18,22596
17,40280
15,24372
13,11099
1,17470
3,38210
19,49888
18,16079
5,2068
12,47017
16,5645
7,10287
17,13286
13,8609
20,22908
14,11973
4,10640
16,16299
3,23216
5,42150
2,29131
16,20022
17,37969
10,30027
15,17725
6,35257
10,6724
16,35328
6,38346
16,2619
19,38544
3,13224
5,43539
11,25370
3,1538
2,49151
13,26004
11,13024
6,27168
18,16657
14,40437
13,43081
7,38609
5,34102
9,7472
9,4404
9,31382
17,19797
19,43095
9,33343
8,32422
3,28144
16,5996
3,30074
7,36312
1,16707
12,29888
11,29641
15,9611
14,19801
13,24842
14,39218
16,26403
17,14581
8,25496
1,7029
8,14908
17,3671
8,16674
8,39303
19,20767
18,3328
4,11152
19,36840
14,20861
7,12593
8,13791
7,16416
13,43067
15,10595
7,20282
6,49671
15,29777
15,33797
11,27542
11,13303
12,27473
12,42945
2,49234
1,8624
12,39185
20,22333
14,45271
14,28279
7,3597
9,48580
15,49116
17,29118
14,42160
18,38232
3,44906
16,6394
19,41757
17,44938
5,2396
20,27309
13,35313
6,34887
1,8512
12,9054
8,10783
10,3507
6,49214
18,6696
11,21065
17,37205
20,11983
20,48851
12,19787
9,20197
9,41362
16,5827
11,23246
4,32441
16,41753
2,21025
3,20672
10,32609
15,2924
1,30087
8,20285
4,48195
5,19474
19,37226
10,2595
20,19542
2,9513
19,22572
10,13945
15,32410
12,36148
6,27734
14,2909
19,41985
15,28948
6,40629
2,13215
17,15125
16,10375
14,32096
1,17368
10,19210
1,45364
1,37400
13,29334
5,11527
13,22432
2,17681
17,16658
15,34913
1,38217
1,13478
1,46701
5,9602
7,40735
1,45656
15,27696
4,46901
11,19397
4,403
7,48390
3,34594
1,31921
6,19867
10,11561
16,714
11,32141
3,34406
19,24579
13,41117
13,5533
15,27983
12,31561
13,49218
8,39474
4,45874
16,12555
13,49800
18,49757
10,47071
20,6823
7,17215
13,42088
9,11861
17,10210
14,49832
20,43609
19,28113
15,35308
5,27321
1,26263
11,29571
3,7336
3,25057
18,31459
13,47331
7,18362
19,49606
16,19329
7,11378
2,36969
12,46139
9,24635
20,11312
4,2018
15,2370
15,6263
16,36260
1,27068
6,47888
17,18540
4,29406
20,25775
13,41938
12,32651
15,8512
8,13085
2,34056
5,30629
6,22027
13,41631
5,43484
15,21071
12,25754
7,49926
15,23888
15,4739
1,20740
20,38865
10,42454
17,20622
17,30452
14,1731
19,46009
14,21134
8,29717
9,7840
4,15975
10,33914
9,22806
20,45801
14,36524
10,41277
12,34275
16,42683
12,19392
6,43525
20,20424
1,49247
20,24188
13,16711
14,29657
19,26538
5,49300
11,9305
9,39300
1,14402
19,11386
3,12619
5,47563
8,44866
20,13582
9,29066
18,28618
15,26687
5,9310
2,26654
13,17490
13,16032
15,41048
14,41029
20,48559
10,48486
6,35452
10,27200
7,9003
9,143
10,24589
16,15735
14,34891
15,49597
20,25888
9,11531
3,1634
3,21141
11,11846
5,31200
6,5137
1,10756
3,28280
11,46624
6,43002
13,28428
1,21225
3,26687
17,33757
9,49419
18,26209
12,27054
12,9708
18,39992
2,9803
4,42471
9,45289
10,10456
1,22877
6,21943
7,27202
12,44885
10,42690
16,17789
2,38029
2,46581
11,5185
18,2536
11,19158
20,28659
20,36522
18,12814
12,18543
11,11951
12,46660
16,11834
12,25262
2,34595
15,39861
9,2791
14,31326
3,26059
5,34039
3,32246
11,7458
11,39694
6,41233
13,47795
9,27092
14,22289
12,35981
20,7437
14,45962
3,20740
6,17261
12,738
12,34125
5,40595
6,795
3,14769
6,18169
7,48120
18,45659
15,16353
6,34958
20,14276
3,47042
1,23041
10,32814
5,15349
6,31948
14,28173
4,37077
2,14053
14,4242
13,27145
13,20071
15,19947
6,35789
16,15403
2,40150
15,7191
16,48039
16,11336
18,23327
13,32737
2,48346
19,47065
11,18109
8,26076
10,41803
17,9318
8,13858
9,19282
13,41493
5,24844
18,17142
12,15251
14,16326
2,4859
17,35030
18,1699
3,46184
9,35599
6,14964
2,2255
14,3738
7,40710
4,3837
11,43445
19,36205
19,10086
16,29870
11,40097
15,15005
16,30810
18,20544
7,31574
7,26567
11,16437
16,23377
3,37019
7,5348
9,36073
6,14707
5,15975
3,26297
12,1245
3,22986
9,26300
11,27247
3,5283
1,8354
19,33174
9,17013
3,22892
17,30456
12,1554
11,7801
10,39249
17,950
16,15880
9,46474
1,21244
15,20368
2,44662
12,44595
4,39070
8,895
9,31412
2,8786
4,28176
12,7856
14,30827
8,39650
9,33858
15,5148
19,48301
9,4428
1,42324
14,19291
17,31025
11,40153
6,1316
11,29148
15,45267
11,46369
2,46284
19,12612
5,15277
18,14742
9,43926
2,16367
20,49578
1,26006
7,33704
3,49276
17,28627
10,33625
16,40802
15,21149
10,11386
7,30298
18,10593
14,5947
17,28696
15,18741
18,28402
2,5915
9,49129
15,14501
16,44856
6,12487
11,24914
4,13020
11,19405
3,22898
14,15973
1,5805
2,48608
20,9049
9,7234
17,23360
17,34955
13,28565
2,5753
15,36988
15,34279
10,39496
10,26586
5,5058
11,13231
5,30989
8,7359
1,30463
17,14505
6,10819
11,45974
5,17296
9,40241
6,16512
7,6019
5,22101
8,7989
4,48754
12,46461
18,2695
16,4866
17,47555
13,29455
5,7684
6,33698
2,46974
13,45586
14,28933
11,33965
3,6857
15,24190
5,11721
15,6452
11,18876
8,40922
15,30816
4,27415
13,34160
13,23549
18,35958
7,41029
12,9937
9,20463
5,44319
10,20671
11,13710
12,43933
14,12197
8,21620
11,11479
19,8743
10,8203
6,17084
9,26072
14,21006
8,48938
9,29807
10,25769
9,31182
4,32046
4,39839
11,22544
10,12239
17,10763
12,38440
11,3529
10,43008
7,1593
6,6226
13,13273
8,32293
17,42168
20,11388
5,46625
13,42130
9,30590
14,20421
10,11048
3,4053
9,4412
5,42871
14,45177
12,14454
11,28608
1,39361
12,13763
19,44737
10,44125
11,8358
13,2278
7,47346
6,4687
10,9052
14,12777
11,36955
15,46579
4,46231
13,7709
8,17460
15,21431
19,45159
5,25234
14,21581
17,36080
10,49026
10,19062
16,48774
18,36967
4,47991
2,15276
2,14881
2,12015
13,40666
9,5951
13,11779
15,19900
18,25052
14,25383
16,15422
13,10543
19,12129
20,14749
5,7499
7,15430
5,27957
7,5703
1,4057
6,3158
9,16886
10,3945
2,5830
15,43368
6,8957
8,49808
12,16082
12,18940
13,38513
15,49535
18,11493
3,24893
3,7683
2,5345
4,15572
1,35021
13,7511
18,1996
4,46788
19,41318
20,30717
9,27791
6,11936
15,7320
12,1631
4,32831
16,13041
15,34352
20,46088
7,43578
1,26099
8,40477
19,11636
12,34488
4,30669
19,45775
14,27421
7,35913
15,20093
9,49674
8,37507
16,49671
12,42267
4,10702
1,26008
16,1474
3,33955
20,23484
20,24038
8,40134
18,21869
11,2431
19,47216
14,8647
4,6470
18,18038
11,8207
9,32812
20,2701
5,43951
11,32874
17,15713
12,41498
3,34176
20,12399
11,6089
11,20543
2,33297
11,20185
4,4687
3,30079
1,3247
9,23089
19,5044
15,39415
6,6164
8,28211
3,47914
19,5803
19,29458
10,5785
11,32517
17,27698
1,579
3,35970
3,29437
19,40065
17,10128
14,21435
18,31028
7,25451
10,9487
15,9184
17,23162
4,30405
3,41601
7,37728
16,7065
2,34481
16,22897
8,43728
19,31571
3,4029
15,4865
15,27692
15,3361
1,35865
9,32179
7,39688
6,7659
16,37602
6,40977
16,1107
15,21975
16,34804
3,33145
20,38310
18,31502
1,34202
6,46167
18,36300
5,47864
13,44088
6,3753
14,38458
17,38813
2,46399
5,22189
2,32870
19,31350
18,23265
7,28722
8,40824
14,32021
7,8989
19,38577
17,4814
2,32332
8,17062
15,5566
10,27345
20,146
14,17744
2,30069
13,2088
8,22469
5,34739
19,26683
5,40848
14,44717
3,7582
15,43803
14,4157
20,24767
19,45310
12,6727
17,12550
17,8998
16,38867
13,45390
1,37259
10,34672
20,2557
17,48915
18,23682
14,35422
13,903
5,35527
20,31073
14,30355
18,40241
2,5458
5,13406
10,15966
2,40885
14,36582
18,44566
12,11275
7,40408
19,11744
7,16768
3,26166
19,18044
17,38962
17,30499
17,1045
2,37339
4,6434
8,43362
4,36879
1,26377
10,33354
16,28835
3,44098
15,45124
11,31071
17,2286
7,36027
1,18300
9,693
5,14959
4,28331
1,25785
15,7748
15,44008
20,15069
20,43794
3,1060
5,1023
20,43805
1,49748
13,2203
9,25358
17,34171
17,46069
16,14841
19,30094
1,15645
20,34046
6,10708
1,10749
4,46742
2,15757
3,16017
16,5683
19,30298
6,31911
8,47105
10,10768
13,9334
19,19328
11,5412
6,13626
2,14130
13,39311
11,18441
12,19329
8,36787
16,4800
19,20144
13,3689
19,8227
9,19763
17,5001
1,48903
11,11415
4,5539
20,25904
20,19569
1,26003
13,14024
17,21980
20,29845
16,19568
1,1590
1,28429
11,20273
4,15208
12,15377
8,20220
17,43915
4,12123
6,34227
3,27881
14,34150
10,12246
19,7968
12,15575
11,20586
6,5810
15,17306
11,44207
15,36910
11,12980
20,47795
14,22018
4,48340
18,38098
16,43654
15,23282
2,39272
5,2518
7,41757
10,42377
19,10376
17,6783
5,25807
10,39788
10,43698
20,40771
8,21827
1,21637
19,25596
7,49571
1,48182
18,32693
19,12389
1,44392
17,17418
18,39433
18,42657
16,4158
16,18622
5,6530
11,1643
4,28875
18,24919
11,48840
8,4846
6,30995
19,40537
14,20841
19,12712
12,47835
5,20765
12,42883
16,4295
12,23498
15,36621
18,4336
9,38136
16,41858
13,36690
20,34948
7,26155
10,45765
20,35455
1,153
4,2402
12,44787
9,713
17,40995
2,19438
18,14499
7,27705
6,24953
6,38080
17,28856
15,1841
17,3301
15,11061
7,44424
16,49698
3,1005
15,9510
17,8540
14,34706
1,33350
3,13424
4,17018
17,21022
9,33004
6,46819
16,17023
9,34137
15,49850
1,9193
7,23690
1,40136
2,40694
9,24650
16,31425
1,40315
18,10659
1,49217
4,8218
1,9574
5,3163
3,11620
9,18779
8,6969
9,11590
9,37149
14,15770
18,17115
19,25298
3,33806
4,4468
15,26355
18,28084
4,13700
3,21241
12,47368
11,48682
10,13797
12,33033
19,3262
4,20497
8,31438
19,5999
19,14448
2,20789
7,3253
14,24301
18,35762
18,10216
8,24110
4,26151
13,6298
8,32839
12,13892
14,38677
18,23529
12,33462
8,38602
16,30340
6,41139
4,8365
18,3879
14,41808
5,1096
5,36596
10,40694
19,3563
11,12049
1,3498
12,642
19,19943
16,15697
4,3239
20,28672
5,48503
9,5369
1,10663
19,46513
7,14795
16,10429
15,2532
14,2703
10,32753
20,41482
11,38478
20,36278
18,30565
2,34705
19,7972
2,6419
19,5884
17,9213
18,23367
11,33288
12,13396
7,27930
20,20517
3,39592
13,219
19,7307
6,41769
11,48363
14,42450
16,49700
5,15318
10,6431
10,4785
6,20808
8,1755
7,22745
10,10265
12,20499
2,17892
3,13459
9,20927
10,18075
12,31227
20,37499
15,38774
16,37437
2,16126
14,29058
11,2990
7,2553
20,34778
16,17703
13,22842
20,26750
17,49051
20,45208
6,30983
9,45287
5,481
3,15981
12,36484
8,9127
16,44806
7,33838
6,46929
17,39216
10,34039
9,1555
17,6949
19,32377
1,10167
20,33121
17,4613
15,31603
1,39716
6,6909
8,49763
20,7517
13,49026
14,10955
8,25153
4,41716
19,21131
15,25550
1,29093
17,20753
11,21887
1,44234
12,20185
2,1584
14,13162
6,9680
17,8559
18,36682
4,3452
10,2813
6,32370
3,38857
3,23153
16,48610
15,22714
10,38803
11,25233
8,15162
1,45150
12,7999
10,37945
20,25853
5,43836
11,14980
11,6170
19,16801
10,21965
6,38812
15,8210
8,45632
17,16017
20,34978
7,39121
8,3449
13,39232
11,45161
13,22065
9,5967
1,9374
4,29644
20,5825
9,48150
3,38047
5,35802
7,26584
14,6129
12,3455
11,25197
12,41327
19,12747
2,2331
15,4316
12,44986
6,44728
13,1464
11,19171
1,44892
17,8281
6,5883
1,1228
6,31665
4,40529
13,12510
12,4428
8,29019
13,6426
17,4694
2,16940
9,13302
16,49833
10,4200
14,11528
15,34048
4,22084
16,45829
17,4459
19,37940
16,27815
17,5155
19,8860
7,20630
3,37781
7,25739
10,25411
20,49026
7,25899
8,5352
13,32758
7,8922
12,49191
8,9441
15,48508
18,36457
11,3768
9,16062
7,25483
2,32703
8,40026
5,7544
1,41267
9,46793
8,44648
6,25097
6,13354
1,7836
9,42093
1,39458
19,2078
1,21977
20,6950
9,42437
6,31765
16,25782
3,8333
20,48183
15,7057
19,3169
9,18302
14,23499
8,6252
4,1114
17,6319
17,41148
20,37500
20,28178
10,3985
15,40034
7,43932
16,19645
10,10647
17,36018
9,4801
11,14951
19,13470
17,9130
17,46723
14,4506
20,5818
11,29798
10,15839
17,9047
13,36197
9,13841
9,12820
10,48972
16,42399
4,45392
17,7123
2,36262
1,19729
15,14461
17,39324
9,6477
9,48091
5,8963
13,29072
20,32046
1,2040
16,33671
3,10370
16,25022
7,8214
15,18571
9,17433
20,11139
18,13963
10,24819
14,11124
8,18685
5,35872
11,6709
10,42071
10,41763
8,46901
10,1107
18,26687
10,2603
19,48346
18,45003
1,27309
17,35745
10,33115
20,6505
16,15316
4,18473
11,15036
17,42608
7,9197
18,39915
16,38093
9,49616
16,14448
15,29305
18,48350
5,33089
6,22023
16,31047
2,41947
2,27667
6,44043
14,24214
10,18829
19,27671
18,19355
9,38373
20,20093
12,16663
16,1568
13,5763
16,13349
18,18289
14,671
18,40678
4,36731
12,36915
9,22534
6,26424
18,9332
6,13907
16,36637
18,46996
9,29560
15,19093
16,32860
2,37576
18,27111
17,23358
10,26324
11,12779
5,159
19,23299
3,27352
20,10108
1,37245
17,39124
1,27663
4,25910
5,16502
3,34130
2,11569
15,31960
1,18355
19,6158
9,40137
3,17687
1,3597
11,49354
19,7932
5,7239
8,22598
3,40154
13,34230
3,49791
9,8686
14,45483
8,27359
14,17504
15,45577
1,22736
20,44696
12,32464
18,4708
16,16920
14,42949
15,5074
19,29624
1,1163
16,18964
11,36084
18,20144
20,12264
15,29652
13,26799
6,37961
13,46117
6,27753
6,46411
4,9535
10,32686
6,30286
7,15260
10,41693
14,4180
7,48714
12,14858
14,46175
6,39134
5,26481
2,21781
16,11839
15,7316
15,27530
20,7636
11,1024
17,41908
17,12029
18,38468
14,44810
18,35198
8,6960
19,34631
20,41174
20,47656
15,40060
4,30091
16,24092
1,40251
4,4591
12,22750
1,13175
19,12266
4,35457
7,48698
14,17050
19,48082
17,49005
19,42868
15,42543
12,45808
14,43659
18,7896
1,22821
14,21997
11,11158
15,32212
4,45774
7,45672
16,22005
12,24059
5,2925
16,44056
17,1864
5,20331
9,27132
5,46604
6,48346
16,36125
5,13154
15,15648
18,47333
1,15784
1,9963
4,30943
6,48959
18,42470
8,6634
4,2739
19,2548
5,36562
7,25168
20,23318
1,31841
20,19560
12,45330
17,47973
3,12410
20,14567
14,35508
2,32860
10,36252
7,40396
15,45678
11,41189
1,42201
10,6954
13,16806
11,33550
12,8058
20,44853
19,40078
12,20796
19,17871
10,41939
6,11992
7,46621
3,19958
20,12145
5,45912
15,32221
19,48550
1,34739
15,21776
20,2782
16,11492
16,13202
2,2681
14,27459
18,48499
14,34829
15,4770
11,6965
18,26475
5,16293
11,17983
1,42717
7,25712
1,15040
14,43601
6,16748
16,45844
11,31959
15,7633
7,44940
16,3351
5,20252
16,14168
11,33153
1,38142
12,14386
6,6491
8,40403
3,13358
18,40326
1,28940
15,24605
14,9610
17,31501
8,15122
1,37830
20,45156
11,13685
5,6628
8,1879
9,25550
12,49305
4,9906
18,29213
17,13752
5,41899
16,40851
17,35628
15,40818
18,3953
6,42884
8,21753
13,9936
8,46523
2,15510
10,9757
6,32167
10,39437
8,47138
19,2740
2,14147
5,36890
3,31221
6,11414
14,23424
3,34769
11,8699
17,4865
13,1892
7,43132
6,10530
5,32879
1,35699
12,20967
12,33548
12,40693
1,7066
16,40949
6,25562
4,38610
17,27125
8,21409
5,42339
2,7186
9,14832
19,28303
6,33633
1,15811
14,33385
17,48489
18,13927
14,1434
13,22596
19,3825
17,648
12,10475
17,6740
3,18381
8,4612
6,35517
17,20239
17,22063
6,46623
13,35336
17,40898
7,272
16,45917
15,32523
12,6007
5,13656
6,43054
6,9955
19,26655
4,43202
20,30141
1,18845
5,30463
2,9366
2,49444
9,3598
13,17115
16,14758
12,16039
7,4095
13,19900
8,36996
7,13603
10,8102
2,11968
3,28103
2,40923
16,48575
8,13622
16,49224
18,39432
5,40212
14,35272
4,12348
6,15752
18,31037
13,1166
19,13211
9,16020
8,10740
10,42222
8,36558
15,45608
19,44295
1,32875
13,27893
14,27959
7,488
18,6846
18,23585
10,33373
5,19017
15,1691
8,38336
9,22444
16,49263
19,29954
17,12109
8,9234
17,14342
4,19189
14,34508
9,9758
12,12829
1,36192
11,16754
19,18574
10,6073
7,38228
3,29639
10,19441
17,2787
11,21576
11,26013
12,43277
16,9267
17,13690
16,9870
20,23625
12,9190
2,40542
12,33487
20,22613
8,32301
20,20376
12,2969
17,20520
6,32429
15,15128
1,9122
11,40103
19,36915
13,38141
13,13394
3,39378
19,15810
8,31877
7,31045
8,49481
11,12903
11,38946
17,40142
13,9074
8,14766
1,48058
12,5771
16,15578
6,34957
12,10206
14,43706
1,49384
7,26002
12,29637
6,49373
11,35709
7,23420
18,39554
10,2033
12,34243
18,36696
3,3975
17,24739
11,7067
5,22316
14,49470
15,48462
2,18562
19,30184
11,21234
8,43303
18,42337
3,10971
9,26293
16,8567
17,44240
3,23063
12,26285
9,49063
20,2533
14,24592
2,7788
5,15207
20,40745
10,25458
3,39358
15,14232
10,4494
5,48732
2,24192
7,44686
17,2298
11,14739
10,28405
17,40060
16,18706
7,42998
6,24341
14,37685
10,14199
13,48000
3,2260
14,17228
6,8928
5,47702
2,36298
16,43569
13,49495
3,37819
6,12189
14,35388
2,42832
12,40807
9,3402
9,40887
13,10973
1,19838
1,36786
9,24669
6,47561
3,15288
6,47662
4,29098
16,12163
3,13413
4,21157
17,2873
11,3267
12,35206
19,2667
20,24207
11,39948
12,45707
19,34343
7,10356
17,40161
5,39283
7,23508
14,18243
7,32547
11,17763
13,20469
6,36913
17,3984
15,47161
2,42061
10,1578
6,30723
20,25795
1,43177
20,22075
3,23794
10,22601
20,49871
20,27836
17,14501
14,46328
9,34111
6,46387
20,15503
6,14396
3,49104
13,40802
12,37741
3,48174
15,4558
2,12561
14,10251
12,9746
10,11454
7,11617
14,30380
13,43066
2,36671
16,4317
15,36051
14,28092
3,26503
16,11647
20,6595
13,25104
18,20411
4,15706
9,47376
15,29318
8,16060
5,48353
15,9106
14,15289
10,44803
18,4755
18,11194
6,3794
19,36444
13,8843
18,10206
7,11815
2,9401
10,14733
10,6193
17,49892
16,39696
4,8094
7,25885
5,10732
19,21742
6,22716
19,11522
7,20860
12,1127
13,33818
18,25424
11,27117
9,2051
11,20940
12,13917
5,39394
11,21123
16,1458
18,31549
15,12285
6,1784
4,26036
5,1667
9,11129
6,10498
4,28383
10,16670
7,30456
9,3380
8,32763
13,30285
20,45314
4,40801
3,5459
8,17308
19,28240
1,2607
17,9190
8,33621
4,10317
4,1869
9,2574
19,44921
15,3833
13,18974
1,15668
19,35802
10,18083
14,33455
11,10063
11,33520
5,38547
19,48804
17,34262
9,14848
4,11523
19,46061
17,10231
5,6653
12,6351
20,26785
2,28338
2,16979
16,28824
16,46959
11,29731
20,19760
20,47177
5,44236
16,28047
7,14855
11,2578
2,37975
4,27147
3,12573
13,47222
2,10349
12,8764
18,29695
1,8247
18,41929
20,32279
20,25155
14,9087
8,48876
1,6451
6,38684
6,45167
15,23526
12,12426
6,33077
1,26989
3,22110
19,47852
1,21927
8,3520
2,37023
3,47937
2,19177
8,32150
14,7885
8,40344
14,25833
9,41923
4,40410
15,43314
6,19271
2,24608
6,47478
7,12718
11,14825
6,21807
20,35416
12,11945
16,21975
2,4726
7,40574
18,22309
18,10333
13,49940
7,13553
7,40560
6,38592
18,18968
8,48433
15,41684
16,37706
13,3970
11,41945
11,46608
10,11902
15,31864
12,34564
7,32254
9,1525
15,17493
20,13829
6,4103
9,28242
19,18329
20,29391
1,40218
11,8273
7,9770
10,37403
5,25794
7,12902
11,45760
1,26689
7,388
10,12735
19,3756
20,3634
18,9515
13,35712
19,13907
17,32762
5,32974
1,25813
2,3953
1,23731
7,24123
5,43579
20,34255
5,45588
6,1938
4,9426
9,33665
17,16691
4,32311
10,20011
10,47423
10,5368
6,16497
18,17798
17,35841
1,41409
12,18887
15,3251
7,42371
5,17066
3,32656
3,41156
11,32677
9,16530
11,12712
3,32554
13,9173
9,26249
1,9328
15,36508
2,16894
19,17773
18,39177
16,43111
15,7284
12,20815
12,37413
14,9531
10,21879
1,2490
20,20612
10,31090
17,8891
8,40579
7,47884
3,19541
19,42192
14,33325
4,8174
19,12784
13,37342
11,37919
7,34749
7,32550
20,6055
4,21732
9,12140
9,34917
3,31246
15,28764
12,8641
14,15112
16,43640
9,15849
15,13636
10,22867
14,38440
18,17636
2,34119
19,29462
5,181
2,47742
6,16593
9,31593
13,28393
14,45774
7,32674
9,1271
2,23084
3,44715
15,9057
17,14049
5,21191
8,30298
11,6824
11,23635
1,28368
1,35174
18,6412
2,49824
17,28510
16,38634
20,24894
1,41734
14,19727
7,32766
8,46092
18,37220
19,41651
1,5965
16,8551
15,39822
17,25542
13,46699
7,16859
13,38135
17,11459
16,14251
4,37195
14,3641
5,23764
6,28531
18,2136
10,25732
2,5635
1,43413
5,2295
3,30095
6,9568
15,32612
17,1501
11,42988
19,37435
2,30151
4,16923
2,10116
19,17120
15,43477
15,7894
6,30615
17,6211
1,16868
7,37902
8,35901
4,38151
4,20176
18,48331
9,45273
19,18951
5,42651
9,792
17,22888
1,44107
10,9356
9,29864
18,38465
1,45159
3,10216
7,25328
4,8688
4,9189
6,26623
11,17385
13,18293
15,19319
3,3868
2,5862
16,37509
18,42157
4,3861
20,38605
13,18602
19,48442
11,44462
5,34531
3,7001
1,21278
13,14510
6,34640
3,24203
16,41815
17,18637
15,25048
3,22341
14,24794
3,36529
13,24440
1,30003
7,37342
8,11078
11,1452
9,47115
17,44417
15,43728
1,6637
10,37505
18,20965
6,18694
15,17482
2,43380
19,610
10,24639
16,17766
10,10920
5,36428
16,29304
13,30965
1,20599
19,35619
19,26264
9,2800
3,4802
13,33359
20,46206
7,29152
14,24970
9,32092
20,33840
2,37402
10,19291
1,5095
7,39297
2,5339
16,37302
19,37837
2,22629
20,6412
17,45231
18,24692
19,41147
5,40351
4,24078
8,35774
4,11024
18,35718
2,23303
8,42032
8,7439
14,18726
2,31473
11,27578
4,5199
3,24462
19,6151
12,4368
16,1022
17,14521
10,46335
16,40024
8,32235
12,21553
7,10228
6,34623
5,25138
8,862
9,29508
11,49076
17,1194
12,12114
4,31819
10,22707
6,23970
17,6840
13,35967
17,22146
20,1233
6,16329
11,31408
20,4520
10,9737
16,38856
8,26714
7,24067
14,33488
10,22398
12,21931
4,29305
14,38053
3,33240
19,33652
17,2640
15,40178
9,18325
11,15548
8,23752
9,39478
1,26874
2,31953
10,40222
7,43247
20,36783
11,35592
10,38618
2,33232
18,17658
5,28850
1,30237
16,43481
4,44504
11,46698
13,41659
20,5797
1,29207
2,27825
16,37207
14,43007
19,19717
19,41951
3,18204
18,11775
13,20699
17,4483
9,27950
6,44373
12,8683
6,27753
4,23172
14,27533
8,32982
4,32637
13,13411
12,47198
7,34096
11,19746
3,21299
8,9850
14,5013
11,3542
17,6104
10,7741
9,36873
1,32515
8,18412
3,4897
15,39547
3,38922
10,34666
15,39211
8,49577
17,35289
10,14196
20,10112
16,35726
17,37979
7,5207
11,26874
18,37728
12,20819
13,21864
3,25860
8,36315
14,4547
18,3765
9,42869
20,49987
12,21705
7,2125
20,15551
1,38947
6,15393
13,47176
19,47951
5,49025
19,31208
17,38935
11,41583
19,11024
16,483
14,34956
13,38963
2,3771
13,196
16,21168
8,1988
2,29830
19,34543
13,21892
11,25257
20,29985
13,1475
19,35527
8,29574
13,17370
9,38372
3,4545
8,14756
20,32699
1,11157
9,11113
5,27714
4,27785
6,15467
5,21077
1,22880
5,46528
13,45591
6,32603
15,45774
20,42045
18,3004
1,13311
17,9846
6,14552
19,15648
18,9705
15,27362
18,47547
19,40616
8,29868
3,30906
2,29597
19,10815
7,15731
13,15303
2,5045
1,29100
4,7012
5,46886
16,47415
17,34303
5,31416
15,29828
8,26693
3,19062
6,9802
13,888
3,28997
1,17951
12,40063
14,29628
1,43182
16,14723
13,30305
3,22891
2,38134
17,40061
2,39219
7,48613
4,37740
16,41880
9,31056
14,15332
11,43113
11,34945
18,6045
1,44792
2,35213
6,3624
17,2586
3,42423
4,41005
6,23933
12,44236
19,28679
15,48679
9,40731
14,35393
14,36845
14,15211
6,29789
9,5308
3,49799
10,38810
20,39501
16,32233
14,33309
3,29334
7,11284
17,7898
13,20961
18,31652
20,20769
5,16227
4,48156
7,15654
16,18838
16,3296
8,13585
16,29596
9,5274
2,28355
15,6700
1,47237
15,39721
10,9090
7,44915
11,41023
18,12870
12,23529
1,15620
8,28165
12,39010
20,6926
12,1911
17,3552
13,24921
14,16568
3,8346
3,14159
11,12311
4,12314
12,14523
5,18778
20,47305
12,2270
6,47515
19,41692
8,45351
3,18943
18,49124
1,44330
13,29967
5,1048
4,9395
5,37548
12,22701
3,36608
14,24356
18,28900
18,47866
6,14673
13,653
7,48437
17,8937
3,32525
1,46713
17,1572
12,22795
9,37535
17,18700
7,28392
2,29947
13,9065
14,43413
10,24194
14,47625
15,20556
11,14103
4,35365
8,9290
4,21596
14,35423
12,9888
12,4346
11,12934
17,30143
2,36411
6,2394
14,27088
18,39484
6,9065
11,35212
3,37587
1,30813
15,40806
7,15970
6,13904
5,44339
15,10632
13,49946
2,34385
20,5966
2,12370
8,5933
16,27815
8,25373
11,43457
14,38778
15,48759
8,16040
19,40490
3,172
16,7959
15,1456
11,31977
1,3323
3,22410
20,48097
7,34074
3,48747
7,24467
9,17853
18,13202
20,39479
1,31503
14,42033
16,42803
18,30633
14,16566
1,25790
13,19254
3,47329
13,18764
11,25910
4,16703
17,48402
10,21900
6,7146
18,13285
20,37258
10,11837
1,17099
8,27597
18,10313
16,41075
15,7147
20,22213
9,36209
3,47885
17,36997
6,11009
4,36134
18,17387
11,42338
13,28741
2,4000
8,5727
17,35011
10,18034
6,30585
7,42451
17,1091
17,19637
20,44031
20,17839
19,6727
2,44446
17,33297
9,10994
14,4065
9,45370
5,30854
14,45228
14,17226
12,23536
11,33871
11,34060
20,34768
9,27881
9,42415
14,24309
8,29073
5,33145
2,46668
11,7444
2,31189
9,18106
2,46770
20,8554
8,17988
17,42838
8,5756
9,31149
6,38266
4,28435
10,8887
7,16102
16,48402
17,38008
8,17138
7,24731
20,15859
11,1250
2,34762
11,24573
2,36268
8,41068
20,19299
14,33238
1,9653
17,24968
1,48172
15,36517
17,34128
16,3811
9,23938
11,7965
11,40844
4,27201
16,6427
5,21017
19,7364
5,31025
15,7955
7,8065
13,11032
13,15261
19,12397
1,48787
18,23469
7,14584
18,30058
8,41140
3,19032
16,8790
8,30858
16,38243
10,31158
14,36784
18,22590
18,2651
13,3799
19,23060
7,27196
15,23899
1,33986
2,13216
6,13015
15,3979
14,47060
7,39535
20,5035
5,3304
3,33611
17,18515
8,15911
20,31552
6,44580
6,12721
6,29398
10,48603
18,27870
14,16320
19,48017
15,32799
17,35105
12,6331
7,15215
10,23339
4,8451
14,11255
4,28664
4,34578
10,22579
20,40075
15,44628
15,39986
9,31567
16,26064
11,28812
3,22039
1,38866
19,8098
5,18278
9,43020
17,9532
19,40230
6,47198
19,46337
15,47630
8,47793
11,24423
4,35657
20,9117
3,45395
1,9094
8,44456
1,47669
6,9825
11,5916
12,26654
16,23346
8,12891
10,35861
15,47511
17,45201
11,4857
16,3691
9,6608
3,8125
19,12811
3,42184
19,17080
1,13335
2,27100
16,45599
20,8732
18,22353
1,3495
20,35675
8,7837
8,7906
3,8776
15,22262
11,19731
14,8038
20,22209
14,44447
12,45771
20,5167
1,39746
16,34279
1,17475
7,22073
15,45215
4,45462
8,44103
8,25935
4,3271
6,664
11,49698
15,45525
8,46574
14,36327
19,49243
1,6219
18,3778
17,48137
6,13755
11,9588
3,18010
12,27013
2,7124
13,3356
14,4683
13,27153
12,8305
9,30680
6,23595
5,37851
9,22382
6,42781
2,43888
6,44841
7,37476
20,14298
6,31652
9,49746
2,25304
2,38266
19,29047
16,38457
2,37618
6,42858
19,34007
19,27444
9,20796
16,8448
8,17672
13,44709
9,32561
3,32436
19,23580
13,46138
4,34905
16,1302
19,8823
16,7056
17,41474
13,5972
14,40421
14,34814
20,13903
4,17600
2,42453
15,36761
9,11784
20,31797
12,40153
4,31415
11,40659
15,47424
4,14044
2,14104
3,19640
3,21130
12,20280
3,10333
17,45927
7,7000
17,34445
7,1994
8,10888
14,9356
4,41719
6,2215
4,37685
3,5520
11,1093
7,8629
18,511
7,11025
18,13430
7,44338
4,15414
17,30415
4,38596
19,26419
11,15468
10,6764
6,47507
5,23525
14,42885
1,24026
5,1939
14,11960
17,30792
15,18008
2,3708
7,13660
11,5834
18,3315
20,2032
15,43144
7,48475
11,48887
19,15813
12,17511
16,25158
9,39307
16,49427
13,49337
1,34437
16,21041
5,11897
8,35830
2,323
12,10342
6,5441
11,42268
11,27572
10,17548
19,22403
12,38546
20,22653
13,41540
15,11058
10,26988
9,664
16,31863
7,23325
11,41813
13,26634
7,13189
18,20121
20,41449
19,3696
4,39198
15,6086
1,21014
3,29280
12,46999
3,37132
17,17464
5,5431
13,42919
12,4476
3,34582
20,11673
18,24655
7,43586
13,46631
17,49877
16,4226
12,683
4,46908
7,46939
12,42764
3,43655
17,36316
20,39060
7,35061
1,32754
2,8753
16,33572
14,19037
9,14471
20,4966
17,31713
15,36152
17,44853
5,39325
17,26981
16,40774
8,23217
2,29868
17,30290
14,4135
15,18889
8,29020
3,32006
14,29597
7,26741
1,11836
19,25846
16,35054
3,35696
5,28532
8,43776
4,41833
8,48907
18,4442
18,32756
3,16051
15,9612
9,35714
17,7775
14,12394
4,3628
3,5876
17,33320
9,27062
5,27804
2,14251
20,37355
8,46463
8,37900
17,13245
2,43571
16,38173
1,24038
1,16280
11,17057
20,43073
15,18217
12,48358
6,40831
11,47717
4,9478
16,46715
2,33979
17,16831
9,41058
3,17080
12,8234
19,16130
7,40362
2,27852
17,3135
7,38391
18,21983
3,32261
11,15668
6,35518
12,16274
15,37968
13,5173
9,8784
16,25398
2,25438
7,36272
2,41341
4,46670
17,30464
9,24230
2,32964
20,40825
18,19349
4,29074
15,31989
6,45611
20,41187
15,25577
14,11946
16,1127
11,4990
4,47335
17,46865
14,917
17,27643
14,20583
12,6455
3,36253
12,3012
14,34953
1,10341
8,8609
6,44403
9,14650
4,38538
18,6480
9,39297
16,23744
1,20869
19,35934
4,15405
9,19928
9,41918
9,31399
8,1211
9,31002
13,15410
10,39198
10,13280
20,1951
3,20685
11,43985
11,7258
9,19535
20,26945
10,44569
7,35749
11,49635
11,44692
16,9600
13,44537
7,17772
7,41009
6,5669
17,17195
15,17181
6,36058
13,40992
17,21692
5,49886
9,33639
15,26348
9,29420
12,35132
7,46988
18,49869
13,21666
13,9461
1,22122
2,30616
9,15412
12,11908
20,31858
4,38706
4,1145
10,3799
17,42171
1,47735
11,500
12,37446
3,44291
2,148
4,46814
14,31834
4,22481
2,8755
8,4210
5,41296
18,1916
5,25519
9,26519
4,30759
10,21128
11,9934
19,29307
9,36351
9,13780
12,44266
7,44502
3,14344
18,33389
3,48745
7,45681
15,11220
17,30063
13,25014
19,15274
20,19787
2,11156
17,21538
18,41395
4,18696
8,47895
17,777
4,2322
20,46777
12,29018
4,35260
2,46929
4,1841
14,44145
15,47713
13,45656
15,25553
4,29884
17,5547
3,44616
7,2675
15,29281
18,15480
19,25251
13,45925
6,29924
3,5756
16,40316
20,13808
4,24402
14,20058
5,33491
12,33621
15,46360
8,38773
13,37538
3,37661
6,4600
18,5037
5,4441
11,34926
5,34244
6,390
15,23432
16,536
18,14541
5,41083
18,21677
7,6534
8,42588
8,2148
3,20001
18,20951
15,45105
13,47689
15,5528
5,23532
11,44545
5,36009
7,39010
18,23449
15,46052
20,40783
12,4955
14,33646
17,25081
13,16682
4,2632
9,43235
4,14819
14,45960
19,15854
13,11207
12,10112
13,43513
10,47523
10,21324
13,318
14,37155
8,23114
17,18421
17,26164
15,7808
16,3648
13,14367
17,33856
15,26647
3,2218
9,44125
20,31527
2,23978
8,12284
3,14371
19,19249
20,49241
10,32998
1,22970
9,37481
2,25247
16,41142
17,41219
8,48948
20,12497
12,45660
9,536
6,10228
18,34922
2,7812
3,31952
5,34827
17,26217
17,49798
20,696
6,38686
12,30525
17,41020
20,40786
17,20330
9,36219
8,4820
3,46296
6,8336
6,39613
8,28063
20,35356
11,31848
10,6152
15,47945
12,20942
1,32303
2,33928
1,36823
12,44724
19,9796
7,14028
15,3605
12,21971
3,42539
15,14858
17,8196
5,43912
19,2435
18,1206
13,41956
13,8263
18,9538
16,802
14,15504
19,36848
19,30219
11,11213
19,47485
12,43086
5,31912
20,15512
8,34949
10,47646
6,3806
3,9542
16,32351
9,12340
3,3626
13,32236
9,14894
13,12972
17,16905
15,25838
11,19353
1,21757
1,17997
1,19330
18,42188
11,26334
20,5032
5,45700
9,29266
5,22744
9,449
18,15030
14,18073
9,30047
4,6911
3,29633
17,31754
18,15007
13,38236
6,46498
18,168
4,34286
14,29043
17,37428
2,18044
11,49476
13,24251
18,26507
10,19867
1,14650
12,33782
2,699
7,11236
20,13542
6,33023
5,25079
11,46227
2,13573
3,41109
13,9471
1,8619
10,28202
6,38352
5,37990
11,21227
1,49382
17,40423
18,23389
3,11847
1,35417
6,19910
16,25385
3,12596
17,29131
17,39463
20,35462
2,36109
14,17739
16,43642
3,28483
7,48043
17,46660
13,19932
4,25304
3,32463
11,49387
6,40423
20,3356
18,39134
20,10221
12,34097
3,496
19,22832
10,44358
19,48531
2,23640
6,46154
17,37777
15,10539
15,18892
20,43170
12,22694
14,10532
4,16811
1,26989
2,46639
14,36660
7,16200
19,30646
4,9230
20,24886
5,27666
5,1231
4,47229
11,40185
2,11533
19,19459
7,27189
11,27926
11,7769
9,43335
7,10193
1,26369
3,10607
14,43141
14,49487
4,19706
10,36372
3,36873
18,4140
5,3699
8,6658
8,46054
3,19007
1,24962
13,8663
4,4398
16,47545
4,31442
18,29780
13,8757
7,8002
3,20082
3,30966
17,44952
17,41935
5,42973
10,32565
2,10252
18,10329
18,45338
13,719
4,9311
15,11485
6,46147
8,716
2,23997
7,44397
1,6916
2,14481
2,43026
16,27076
14,27604
17,15843
9,17629
13,43870
4,22795
11,35706
17,33740
17,32075
12,9974
12,3651
9,43339
7,18990
16,8771
1,11379
18,19629
4,25301
7,12892
2,11354
17,35564
2,35570
4,22488
5,9184
7,13355
10,28800
14,7994
15,23335
4,4271
10,30969
6,30296
12,31070
10,28217
10,47547
4,12168
12,40831
7,39946
20,22523
9,42379
7,31694
11,19027
5,13482
12,26813
6,14777
19,4626
6,33781
12,1392
7,18790
13,485
11,26608
7,19450
8,46407
14,29007
20,11405
13,15080
2,24006
9,42151
19,10993
16,19111
19,48625
4,27913
10,10929
1,25771
2,8496
14,23123
2,20717
17,28202
2,39927
15,28889
1,49305
14,15691
19,46790
11,25748
13,27907
17,35703
7,3919
8,47495
3,32612
11,5302
5,3872
17,30451
7,22880
9,29179
3,34539
17,43012
4,24253
12,3516
12,8069
15,24940
8,14597
11,32388
17,10995
18,8154
11,14751
8,20204
20,7917
7,25642
8,29090
18,23948
17,16825
2,44242
14,25730
18,31814
17,32909
1,28812
4,15195
20,28292
11,1778
5,17026
7,4263
7,5864
14,29618
18,48105
12,15164
8,35733
19,47663
10,36491
12,13609
11,3144
18,7177
13,34321
7,26743
1,34454
11,19174
19,46880
4,35107
18,41897
5,24687
7,16910
9,38421
2,12725
9,30302
1,28645
1,791
2,21283
1,20490
15,16658
6,37322
8,40637
10,19099
14,46330
7,22636
16,25758
15,12865
18,32268
3,38474
20,24954
15,38347
9,34911
5,2540
1,27696
19,866
2,17218
10,32573
13,17445
14,9036
9,17759
18,2502
3,19430
10,39513
12,10435
18,45034
6,7667
4,38540
12,36021
6,7513
20,3738
20,7396
9,36170
13,24592
17,9605
19,32077
4,34503
12,18244
19,16740
1,33369
6,22332
4,2350
20,12947
16,40130
11,5505
7,28638
1,4375
1,9384
9,1134
2,12870
18,32070
17,42255
7,4473
15,31472
17,5303
8,47983
4,26530
19,18728
18,49217
2,6540
9,48237
3,32727
6,14482
17,26195
3,39196
12,12636
18,26631
18,7324
1,21106
3,20673
12,10509
9,12955
8,20786
2,28192
13,30462
4,10622
7,6422
17,12045
6,45891
6,5262
1,44512
18,13389
19,26085
16,39794
20,8234
2,10408
14,45342
14,10287
20,40993
20,18775
2,37912
14,6037
17,48116
6,35626
19,21152
15,18621
19,16379
6,37230
19,16261
17,27306
17,16965
13,47058
8,16522
15,39674
2,11931
9,20206
16,30062
5,31965
19,46987
18,31274
4,42309
4,18857
7,21550
7,47808
19,22073
13,6867
12,17005
14,2720
14,31192
6,9618
5,40514
20,29659
8,43750
1,45765
4,24012
12,47874
20,4649
6,45491
15,26461
13,6741
9,38691
11,7713
14,39626
6,30171
11,16768
12,17236
17,1268
14,39471
14,20071
17,48881
13,47724
17,13785
17,12959
5,21397
10,21373
5,43776
18,39480
4,20830
12,45966
17,26224
16,15450
17,11811
10,42275
1,1937
13,31624
20,10331
5,21175
6,18474
2,25032
14,15679
4,10189
4,35621
10,38541
2,17671
10,18812
17,46389
12,33704
6,30447
8,41278
13,10321
19,48802
18,11982
8,1506
19,40454
19,11029
19,5930
2,25894
17,27588
16,33614
1,13516
9,8074
20,22251
16,7502
14,10225
16,12417
19,13679
9,8245
5,3647
9,44208
18,5453
5,23786
5,26030
3,15073
15,19425
18,37861
10,43012
11,29784
16,22462
17,29319
5,6500
12,637
11,13948
4,6692
1,26477
6,30397
15,48080
9,32528
8,33065
9,2804
4,31915
13,36365
3,43752
4,19797
17,46735
17,15838
9,3388
9,31447
13,33463
11,48946
13,45662
13,45560
5,33307
5,24577
6,27514
15,18934
18,9443
8,34408
5,18546
10,39986
5,19484
19,27957
17,28200
1,23617
16,10762
13,36007
14,9188
5,49360
2,10203
18,6753
10,35614
6,49304
2,49636
15,16089
12,35351
14,17213
11,34900
11,46448
18,36595
14,18722
8,10181
5,11240
14,2805
3,34119
13,16088
18,21772
20,34326
10,36608
7,24193
8,4254
7,2174
6,37931
20,10114
3,27237
5,10855
7,33304
15,27683
15,40378
15,2649
13,25395
13,13877
11,44205
13,15709
8,25163
2,10876
9,25067
20,15914
14,49286
10,48144
8,20125
6,25494
19,25611
9,19809
6,3003
10,12426
14,18662
14,2489
20,30606
5,43105
7,18914
4,3657
7,7372
5,17781
18,47237
15,13909
7,20563
20,730
20,8921
4,23046
9,1955
15,37037
9,27489
2,44884
8,36746
20,38490
1,23377
16,7449
12,34241
2,34056
2,32720
17,47043
9,1586
10,32911
9,11664
5,34464
6,14776
15,46031
17,9741
9,46699
16,38270
9,41068
14,28789
14,28160
17,38290
15,13741
13,26881
1,48057
11,39401
16,46020
3,31745
15,15121
6,28287
2,34259
20,4513
7,27456
1,48585
13,46172
18,17683
19,19470
18,45225
18,4987
8,12430
14,7608
16,27491
12,3893
19,13153
18,16855
9,34414
12,27184
6,43909
11,25203
13,21959
15,24367
16,44480
12,45563
8,490
20,11568
16,25606
3,23617
1,36374
14,40162
2,2117
1,3729
7,37044
1,30463
4,4200
7,38273
12,20150
5,42508
19,26382
8,42279
18,37617
15,44430
1,32429
15,19137
6,37688
18,21079
14,35156
7,4080
16,23142
5,30207
17,3368
17,18569
6,39640
16,17615
9,34759
7,23512
7,43602
4,43491
6,12786
3,22772
5,25216
7,39463
16,15551
3,2874
17,47164
16,30097
8,38810
10,10710
14,43295
14,46996
4,11307
18,46064
10,47466
20,31963
10,38875
4,13845
5,25788
3,32489
13,13683
17,25424
17,19617
14,30660
10,15464
3,38153
13,13483
18,48964
3,34043
10,21052
3,7889
8,41220
9,48087
1,34539
7,29365
6,18236
12,26155
9,2829
14,1834
4,35935
20,42648
11,12957
11,8970
18,17304
4,43827
13,3311
11,46142
17,22595
14,31965
16,34537
3,2621
12,40061
3,8458
11,7241
20,8846
18,17938
6,44723
4,16008
8,41612
12,41351
20,17876
6,11397
7,48451
13,20289
19,11197
7,41143
13,7610
1,22878
11,47909
20,19258
11,48932
19,463
16,27181
11,36118
2,46590
13,7886
15,20805
6,38892
1,32953
8,36242
12,35340
6,3854
8,1814
1,20412
16,34307
10,41801
16,5036
8,22744
14,779
1,1048
8,28614
6,6928
11,25499
4,23509
11,1781
9,42823
7,47152
1,24477
8,47388
20,16894
12,24138
17,33716
9,11846
3,35276
12,2003
19,44060
5,13687
9,5572
4,5765
13,14733
7,25582
8,3541
1,44866
12,15279
13,14643
7,21809
10,1498
2,22042
1,27477
10,337
11,31781
17,44835
2,29533
2,26290
13,23128
15,46352
18,44930
9,28403
12,39033
14,19064
4,30413
19,4546
5,23103
10,5081
5,44240
11,32953
12,15909
3,12660
7,22141
4,31149
9,14495
11,30619
2,26260
7,20237
2,21361
13,10277
19,49414
6,12983
15,12790
2,28678
5,34491
19,38505
4,38235
17,3572
13,4635
2,10945
8,15646
6,32614
9,5807
3,37504
9,36081
2,11794
9,36223
13,47011
10,36039
16,21440
9,16942
16,41160
17,41714
4,14025
6,48700
3,35389
10,44759
10,44547
17,12367
2,33592
10,31850
8,4837
8,12689
8,24961
9,38678
1,5278
9,22060
18,3629
6,48463
17,27834
11,3266
11,4088
19,35941
11,28796
15,18451
20,23157
9,5009
9,22383
4,26626
19,39796
18,4205
18,11915
4,33489
12,17235
14,44677
4,26313
1,48869
20,10450
5,42901
16,44507
8,30048
9,39825
1,5084
15,4772
14,7177
15,39665
15,37381
15,40150
12,15163
19,30732
11,22058
7,4787
2,9303
5,39007
19,15069
15,47277
1,25492
1,41092
8,39094
3,6777
4,27324
6,2068
2,21179
4,4634
11,24057
19,7821
3,10279
10,32996
12,17391
9,7865
20,756
5,12758
15,32227
4,8305
8,26883
10,36320
11,36724
14,39195
3,6895
17,875
6,49070
1,45062
17,11870
5,26990
1,36095
3,25290
18,9019
16,49910
1,3835
11,46607
18,40217
3,16587
18,35903
9,38846
14,35462
7,13461
10,47238
2,19050
14,1510
12,47109
3,16604
9,38478
1,25268
9,29752
5,37608
20,29307
6,3604
5,34793
8,37878
16,40650
2,48905
8,30864
4,32247
18,6025
8,41027
1,18083
17,27158
9,12486
7,31258
13,47054
20,5689
7,3954
19,31272
17,1840
5,12140
20,48518
13,49586
20,47589
15,28366
4,16867
8,48722
9,46470
12,22777
15,22287
13,33861
19,43870
2,21592
12,21706
16,8739
16,8606
15,9520
4,6073
15,33401
12,11204
17,13258
2,37562
3,32389
13,20083
12,43518
6,14705
14,17868
9,22190
13,2918
9,46437
12,39835
16,30441
7,17696
4,49051
17,1783
13,21530
7,43625
19,13376
20,5732
5,41625
2,48923
10,42289
20,27073
1,21859
17,43851
19,14401
5,31200
5,42755
7,18645
4,7231
12,7677
2,19914
1,16661
6,754
5,10938
10,4704
9,43250
18,32464
20,32884
20,36379
9,18032
18,32455
4,18059
16,41870
18,48812
14,25620
2,34677
18,47488
2,7222
1,7051
18,29721
18,21995
1,49119
20,33685
20,3232
12,35672
18,41964
11,49028
20,40607
9,42362
10,39004
1,43553
7,9269
16,43092
19,20426
11,13777
14,23510
13,13828
13,41538
8,5258
5,19475
4,5575
17,39887
6,17033
9,15360
2,47916
2,23070
8,29240
9,7029
8,21060
19,18043
12,8570
5,39464
12,28555
18,17925
2,32697
3,38861
11,21155
1,45620
10,18836
15,21374
4,7526
13,16750
7,39071
5,22401
17,3824
8,34541
7,31797
10,6703
8,8753
10,47147
14,22310
5,41448
16,39778
2,31247
16,33445
10,460
18,34830
8,37781
9,14517
11,22916
9,31964
13,31903
15,16308
1,27567
15,46799
16,5030
9,8951
19,49344
2,742
7,49764
19,516
11,42290
10,10203
13,27149
14,41683
12,31056
8,16785
19,25464
18,39402
14,29585
2,6990
16,37151
16,18897
9,38088
19,6438
1,19635
6,13724
15,15313
2,28580
6,44195
17,48542
4,43345
7,48062
20,3761
2,4345
8,780
4,26644
18,2453
13,19673
5,25007
5,18534
19,40275
9,2515
17,37304
20,29438
18,11517
19,24593
1,14777
12,36174
15,18252
4,48392
1,41402
17,38045
17,29097
5,19973
1,49651
4,39625
7,38661
15,12196
3,46982
2,45048
20,25308
19,39571
16,14920
13,37444
4,27294
5,9576
6,9877
15,22335
8,13586
17,27720
16,24582
10,2955
13,36553
12,38011
2,24705
1,1964
19,10190
16,28133
19,37699
9,36079
8,49779
18,21912
17,27217
4,17886
15,22685
3,16543
15,35285
11,418
11,18148
8,40010
17,12922
3,14792
6,12151
1,13515
6,13912
19,10100
6,30792
13,19325
4,17969
2,26301
5,18614
16,45138
2,42978
12,47981
18,4432
16,20960
17,27214
2,46536
13,3173
12,21585
8,39862
9,14817
14,48457
2,27615
7,25642
9,28904
17,46976
13,11866
7,36217
6,20484
6,12549
18,617
18,10931
16,4305
12,11220
17,11885
8,11901
15,10940
5,30270
8,19229
10,33414
2,7517
19,16202
2,40271
9,23798
7,31033
12,22210
9,30084
4,18213
1,38883
16,22862
6,40157
7,20444
19,10011
2,27360
16,27776
11,46988
7,11781
9,45379
10,48771
12,46196
1,11745
2,21905
6,29740
5,33339
9,27964
11,27474
3,41948
14,6779
9,9060
18,21406
9,1885
5,45841
18,47051
20,32225
18,16232
7,38844
12,37108
4,3431
18,35554
1,27385
6,18711
3,26236
4,19163
5,13069
15,19982
7,46278
16,31326
16,26259
8,48869
9,20971
11,37441
15,32085
19,27938
13,31160
3,44840
14,36817
5,47957
15,18734
13,11720
3,24228
4,19925
3,8206
10,22754
12,47629
3,21949
19,40994
10,18946
6,20458
5,6134
16,42771
14,7990
4,31683
6,37965
1,26136
5,18305
7,45348
9,40017
7,28374
20,46796
2,32320
7,43353
19,26655
17,4365
19,34028
14,2199
7,29744
18,22328
14,32184
3,45878
20,32749
16,25619
15,16322
11,10169
8,20708
13,36757
12,38810
3,2874
9,41128
6,3627
17,12263
13,6096
18,12481
16,42671
5,846
19,48942
11,40384
1,12949
6,9043
10,35904
16,42688
19,36957
16,7030
3,13090
4,26565
18,15150
15,908
7,30735
2,7799
17,22248
10,44548
5,8454
15,40618
10,24564
12,12615
11,27544
2,48191
11,1271
20,34687
18,49152
7,44053
16,47806
7,35403
7,18468
5,9364
19,19127
14,30613
17,13876
16,37706
17,35971
16,39978
3,22253
1,39586
3,13801
4,29437
2,47056
18,3152
16,38189
8,25639
13,34736
6,48134
12,8554
6,38838
4,29065
12,745
9,29318
11,3013
4,31536
12,27468
10,25317
20,8019
4,13110
19,30357
9,27228
2,49653
1,41130
20,23355
16,30533
17,3205
17,49150
20,14624
8,34460
7,31822
15,41188
16,23441
15,3042
17,17926
20,28889
7,17761
20,22590
16,13720
12,41807
3,46378
9,37273
19,36151
1,3286
3,3395
12,39492
13,27197
8,27985
17,27639
4,24346
10,7606
1,28870
17,25955
15,23444
10,35297
14,29487
7,19544
2,48586
6,8773
12,25450
17,14022
5,38407
11,14981
9,213
15,19338
20,49056
17,7635
3,19864
8,49552
20,26076
16,46409
10,42880
9,41677
5,38915
20,25305
15,31793
7,12621
18,7766
9,8442
13,11780
6,20794
6,16587
13,49318
13,37861
13,13627
17,49260
2,39160
15,6217
14,15685
20,34872
17,31524
18,30828
13,21853
2,1227
19,42849
14,42420
12,41564
4,41058
10,48877
13,14600
17,1376
5,18964
4,32513
17,34810
4,36491
20,9368
17,47249
16,31853
6,14918
19,29921
18,27311
15,34614
18,37391
20,44175
7,17012
11,34319
13,11965
3,39746
14,25782
1,49246
2,21933
4,41494
1,46191
3,16144
19,29126
10,30845
18,25475
5,21747
2,16877
6,5978
16,27064
2,39997
1,11510
5,26391
3,26340
3,22316
12,33123
3,28480
18,29236
15,9787
19,20419
7,24952
14,44346
5,45048
14,43615
9,18965
3,31164
2,7504
3,37359
17,18340
7,23014
14,5511
6,19239
14,8610
7,29752
17,19600
5,29401
9,40684
10,446
20,20853
6,3751
20,32491
1,4505
20,14471
15,2055
4,12157
15,16757
15,4064
16,41782
4,3669
6,34075
17,20260
1,15603
2,21686
12,49040
4,21997
11,21242
15,42415
16,39259
17,23397
10,44615
1,11433
16,11048
14,42473
11,32635
7,2635
2,534
15,38890
14,26077
4,46873
15,342
4,41592
7,9684
1,34994
7,30248
9,32591
18,22168
14,31192
16,44912
3,10080
17,8251
18,24915
11,108
20,20704
19,49841
12,35281
2,7572
20,46716
13,28632
4,16371
12,12110
6,47354
18,47394
12,46140
9,47837
1,37721
2,20709
3,3060
7,36455
16,42295
2,11201
15,5175
5,28952
1,19748
16,14524
19,19211
13,42762
5,27242
2,9733
10,32531
16,49326
8,30268
10,13496
2,1956
15,8041
3,16597
6,10777
18,23826
2,21935
16,15646
20,14072
2,15222
9,37303
16,40703
2,38586
20,26599
7,9567
9,25492
18,34543
5,22022
16,20435
10,5516
6,8680
14,49832
3,5156
18,36049
7,40539
16,21226
9,20213
5,34226
20,14644
12,28324
19,2452
9,28370
7,37561
20,9498
15,13227
6,8356
18,10070
15,21306
8,31580
2,15382
11,49746
15,24854
13,28448
15,32672
8,20976
9,34017
19,11187
12,24652
7,17401
12,40218
16,22542
4,34202
14,22674
11,6054
15,33076
8,47684
13,41985
2,3965
8,21137
10,35063
2,28734
1,18087
3,45187
10,44995
10,28726
1,7685
6,48279
19,9758
17,10453
14,19009
1,5209
1,11630
18,24728
14,24615
2,43046
16,29960
2,32119
8,24709
14,22571
3,34365
4,10291
15,23316
2,43313
6,48631
19,14880
3,26669
10,8432
16,28875
13,4579
20,10235
1,14474
17,23239
11,30819
15,15538
13,28746
3,32632
15,8655
17,2735
13,7723
1,39720
9,15611
13,3178
5,15990
18,24599
15,18901
18,28827
9,48646
16,20931
10,20127
15,45996
9,22175
16,8516
3,8958
16,9208
18,11610
10,6863
3,7377
5,25806
8,40382
19,44335
12,41576
3,9059
19,48570
12,2018
18,7479
13,25037
19,2252
1,11108
12,49543
2,13094
13,38272
6,23687
7,12135
9,16276
7,49669
10,14281
8,44427
4,38629
19,38947
3,48114
18,7891
5,30491
4,43226
16,9220
15,9712
5,12851
1,48901
14,39328
6,46679
9,39889
20,22579
15,49823
20,30400
4,12983
19,12583
5,44931
12,32691
14,22548
5,20112
18,5549
8,45089
8,35119
5,43934
3,48554
7,3627
12,23370
13,17645
4,5330
20,45689
17,6713
4,16145
10,2619
5,22935
11,21770
3,45397
16,721
4,41873
3,39133
11,45750
10,25063
6,47033
19,15716
3,28024
8,25558
12,18312
1,38256
6,30910
12,19390
12,46572
5,11627
14,8019
10,27902
20,40728
13,48156
3,17374
16,27672
5,12219
14,2143
12,39930
15,4863
14,1011
3,1100
3,36432
6,40037
9,48080
7,30057
20,21374
5,2164
20,11467
4,11998
17,7664
17,16760
2,34256
13,23004
16,17031
16,24303
18,19164
10,29581
5,19778
5,34978
15,28428
14,34979
16,25151
8,34947
20,5328
18,7221
7,35659
11,22300
17,39206
15,7936
14,25474
8,38561
18,31814
19,2518
7,22894
15,12913
3,10261
5,28834
1,21913
9,12646
11,37327
5,7501
4,39385
8,21938
10,6527
15,43011
14,30921
4,27016
9,21611
9,39368
16,7312
12,26622
6,22892
1,13262
7,25475
8,10278
3,12474
12,36615
20,3450
13,47627
7,49617
2,41058
8,45926
6,47663
1,31510
10,17290
20,43509
7,35860
10,9538
7,31452
1,28633
16,33783
4,28403
4,14435
20,19690
17,7564
3,1881
6,17052
15,20013
20,22545
1,1198
10,2747
4,42171
5,5616
12,5295
19,23405
3,38235
17,47247
11,17436
12,1142
14,24565
15,25048
14,21596
16,2687
12,6654
6,31245
7,23048
6,47079
6,48912
5,15516
2,907
19,2989
2,30660
4,35092
3,5124
5,31381
4,10380
1,9694
12,43197
3,12298
16,35171
8,37077
20,44388
14,2311
6,7695
1,31093
19,47811
9,15018
7,18497
2,6550
16,6505
12,13640
14,46040
15,5944
3,20060
17,38887
1,36804
4,15113
5,10982
15,36402
4,20574
14,1062
13,41950
12,24843
10,6884
12,7811
20,40303
10,6683
4,44797
13,22139
16,39928
1,9308
2,8307
1,2867
13,4784
3,45047
10,30995
11,21910
9,11339
11,44399
9,37074
7,33640
17,25860
7,33583
18,46541
13,964
9,27376
20,2904
1,1562
5,6629
5,4831
15,43558
10,27548
8,14498
5,36073
3,1468
8,35073
17,3537
11,17847
1,5232
7,17206
10,34338
1,48214
8,32730
3,46973
13,10356
18,33487
7,40810
12,47295
10,22660
9,10680
2,37964
18,19048
19,45397
6,22079
13,3725
15,18428
7,43926
1,34678
5,30194
6,26133
4,44549
5,47126
20,2656
2,27426
14,42915
4,13255
19,47773
4,29113
12,18978
13,20784
18,26898
3,49454
3,25427
12,14598
8,5723
7,11101
4,5173
2,21093
4,8731
3,21423
13,3818
5,3686
15,29413
14,23253
11,8437
10,15458
9,22395
18,37687
8,32792
14,29728
6,3215
11,25200
13,30207
15,29581
2,41714
20,19385
15,12339
14,1359
10,36202
10,30237
8,7582
5,24227
12,7908
20,12579
15,20017
18,40461
19,40534
4,7460
2,41053
20,16411
20,12841
13,41219
6,15739
7,15492
18,7117
14,7076
13,43142
18,13865
20,5023
12,37121
5,17008
16,45250
19,27238
4,33054
10,44176
10,16252
4,38640
4,47231
19,37789
18,17519
17,47044
19,10211
15,39160
19,40366
12,26292
8,37226
3,297
20,18675
8,26756
6,28769
5,11224
12,10540
1,49534
16,38707
18,45894
5,14262
3,38307
17,38189
20,39608
16,30782
3,9060
5,24293
7,46211
19,20157
18,10593
4,43950
13,36075
14,7699
20,9509
7,41841
15,32754
5,22603
1,14189
12,26698
18,31946
5,37705
18,41476
8,16792
5,44017
13,16834
19,41467
13,28123
14,19983
13,4036
12,31099
1,35880
1,33732
18,27685
6,46420
9,12716
5,922
17,13364
17,43418
7,27481
2,49178
11,9781
18,2311
20,31826
4,3696
10,14636
15,9277
10,45166
7,33296
13,5450
6,6184
12,45826
10,18282
20,23458
15,14758
14,33625
4,44421
1,37835
12,16763
1,27475
17,7913
11,2462
9,7170
13,3493
7,33324
18,10607
17,37181
1,22502
4,38648
14,26537
20,4559
18,5285
16,11785
10,43902
10,34250
5,6537
2,28342
7,16413
10,29545
19,16108
19,20482
16,15685
5,31146
18,32597
11,11071
11,31993
6,34391
20,44192
4,38712
17,36385
1,2899
10,39589
6,33493
16,8080
10,29511
9,19824
20,38452
16,31251
8,17246
2,8594
2,31598
14,39290
4,33696
11,35151
2,16867
3,18129
6,22389
2,20024
14,48039
3,1403
6,5331
20,27757
9,30393
8,33804
14,5156
4,22639
3,43038
16,26030
15,30951
19,1706
5,27241
19,39828
2,39817
13,14113
10,16508
19,47448
15,36916
10,9603
19,2445
3,33858
18,45306
3,40818
5,9201
4,26222
11,34062
16,21667
15,25505
11,6242
17,18382
20,33288
5,5424
7,20834
8,6999
18,21100
3,25338
15,35383
20,8504
16,16742
14,46762
15,19439
2,19039
6,42412
14,10585
3,25567
15,20163
12,6638
3,27444
9,38456
9,3085
8,20519
8,17779
17,22864
7,49008
19,42867
1,44657
5,20719
15,17899
16,49191
16,6378
7,26331
3,5946
1,292
2,43644
7,28926
8,39181
20,39648
17,21881
3,35801
5,47540
6,25535
14,44426
5,41181
8,35363
20,13669
16,9272
7,18863
17,4325
1,30349
13,49541
11,15284
16,21046
4,37649
19,49110
12,5255
3,34167
16,38351
15,26405
5,22639
5,36860
3,564
4,24708
9,17299
9,21416
15,40457
11,49020
20,47536
13,12625
5,28588
14,21559
13,10148
5,20382
14,19838
7,24152
6,47576
7,12590
6,30813
11,31076
3,47173
12,40431
1,49993
2,13042
6,7228
16,46276
18,32211
7,24309
18,24001
5,18126
15,48775
3,20407
14,34623
11,43512
19,39175
12,36403
11,29639
6,6106
6,19732
10,46591
13,42820
20,26522
6,12245
12,21840
11,5338
1,4934
5,20884
16,33521
4,7153
16,44444
2,41896
4,39189
6,5864
13,36114
9,24247
1,25580
15,37642
7,37012
3,35443
14,2758
1,35366
18,37027
20,32080
18,21102
1,13482
4,9931
9,31337
1,10422
9,45652
8,49242
13,14418
18,23781
15,2719
11,11081
12,28075
15,44172
19,16366
19,44427
8,31177
7,49501
8,35931
17,26170
11,48307
3,29781
5,20705
6,17082
12,9996
8,4256
14,42500
10,21173
1,42800
2,526
4,28658
2,1758
5,21697
16,31586
7,29611
18,3102
6,16600
11,7361
9,9146
18,7416
3,16534
12,8055
1,16126
8,9662
15,46936
13,19889
4,32707
15,3478
17,26920
17,25142
3,25420
8,26554
11,46946
1,8047
5,28878
17,17421
8,29111
9,826
18,20723
5,15547
19,12530
18,49399
10,12403
6,42948
11,44120
1,26946
4,44145
14,42562
19,29071
17,6566
15,37545
3,26554
19,21442
15,41579
2,45893
19,8111
12,10766
5,15848
7,13092
2,35563
8,38343
19,29608
11,8062
6,21663
11,8518
2,20475
19,29946
20,47613
4,23446
7,36710
18,43107
19,28861
2,40065
11,3098
19,34710
8,47196
3,36084
7,43490
14,31511
8,37526
5,4532
16,2212
1,6662
13,19951
20,9992
19,43827
6,49795
10,16797
8,11451
20,23558
10,13969
2,47994
13,24050
11,5014
11,34937
15,32025
10,27118
8,35090
20,16525
1,41212
14,17455
6,39698
1,31685
1,44050
12,5814
3,43311
10,8052
13,21139
8,7939
12,38464
1,16682
18,777
14,49657
20,3694
10,9145
19,30984
18,2903
16,28775
19,25844
13,4095
5,43304
13,10413
20,48792
13,36748
5,18466
15,13911
5,5086
9,3563
4,24055
17,42587
19,11379
12,26802
6,24401
8,45340
10,43053
18,3357
13,49763
1,13705
12,23497
8,3032
20,40956
4,45557
20,24017
7,34012
13,9286
6,44781
6,40220
9,9677
4,19599
5,33303
20,31178
3,32021
10,47445
3,37104
4,45815
9,20907
18,15111
18,36369
18,13079
9,9995
17,45044
8,9560
13,40695
10,9352
4,16942
6,41038
5,10885
16,21462
2,954
16,29277
9,33930
12,25624
18,40937
18,10099
8,5009
13,39611
19,37800
3,38965
20,34165
10,3843
10,48342
16,28130
16,9658
5,29863
19,6857
6,27907
9,23947
14,13044
5,33598
3,42598
7,7941
4,34495
5,1760
7,37076
6,18548
19,24357
19,7439
20,38889
10,20929
2,32843
13,37639
3,11758
15,24141
16,44531
20,38285
18,34561
8,31539
17,8739
20,46717
18,37930
3,29360
20,21616
16,34364
16,10555
6,34985
18,39344
4,22874
8,13456
14,3916
9,12035
8,25417
17,39825
16,604
4,39844
10,9827
4,9006
5,36589
18,24417
1,7473
19,20647
17,7482
3,7171
3,33448
4,18072
4,46145
10,42745
1,25843
4,33276
4,42864
19,35267
9,38404
6,49206
2,11599
8,16869
18,973
14,43672
10,6598
16,13902
4,38818
12,15003
17,30855
12,49239
11,24933
4,39337
12,18648
7,43528
18,32369
13,45088
11,16036
11,36493
16,28752
9,26042
11,37030
17,16884
4,19474
10,38558
15,4976
12,28616
1,24513
14,34337
16,27566
7,8825
9,3670
20,39060
13,8061
19,24650
6,35974
14,47200
8,42869
1,40779
5,14844
19,31372
12,28890
2,40103
8,16986
17,22925
18,15731
13,25667
20,23800
14,32475
4,24272
18,40088
3,13746
14,45947
4,46706
17,20034
4,11916
9,46922
9,49312
3,43524
1,49874
15,17658
14,12808
7,38377
3,11852
8,29879
17,39264
6,21991
4,21492
14,17461
9,119
18,21525
5,3353
19,18148
16,37416
12,28429
8,31215
15,20592
6,16680
18,27716
18,11431
15,39063
6,41997
9,41782
16,613
14,42624
18,30250
13,47604
5,3684
3,12995
5,35962
16,44672
20,14118
12,44627
1,7984
14,38837
17,26534
5,37477
19,33303
4,9911
4,15524
3,10768
16,46393
15,19566
9,17621
17,37493
19,2752
6,2246
7,12606
19,25260
19,38707
20,10818
13,46243
5,8998
19,5211
2,5949
19,17878
8,26883
18,11709
5,20959
1,45730
20,30343
20,40474
2,6787
7,1983
11,33238
8,24888
5,32175
16,44980
13,26474
5,47113
19,34006
12,13855
7,5608
6,42383
18,19811
4,7449
19,49886
20,14145
11,31893
15,23344
12,29296
13,24993
3,8238
7,15271
17,45473
7,34319
8,13741
6,16849
8,4287
1,21350
8,9554
5,20915
10,19146
7,19666
2,42634
6,18324
19,48834
11,3379
10,20563
7,7590
13,30775
17,6015
20,13184
7,31805
3,17967
5,9627
12,49931
4,26896
12,39893
9,4911
3,47029
16,5406
3,10132
20,36303
1,41875
20,48675
7,14934
14,11845
4,13462
18,20616
4,25048
9,1639
15,41737
5,26760
9,49407
1,21466
4,45738
8,27968
17,34681
17,33006
17,23958
5,8016
16,2807
4,34805
10,40828
12,38141
1,17062
17,7452
12,9193
9,7560
18,23375
19,50000
16,44904
11,48626
11,48694
19,23140
10,36815
2,18600
16,14374
11,31776
11,45532
10,34132
8,26257
18,40325
10,44448
17,45366
10,34712
2,28327
3,44410
6,38591
12,2141
13,6928
13,4317
2,26233
9,28037
20,32225
9,39729
4,12864
14,47698
1,28501
13,37046
18,48213
1,45710
18,25514
14,47542
10,18932
18,23549
6,40059
7,46032
6,46675
10,20979
20,4059
1,40748
13,33163
20,22569
4,13656
2,43842
2,7834
10,7591
14,28401
3,25814
8,8296
17,41742
16,14252
8,1736
16,32233
10,25563
11,1517
10,41689
6,7306
18,21626
19,37095
12,31950
18,4180
18,1552
6,42247
9,18615
13,2862
2,10990
10,14577
20,8782
18,37652
18,24755
14,1298
3,33683
4,31008
17,24202
3,17316
19,47018
17,18159
11,38663
2,13059
2,1804
4,40390
8,32227
3,47895
9,35403
12,45872
2,23019
3,31510
12,25357
9,13654
6,6641
9,3219
8,11748
11,21486
19,1096
20,37459
6,19832
11,14773
3,47802
2,28246
15,22071
2,33788
13,20590
7,31137
15,33017
18,15858
4,342
2,12109
6,49118
15,3501
10,44623
16,47714
19,32148
4,23090
14,43805
7,20823
8,5548
9,34818
4,9125
19,13372
5,34149
9,24958
4,18804
17,25654
17,33359
2,47059
13,30368
10,38661
14,6793
6,9910
20,16104
19,17355
16,43321
13,426
2,31204
15,16428
4,22073
10,15357
1,31010
13,24646
5,35995
4,22151
17,32030
15,20250
19,34877
17,23056
12,45854
16,22664
3,11785
3,31963
8,8453
7,23873
20,40177
7,7900
3,16310
2,30765
15,5519
8,43327
17,43878
4,41429
15,16415
17,2066
18,29048
14,31335
5,42596
6,10576
14,24716
5,37508
8,8008
16,25253
19,29785
7,10781
13,19710
7,5094
16,23234
2,44824
4,7214
15,16624
2,26332
4,28796
1,40208
13,22705
18,20625
13,7401
6,20928
11,8384
12,27727
13,196
19,39666
4,24969
15,31808
5,13817
8,3654
14,25324
5,49174
10,39281
16,2128
17,24736
1,42273
1,26547
11,25121
1,47442
6,4229
20,32042
16,23355
4,40340
13,38431
13,22329
17,16542
4,41370
9,20427
14,22037
10,24201
1,17928
2,11172
12,29188
12,34915
13,22881
1,48878
4,33572
11,18805
12,48190
13,42004
10,2638
14,28983
6,41740
10,5709
12,8973
11,48443
10,33568
12,15562
12,13883
1,4123
8,48966
12,42316
15,3954
18,11887
15,32474
19,13921
6,32542
4,10243
6,12649
10,34003
20,48766
3,5268
5,13384
9,10195
20,45336
13,522
20,48297
8,39623
6,23729
9,17459
9,32796
6,29829
2,1810
17,40160
12,21667
13,17406
20,5726
6,24856
13,26376
14,18709
15,46942
19,8332
13,37869
8,49069
4,31530
5,13589
19,12421
5,6923
10,913
20,26225
3,45768
4,23377
6,35204
6,23032
15,37098
15,11360
7,14429
3,30452
7,2266
3,5532
19,37127
13,17850
2,18819
16,42352
4,32198
9,46990
7,13705
1,44697
3,35862
19,42555
9,49603
11,6264
18,24621
9,15437
4,19444
17,15469
8,28945
1,42905
1,45993
15,41131
15,1715
2,20457
12,12419
4,28648
14,18461
14,11118
15,28928
5,38962
2,33088
11,29117
15,19265
18,30572
10,17996
8,11409
14,25934
7,41708
11,34016
3,6441
6,14817
9,44513
9,49051
5,23098
3,48837
8,22305
6,13451
14,49071
14,47456
9,13653
9,18422
10,38089
4,12167
13,15225
20,33843
1,1368
3,36547
8,43791
5,3211
3,40412
18,41674
5,5540
16,34812
17,36086
19,35069
20,37568
12,8297
16,6307
1,37628
13,8323
16,49622
20,22528
2,8603
12,2945
9,18476
12,8058
2,28994
1,25664
18,18358
16,30719
4,31332
13,40265
15,27196
16,48365
20,34679
15,3368
8,7429
8,31223
2,11827
10,35121
10,26527
4,49733
1,33045
19,49348
8,34781
19,29318
4,34837
16,42876
6,49439
5,49720
9,17990
5,48562
2,46697
8,35598
16,7038
6,35560
12,23381
19,269
16,46903
10,43789
8,46684
13,23005
15,18774
4,46986
4,18762
17,24362
18,33006
17,8567
6,20938
13,13282
3,44623
16,9198
8,1381
1,14385
8,24597
2,25044
16,4208
7,37320
18,10825
18,28464
15,46090
14,13844
1,30465
17,35365
3,15323
1,20453
5,26417
19,17623
14,29800
17,23630
18,29919
14,29107
5,24056
14,37372
3,21130
19,2064
8,2475
10,4647
12,32973
5,22688
5,41118
4,20666
14,22351
20,6496
18,43382
5,42194
19,29544
9,16589
18,1119
12,47670
1,28008
1,45708
14,47821
9,44075
14,5167
11,5471
1,17576
13,31228
14,36432
14,5433
10,41758
4,38214
6,20759
17,8355
8,14880
9,35468
6,15913
1,259
6,7881
17,25326
8,20019
5,26657
17,3444
13,22819
3,36186
3,48664
5,37042
11,36202
8,4887
4,16599
7,26249
12,12502
17,21029
20,4081
11,48580
20,35347
1,44740
11,28792
20,24857
9,32991
5,45586
13,30453
7,16787
15,11480
2,37725
8,22505
7,31248
11,32295
20,34359
12,8847
14,23729
11,49574
19,47952
5,31922
19,9346
10,43228
7,20877
4,14065
15,33178
14,47810
6,37849
20,16358
15,48910
3,29657
10,39410
12,10722
14,27124
14,21366
4,24033
7,9529
18,30078
12,25980
3,20675
8,6087
20,5985
12,22814
10,28933
9,42935
10,35347
1,14870
12,19068
13,28427
5,31841
4,39566
4,15067
10,25316
10,29523
8,34320
10,564
20,7887
2,43791
13,45011
4,31944
15,25350
15,43404
13,38263
14,1172
4,17204
1,31752
10,5501
18,47371
8,36706
11,13624
4,31896
20,38801
1,28284
16,42953
9,28687
6,5210
17,38461
10,33276
3,37195
12,38355
18,42008
5,7873
7,41167
20,19574
5,5064
3,16484
12,5324
7,7125
12,36357
16,12666
8,27975
20,36269
1,49472
16,29507
11,14628
6,11501
2,26407
4,36350
6,38721
18,13190
14,24061
8,23063
3,46861
19,45536
5,24151
16,3774
10,27610
6,3938
11,28968
19,4866
14,24867
6,5788
1,33376
19,7068
17,26377
20,49630
9,29953
9,32774
7,42765
12,28708
2,35181
13,2673
12,49494
3,7645
17,6783
13,38537
11,15760
15,18381
12,39586
10,17952
5,37348
2,35754
5,1152
17,7823
19,31699
3,7489
19,17255
10,46546
5,32889
10,5231
6,12586
7,41533
13,36257
10,19973
15,43829
14,41220
18,16808
16,13814
17,31825
16,9395
3,14528
7,42183
17,27148
18,7539
10,29859
4,22112
14,34228
5,48278
6,1040
7,33006
13,34756
20,16467
8,44085
19,17576
16,37445
12,33207
7,9009
17,35973
2,34549
15,27311
1,46045
9,29305
20,43537
16,1120
15,49716
13,9898
17,7959
4,43249
8,20058
11,13957
10,34205
6,47464
6,2105
16,29302
15,11853
19,34520
5,40218
6,12851
2,510
12,9943
17,8222
20,14986
15,23642
18,47959
7,26050
10,37614
12,44070
1,970
19,14276
15,46193
3,10568
16,9554
12,48579
4,35895
12,13078
1,17848
11,5018
13,38412
2,46844
4,46352
17,38797
13,29376
13,48250
10,18768
19,45508
7,41437
14,32108
16,46498
5,17868
2,34863
12,10727
10,27984
8,23781
3,45665
1,31523
7,29836
20,34139
14,46047
7,3555
9,4983
20,30977
20,45543
14,29922
14,44911
14,33713
10,24609
3,47388
9,17594
11,37120
9,4782
9,1402
18,11655
16,30102
2,21847
9,38731
14,27004
7,21936
17,9978
13,41640
12,3854
3,3300
20,27009
13,5369
7,28576
11,1577
3,39576
19,20376
13,13572
5,27339
9,26410
18,23365
16,21155
10,30015
1,26065
14,7205
16,30431
1,18713
18,31337
11,23392
10,43893
11,24042
3,27158
14,1917
1,45354
11,1001
10,23720
13,28967
8,20340
2,30469
11,29668
6,8428
6,29190
18,20526
15,37853
12,14876
16,44155
8,1714
1,47975
15,10896
18,7341
7,36108
3,11140
2,10645
14,30709
17,6342
1,41777
3,31987
15,25161
4,39825
17,2931
2,28585
9,32627
18,13049
20,4489
13,29672
9,8785
10,26823
20,19498
19,18704
2,43082
15,43806
17,14939
7,43762
12,5101
18,29757
1,26521
3,4199
18,34228
19,34173
1,36232
4,11954
3,39548
17,25023
16,29402
5,42546
15,9601
19,30923
15,36800
4,6483
17,3299
10,49601
5,38783
16,47713
14,3037
18,16350
9,9193
14,21081
4,43149
9,44924
9,16871
16,14382
2,18798
9,34355
8,45360
19,44075
11,1217
10,43254
9,11687
13,10394
11,29451
4,25798
15,13880
15,44285
15,908
16,27691
15,19811
10,40428
15,26309
5,11290
8,30022
15,28315
5,1537
13,43640
9,18042
6,49376
15,39727
9,14446
16,21278
8,27243
3,7718
9,37085
12,49966
13,11888
18,27620
18,9707
7,17642
6,34266
19,19941
20,629
20,44330
12,25634
18,42417
6,47473
9,29108
10,41030
20,1857
19,6140
9,40923
15,22783
11,18344
9,39948
1,1479
12,7699
5,17588
17,42478
13,43453
13,37970
5,7846
1,2508
14,192
11,44792
3,619
6,15251
12,7439
16,49854
11,42492
19,5166
5,33679
13,39403
9,49970
16,5768
18,1814
3,26116
2,31566
20,7156
5,27970
17,44077
13,47151
11,19780
16,19666
18,43199
2,22752
2,18803
13,25183
16,40918
19,22940
16,24077
16,2938
9,745
17,39130
7,39317
5,18576
8,17036
9,13914
3,39840
12,49107
13,11801
1,13910
13,25495
19,13515
19,28638
6,41032
1,46314
12,9260
6,25473
17,25982
3,16647
13,32360
18,18060
20,45977
17,21925
20,43352
6,36177
12,12506
18,24297
3,16752
5,31051
7,3302
10,41335
10,4658
4,11661
7,34694
5,30981
1,6987
12,42911
13,44979
4,5728
4,34606
11,3744
14,28929
12,29168
15,1001
2,10830
16,20890
3,27554
8,5521
17,8906
7,2564
9,6394
15,5783
18,12940
4,43067
20,19171
19,47032
9,20624
6,9921
7,26102
13,5581
4,3972
8,13109
18,28701
7,32933
13,9238
14,42365
5,7417
12,8726
5,29289
2,29321
10,9199
15,17048
19,16082
5,36136
18,12050
17,17822
19,5455
18,9311
10,44694
3,18838
6,11279
3,40216
1,32939
2,5628
7,9778
6,19471
4,45943
18,29405
6,17097
10,38576
4,24158
4,46848
20,47213
11,24424
17,6268
2,14509
14,49617
18,23995
8,20722
10,16961
5,39726
13,49202
17,29480
11,23282
11,842
2,29740
6,17968
4,29614
12,41374
16,24517
15,28307
15,41153
19,34436
7,4642
12,47117
17,37374
15,7247
9,38251
19,48818
14,5781
2,18933
1,9601
19,28736
19,30484
19,25162
15,32044
12,46088
14,10880
2,18045
17,14470
2,23436
3,34697
13,36111
9,30153
14,21376
9,12577
14,43423
7,29927
17,8247
12,12421
20,7413
8,36359
8,26129
10,15550
9,2767
20,5353
14,874
3,24366
4,36519
4,17243
7,19846
20,9085
12,15006
1,31074
11,38810
16,5257
8,10773
8,24729
18,42100
15,39545
10,45947
16,1147
20,17081
20,48707
7,44031
14,4369
6,30750
8,18382
20,14886
14,40117
14,24635
16,15032
18,10804
19,35730
11,1794
15,19807
16,49070
17,48191
2,11879
12,32254
6,16688
3,573
17,26364
1,23438
15,20139
8,40877
18,3455
1,34701
17,19067
20,6585
16,31431
19,28555
3,7989
11,28588
16,9998
6,44218
9,15842
18,507
4,13317
15,9689
5,4012
20,17798
6,14394
18,24400
20,35458
15,7777
6,43093
16,28821
12,43666
15,24529
14,19070
5,18447
2,14798
10,8377
15,22526
2,22311
18,38315
5,23752
9,5543
15,46272
15,45660
4,39220
1,12764
17,40310
19,30283
7,39195
2,42308
10,38023
4,49678
12,21003
6,44786
8,34261
3,18459
20,15830
6,14985
20,16829
2,35192
9,10549
11,15824
12,39621
13,44758
6,19706
6,27717
17,7111
13,13491
20,35405
2,10157
13,25416
19,20858
6,40598
14,28070
11,28107
4,38523
11,8929
8,35486
6,6574
16,11794
18,19277
1,38228
19,38471
16,7687
17,23234
8,16650
4,20154
20,23418
18,40818
20,17515
15,17173
17,21594
17,29885
5,49450
3,16939
8,29485
3,17334
19,24485
13,34031
16,13457
18,15191
10,14272
5,33809
11,5357
7,21957
1,38660
20,35597
16,41105
2,10772
1,17321
8,23685
5,25532
9,25441
2,24853
18,11868
9,24165
2,25024
7,9244
19,21171
18,38198
16,47087
17,5004
6,6286
14,28421
18,19049
6,25850
14,7007
12,13485
8,41814
5,45907
8,38189
11,15631
10,38612
9,14836
12,7463
18,14853
14,39188
4,48352
8,49454
15,16931
8,37649
7,34216
10,34810
16,8073
9,19657
11,33293
3,24595
14,34189
15,42929
3,6906
4,19183
19,10942
2,46470
16,33306
19,11995
15,14306
14,11808
19,33084
13,28303
14,43012
19,47569
14,45549
6,7820
20,48290
9,35513
19,19771
11,14984
6,49570
6,9045
17,26745
4,41119
13,43139
20,2325
20,3096
16,12524
1,18821
5,49680
19,33012
9,7492
15,44659
3,25678
20,1212
7,44164
3,7446
15,12018
1,44641
12,49436
10,9279
4,18328
16,6860
18,10231
5,8124
6,20085
12,18127
20,40071
19,44828
15,7168
11,11382
16,21511
16,39056
12,46844
11,38172
19,38096
19,26216
4,20053
10,34097
11,41112
20,21542
8,28000
2,31614
6,23318
8,16177
1,27082
19,10081
12,3793
9,45564
8,14477
17,11535
9,42742
2,35705
16,10631
7,46625
12,33609
10,991
4,17759
19,45279
5,8171
12,44735
8,40743
20,26840
18,27741
20,2562
18,29037
13,9849
15,48353
6,3591
11,13342
3,32905
3,1011
10,21491
18,12163
10,20101
13,23712
17,25381
20,41253
10,31004
16,49062
19,37321
1,34103
9,32007
10,45019
4,26682
3,37920
9,46090
12,2820
18,10565
10,33177
10,9072
2,11880
20,26875
8,40833
6,843
12,1456
20,34539
1,14658
7,39095
8,1717
14,41694
12,1218
20,33835
5,3755
18,38553
18,2786
13,723
10,6818
18,41956
6,26007
17,10065
12,34899
7,30855
16,11849
20,36750
20,18534
10,548
18,12824
9,3695
11,30206
9,44804
3,16879
1,30361
14,15444
5,9367
12,42479
6,19459
10,31294
10,22709
20,30431
16,4430
4,2020
17,28851
2,2631
4,10213
11,12770
13,23888
8,18181
1,33512
12,27586
4,26984
6,11744
14,22440
17,36007
2,20297
7,27644
16,9554
9,19719
18,16169
18,48413
17,46222
13,28233
13,36783
3,22500
1,21370
1,21940
13,45648
19,24146
5,42356
5,39267
10,33842
5,39819
15,39843
6,27238
10,49173
14,34856
14,33544
3,41252
16,30618
6,2524
8,45678
10,23953
11,22625
18,9058
9,22563
8,17620
19,1482
5,42266
5,38584
7,16337
13,6009
20,26127
5,35866
3,39766
18,25901
17,11132
9,16012
13,18375
15,43166
11,43862
18,10105
13,45375
5,21191
7,26384
9,4310
15,49506
2,1882
2,27906
5,25391
19,29194
2,36163
6,38752
19,22163
16,46918
16,19646
5,41771
16,2196
9,30863
3,6665
9,34577
4,28528
12,49576
10,15693
3,4497
11,18597
8,7354
18,10893
11,9240
1,2706
9,5065
12,2055
17,27465
2,27396
9,452
19,22039
13,19068
20,17116
18,32484
3,20010
7,42422
6,6532
8,21919
11,45343
20,13622
4,4322
19,25395
17,27157
7,5377
12,9015
14,20420
16,32128
14,17244
1,19958
11,15385
20,10199
13,13434
19,4056
4,28267
20,39826
5,33127
16,3882
15,35440
10,21349
4,7362
5,37559
8,1176
16,23044
12,20075
10,43518
18,42298
18,566
18,28823
11,37096
13,9078
15,25259
11,18556
10,7414
20,38021
15,28005
14,40453
14,25174
9,2817
6,21894
13,35696
17,40334
17,4467
2,29447
10,27177
11,33401
9,9575
13,47466
4,32244
1,20544
18,4499
4,32105
8,22250
6,6896
11,45529
16,19876
15,32370
16,33015
15,10138
19,16819
20,6177
1,27481
14,20995
8,40186
17,30141
2,34414
5,23429
5,21367
9,18666
12,24975
2,35560
5,15882
5,43902
6,11194
12,42478
3,29029
3,19791
18,42516
5,26184
11,29711
9,26318
14,47807
5,26845
13,48581
11,15442
20,40030
19,10448
6,380
19,5724
10,7513
2,8418
10,41471
4,47092
14,24443
11,34302
8,11350
20,43449
12,46272
12,18040
13,26113
20,15424
9,39359
15,6741
16,43907
14,47669
17,34031
13,20494
16,31955
18,7550
1,10624
20,45520
12,23796
13,21009
18,7847
2,23374
19,12502
6,37502
16,17694
11,42111
18,30547
4,16941
3,10335
14,42421
3,13859
18,5913
1,22611
15,15160
12,39490
1,22106
3,47929
9,13076
1,29515
9,34334
7,3445
19,30087
18,45777
18,49869
2,22204
15,23908
5,13263
8,17045
14,34667
16,743
1,41900
10,35052
17,10106
15,18665
17,8877
9,30544
15,24032
12,41603
1,16143
1,13210
5,29119
8,8125
5,3309
6,2148
20,41627
17,200
18,32694
17,1525
18,19983
18,36306
2,14829
19,34557
12,8297
20,21922
3,6900
16,15366
4,43163
5,17102
2,14509
15,47236
16,947
19,26974
19,31321
17,41059
19,12344
8,28166
7,19011
5,12229
5,35918
1,49836
2,39576
6,19323
5,16056
5,7012
9,23184
16,31376
9,49640
10,16966
4,37266
3,2014
18,14469
12,27264
15,24565
17,44662
9,43766
20,47535
18,43476
13,48390
10,3143
17,22856
19,9305
4,15437
17,29129
3,14659
15,1497
17,43570
2,18686
1,28647
10,8918
17,25882
16,19319
1,40808
16,47308
17,18182
12,23718
13,44866
1,14957
1,2876
15,39105
18,42312
7,34800
16,3412
11,12876
19,10619
1,48542
20,36551
14,44678
1,37421
5,8445
2,11462
3,4063
4,31523
20,19858
13,35033
10,44050
5,37791
1,10849
18,38316
17,46804
18,33115
2,49615
9,11867
9,38047
19,36225
1,25599
19,29648
10,33407
13,47705
15,20555
11,18767
15,26343
3,49620
2,28168
2,46883
4,10393
14,34072
12,15340
18,33691
13,38117
7,46017
10,33102
17,39711
7,34500
9,32379
19,32063
20,40904
11,24532
1,14613
11,46500
13,16403
1,15434
5,7172
3,39028
2,49018
8,28556
13,36169
9,42882
3,40819
6,7070
9,21885
13,11291
14,37763
10,48204
10,17616
19,13566
16,11527
3,46593
4,46834
5,12384
12,46457
20,33713
6,25884
9,45187
12,41780
14,43709
9,5397
11,34819
7,7921
15,5412
6,42734
13,12264
4,18590
18,17098
9,45789
19,37083
6,14423
9,43495
1,41117
4,6175
4,47300
17,41033
11,4900
3,44080
14,3786
9,19880
18,5973
11,37329
18,47212
5,42483
3,20012
11,24948
9,7336
15,2331
2,33575
12,47764
11,35394
19,27591
13,16347
1,21000
11,48690
14,32023
18,44166
8,18242
2,10793
7,18123
6,49851
6,8896
13,15877
17,27771
10,22738
1,11617
7,382
17,29248
12,7464
13,22267
16,12232
10,27873
8,9828
10,38637
19,25640
6,34989
4,28539
6,42839
5,46250
20,23034
15,10244
9,18154
8,44667
20,19435
7,3110
8,37045
3,31167
15,34080
15,11760
5,46033
3,16729
17,14689
3,20111
8,22356
6,2956
3,4360
20,35347
9,20629
7,27411
7,45607
20,8434
1,15062
9,25769
20,5432
3,9767
19,25646
5,8427
6,42243
17,44997
10,38266
15,5321
15,43436
9,10757
12,9036
19,23270
11,13506
12,37088
8,30710
11,34012
1,2254
4,12782
16,31841
2,19542
19,27665
20,45346
8,48302
18,33451
8,20829
5,5341
16,47845
3,29913
1,22598
8,26046
12,45193
19,12487
15,11162
15,43538
7,20397
18,37680
8,30078
1,2531
20,37696
18,12733
3,18513
20,15187
15,40068
7,3191
2,42076
18,985
3,38210
16,35924
2,5750
15,34905
3,6691
19,27059
15,44894
9,15294
5,45564
12,11319
16,47455
7,40123
6,23443
3,24176
13,1957
2,36865
16,21342
12,29492
2,34562
13,44222
9,33874
15,43725
20,13883
2,43289
11,5587
9,23807
16,27700
2,33570
16,36499
7,48362
1,34969
10,12538
10,7484
2,33509
4,42805
14,29316
12,24142
19,10853
14,41694
3,39857
8,29007
15,25483
20,14354
9,28319
7,6702
17,4876
10,9561
3,44900
19,26591
9,30047
17,30477
2,31454
1,12364
14,43774
4,37871
13,33128
3,34814
13,22233
20,29089
11,37516
12,2067
2,16775
2,34842
13,26420
3,32739
13,31340
13,8906
12,14549
10,40994
14,1562
3,43128
1,33685
6,13780
1,9130
1,7678
14,3273
14,10821
12,25062
20,920
14,6622
17,17010
14,29335
8,35751
2,37442
9,2034
10,37839
12,13396
18,48501
8,10859
18,964
20,31857
1,13035
17,27081
10,37378
11,5719
2,41827
2,29120
11,44737
4,32612
4,3440
11,17040
11,11974
4,36949
14,19975
3,42384
10,1443
5,37770
20,27668
15,14784
2,23268
8,456
1,30200
1,45648
5,37927
5,25066
18,34387
11,25442
14,29705
6,38345
6,21492
1,19894
9,2464
14,32651
13,7768
1,28359
7,9996
17,36961
15,11343
4,6239
19,14871
3,33878
8,17709
19,34914
13,32992
8,7442
3,12910
5,31396
11,16654
14,16893
8,7149
19,4032
18,44938
2,5575
4,44123
13,43402
19,23233
19,45111
11,29438
5,5657
14,35513
20,35916
5,10269
19,4925
1,22605
18,9743
18,10419
3,8753
12,40294
15,27432
16,47807
14,25169
10,31659
12,30296
6,15020
11,42591
13,24823
8,11345
15,33857
15,42894
10,14701
2,9614
20,45289
4,45468
7,32715
12,49262
11,44460
15,32338
15,20438
8,30364
6,24777
11,39853
19,4156
17,45375
19,18256
1,16962
11,4850
13,28909
18,9788
3,24177
2,21848
13,17964
12,8707
1,6495
8,5759
15,1373
13,29552
11,5015
4,31791
18,23845
3,7586
6,6229
7,21297
14,20069
11,3835
7,1392
14,15304
2,18733
17,44469
11,27806
16,13274
14,4225
19,19753
4,48046
20,12697
6,38868
6,17103
11,45698
15,32115
13,23008
8,27098
17,41804
2,15899
7,44802
4,35658
16,8742
1,18468
20,44158
19,31646
18,4904
9,21844
5,12286
1,35298
17,32695
5,12023
15,41580
16,13910
7,47128
3,21759
15,40895
18,49745
9,14488
17,3175
10,45602
10,39228
20,22472
3,28438
17,45706
7,741
5,36416
5,33745
18,20461
1,8653
10,47805
2,8637
18,16511
7,27758
16,17054
18,45961
8,15369
7,29984
14,36601
4,43311
16,29635
4,12705
2,4743
13,43343
3,26750
7,47553
16,33569
8,29581
17,11023
17,1687
13,697
12,17905
12,6178
18,24534
20,35404
17,28401
2,29477
18,27774
14,39482
8,40628
19,22280
2,11367
2,13162
4,31550
14,23689
3,29253
1,20601
8,37420
11,884
8,11854
13,17240
9,35279
11,7465
18,46882
10,20438
3,15196
3,18207
9,36263
12,6305
11,45249
2,1034
18,15617
15,18565
9,48748
19,14144
12,25820
9,128
11,26793
4,46859
14,24463
19,47818
8,31679
14,49123
13,11109
12,9115
5,46970
17,34649
3,3314
16,27763
10,2425
5,25599
17,2511
19,41147
6,39049
3,44854
12,27517
1,39530
8,12997
20,26909
16,6672
10,26549
16,32842
12,38380
18,9371
19,23975
9,43887
20,14491
5,20072
5,42125
9,40052
1,35312
19,10616
18,5113
9,26961
15,48579
15,38206
5,12057
16,22483
18,19781
4,37873
1,48391
19,34643
9,32815
9,26773
13,15688
4,32154
19,35231
16,1965
14,21815
11,34813
1,9191
12,22540
15,18361
5,28728
17,6019
2,28614
7,9634
16,40472
8,21637
5,31824
13,26073
20,48680
9,18323
10,38434
3,3988
19,12595
2,35318
7,34807
17,1372
18,18761
11,18002
20,22071
14,19483
7,21445
9,8221
11,20237
2,467
10,36263
12,15766
7,31996
12,42876
12,2039
2,47593
3,16227
4,17998
4,40952
16,273
15,44423
2,17100
12,2886
7,28186
10,1995
19,17251
14,2362
6,19111
10,46660
4,36899
11,33695
20,47209
12,4913
2,5723
20,14026
2,38440
5,19500
14,31760
5,33593
9,1780
1,41235
17,17593
17,2964
1,45195
4,9899
17,2802
10,30496
13,42113
9,2179
11,41320
20,9551
10,17844
8,47625
8,44609
2,32461
20,7277
14,44063
12,7731
19,36102
13,22231
8,39013
1,40142
14,34199
9,24578
17,46763
13,23228
1,47055
17,17389
18,28866
5,39388
2,1469
7,38651
5,36363
9,22697
2,21546
3,45113
11,37416
15,31885
15,35566
19,12387
1,118
20,1723
2,14597
12,38590
17,48705
8,42575
1,7147
13,27990
11,45680
18,49263
20,39681
1,34502
11,37885
13,32095
11,27210
15,14628
4,24911
18,49479
2,2182
20,30403
20,25593
19,34029
10,8317
2,13296
13,39572
15,29539
12,49779
8,13471
7,27056
5,37394
3,27123
7,41058
13,36408
16,32991
1,21263
12,47442
18,28575
7,1310
15,29329
12,38584
13,10215
5,38918
11,36472
16,32601
3,25199
5,29417
20,12049
2,7448
3,2434
10,45582
19,47039
8,49502
5,25521
19,33465
18,28660
5,24632
9,40758
20,35059
18,3035
1,41216
18,24183
11,6044
16,5045
6,21933
16,6212
16,44220
5,4462
4,32001
4,6351
11,18216
19,10291
20,22565
14,6393
5,30319
4,17105
19,21114
7,6300
16,9208
20,18396
18,30652
1,39964
15,9431
16,23747
1,24852
13,42441
13,49582
4,9665
19,31715
13,16421
10,25579
13,19709
3,41947
15,41445
14,9374
15,10481
6,16194
8,7662
17,38094
15,40625
19,24165
1,3393
5,7201
8,14101
17,4374
15,38089
11,25319
17,38586
2,39381
10,38609
9,3752
8,17521
19,21919
2,1521
6,43732
16,34144
19,32418
4,2143
17,48814
2,44599
12,45898
6,20124
11,8290
18,28910
7,12929
6,46496
13,36619
19,13948
15,16688
13,42983
9,24890
8,10479
13,44814
8,31861
19,39270
2,7399
15,6341
4,22111
18,29906
19,42534
10,17497
18,15857
6,42765
6,8507
6,22798
11,49640
1,31023
19,20406
12,3349
5,8861
5,19672
14,45110
8,22532
5,13096
11,33662
2,7074
2,2759
5,19325
2,18103
18,11255
8,1179
20,6554
10,47329
8,12820
12,5783
19,511
13,32262
3,49414
18,28432
5,8565
7,2173
13,47779
2,20673
8,39588
19,11518
18,49842
19,14368
9,27335
6,5628
17,45218
9,15305
15,45514
20,23758
19,47483
10,40578
12,1613
14,32749
10,4281
9,42590
8,21558
4,3350
10,42305
18,37970
12,45987
2,39815
14,38177
6,609
7,48566
11,47154
1,1847
3,12670
3,14103
2,7204
11,19602
5,3713
8,33828
1,12685
19,32215
10,36672
10,36192
3,25478
19,21359
13,1335
8,3981
18,4096
19,20828
7,48994
12,42708
16,31410
10,44718
4,31263
3,4691
13,18322
4,14152
12,19288
10,11411
17,33579
18,48035
19,36343
5,47100
14,38105
10,41231
20,35850
17,13722
10,30164
5,43465
18,42150
4,24673
19,21257
19,43576
16,32745
17,19809
13,24973
15,11674
18,48789
17,21871
18,29838
20,39167
5,31744
9,15422
14,15601
20,49489
20,40225
19,35457
8,22114
18,4616
3,17461
17,16631
5,23858
13,16945
20,16168
7,16265
1,10748
4,1323
20,29449
4,34386
6,7817
4,11611
7,6604
10,39065
9,2146
10,17451
13,396
19,10769
8,21944
18,2518
20,49669
4,24236
3,18212
8,25325
9,2559
1,47392
1,22974
9,41117
19,24477
10,36472
4,35738
3,48014
7,28798
14,34784
10,24333
16,18191
3,39587
5,18723
14,28343
15,47503
13,44019
5,4242
14,16022
2,14587
13,10655
15,38512
18,23291
14,45794
10,31698
13,38899
1,25851
20,19738
14,48495
16,14987
2,5314
14,21071
1,45860
10,45869
17,48823
1,48175
20,2498
12,48874
20,29824
2,13163
20,7107
1,5477
8,5062
9,4364
5,12235
15,23378
8,23592
5,38221
17,25226
5,15484
8,16985
20,14262
9,23792
2,25921
6,20655
4,34067
2,29561
17,15824
6,19574
19,241
18,42022
13,7616
12,45688
15,7454
13,47438
5,3949
12,15102
9,35107
14,35008
18,16198
1,12183
15,149
8,38928
9,18832
4,2230
7,43453
7,33625
20,17662
15,17531
3,2938
12,12283
1,36889
3,33019
3,31076
15,42723
10,49297
14,36507
3,8711
20,45685
1,24241
16,44878
13,30096
9,47783
6,22491
2,27250
4,29389
6,21267
1,29824
15,5802
5,279
2,49871
11,8094
5,19039
13,29382
3,34300
3,14164
8,14035
16,3705
6,38152
9,28370
8,40709
16,38655
4,9384
15,21012
18,15386
1,30752
11,40056
1,42260
7,27109
1,28473
20,49566
16,20561
8,7189
11,23804
2,231
14,40223
4,12808
14,39911
9,15652
20,29420
2,21997
7,4298
4,29627
8,17423
17,46294
6,32915
7,43684
17,14129
16,24258
14,27368
5,29578
8,43945
10,38576
8,47768
20,31278
7,23595
5,42873
10,5443
13,13508
1,32859
10,26255
19,37364
2,10708
16,22317
14,25952
18,6758
17,23485
4,16715
14,49746
2,14053
8,12965
1,42941
3,13972
4,37329
18,32960
9,1835
15,40237
9,10352
12,33766
5,38021
18,182
11,998
17,9223
15,23015
7,47422
15,4630
19,39973
7,30111
12,21418
3,40701
10,21250
8,20500
4,867
6,39945
14,35536
7,10693
11,12657
5,31619
2,14866
2,35550
11,7213
10,6243
3,20858
5,47165
12,25535
17,26613
5,27582
8,18957
6,31759
10,2228
18,31354
16,10940
20,25884
14,19586
13,11590
19,31164
16,21491
4,3358
5,31853
16,6897
4,4025
9,3857
8,43654
1,25137
13,42138
7,20980
18,24462
19,46429
13,10642
2,49928
2,1686
10,18330
10,12690
4,34867
3,3553
16,14301
6,14073
3,48579
10,22853
3,12240
9,22508
15,6537
6,49454
9,2055
14,49772
5,4361
9,7132
13,43733
8,48311
10,25549
11,23826
2,47817
9,38508
19,25770
15,15466
8,3200
12,35011
14,12197
10,44360
6,700
17,30781
16,25243
18,20831
5,17487
18,46697
19,45907
3,26839
12,1127
3,6368
6,24158
5,46851
14,5913
12,31081
13,48492
6,45498
11,7724
19,24535
4,2025
11,35878
10,48814
11,26001
2,24608
7,12981
17,29862
18,48305
6,37188
11,13537
4,46304
9,8570
9,38176
18,45999
18,49518
3,15664
15,15739
14,19891
19,39268
10,1917
14,21370
9,48635
19,7914
7,31817
2,21837
11,42609
17,35565
10,9509
3,15286
8,39917
19,41265
10,1876
14,38778
6,38782
2,21894
19,3828
4,15986
6,33354
15,40600
1,26811
15,6044
14,41309
18,37606
10,9819
20,4653
20,7388
16,6980
4,6682
14,21139
13,38016
12,2973
11,28283
17,12559
17,48967
1,16872
7,26017
9,1959
13,4926
8,6254
12,12297
8,22249
6,47929
9,28934
8,22367
14,42526
19,32583
14,14490
5,34292
16,32669
8,12490
11,30535
7,1229
5,30174
6,19635
5,27851
9,48356
1,16251
12,47896
12,2138
20,41779
13,2484
6,19916
19,32415
19,36694
4,10489
11,2033
12,33547
3,20005
12,46394
7,42246
13,33272
9,12848
1,44414
1,24012
14,9155
6,43242
8,6249
15,14045
19,16273
2,43548
11,36751
4,27279
8,28068
14,42911
12,34259
11,21078
15,34528
15,16185
18,1183
16,927
5,45372
9,44663
5,36549
1,38412
10,1656
4,47101
20,26991
18,25710
8,35472
5,44124
19,32327
7,42106
10,22996
3,21385
13,46700
19,31357
13,38266
3,34797
14,33589
16,12903
6,3688
6,7522
4,13907
1,37149
2,38692
8,4785
2,36759
3,3676
8,39739
4,26231
3,12079
20,30341
13,24548
12,42898
8,3148
19,27390
7,29269
1,970
18,5450
10,19921
20,29863
16,49308
10,30804
8,26879
18,11034
5,15839
20,18867
18,41775
5,14552
10,40954
10,41462
4,29288
10,19465
8,9955
3,39946
15,8612
1,21399
15,42615
10,10717
5,30072
16,8013
6,44101
10,19977
9,37918
12,24933
4,37400
4,29784
12,45519
18,13843
4,43542
15,16354
20,1335
9,37081
2,29110
8,32494
14,32613
19,48329
6,19480
3,43102
15,39449
1,32054
12,22808
5,15728
4,1318
1,22936
12,6711
9,29987
5,49506
1,47093
6,4429
12,15849
15,28076
1,18531
15,27718
7,20776
4,27089
13,47458
15,23767
8,5836
13,39171
6,11863
13,20433
4,26189
6,10983
2,22441
4,28529
13,21462
14,23243
11,30761
4,49882
8,22758
11,26577
7,8615
2,6322
10,39018
6,44210
4,25105
4,35521
19,38062
14,2092
17,32293
16,5605
20,46994
12,25365
7,4650
1,46682
18,38260
7,34053
4,29678
8,11044
11,4141
4,20651
19,4857
16,46163
1,32990
20,39894
12,24329
20,16120
11,38120
6,34630
1,17966
16,18860
13,10285
18,22242
13,49745
11,38291
6,37347
9,37612
3,12797
15,1586
3,2042
13,10970
19,25257
18,34937
9,44077
8,40244
4,12540
7,34104
6,17804
10,22058
14,47478
20,31991
11,26256
11,3993
4,7601
15,23140
20,29617
16,8641
14,9703
1,37015
16,47153
18,43787
18,23434
7,14694
9,8014
15,16914
1,36533
19,7731
20,29327
16,30298
13,31427
3,47841
16,22720
15,15192
13,37184
20,6936
10,23801
7,15528
5,35087
8,14251
13,2682
15,15903
5,17020
6,13652
8,39002
14,12535
16,42974
15,30033
13,36175
19,21601
14,6977
8,35343
11,6391
3,34938
1,14924
11,23097
9,13182
16,39664
14,34765
8,5554
3,23662
2,32177
6,44967
19,45901
12,625
12,38221
16,17060
9,6699
2,45389
6,2105
4,46234
16,2834
14,36127
7,44859
17,44725
11,5468
1,19179
18,19075
13,7284
3,1462
8,17984
19,8418
5,45508
15,21799
17,36874
2,12827
13,5179
13,37312
15,24767
6,3070
13,21429
14,24902
7,25225
2,21137
5,125
6,23573
19,44828
3,23887
14,12407
14,16938
11,8140
7,48339
10,5306
17,32764
10,35220
7,21930
5,30341
8,12310
8,39872
15,47121
4,8687
10,27203
8,39491
16,15453
16,43383
9,22833
18,38043
7,26023
7,19562
17,26244
17,43055
20,8114
8,33094
19,26542
8,23634
4,42292
9,30800
9,37617
16,10525
19,3029
10,45547
1,44029
11,10612
13,38723
13,26729
17,9993
17,20181
13,2825
9,14338
6,2160
18,37012
8,6428
2,7388
3,16954
20,18885
13,27255
10,24112
2,48024
16,14765
15,48749
13,26202
1,9222
8,29762
5,30545
16,4407
3,28992
10,40381
2,22249
8,44789
17,43748
17,39601
2,47556
8,13787
1,21967
17,46420
17,334
1,14201
15,14496
12,6737
5,26547
6,10520
1,35283
13,39533
18,44864
15,2539
4,23429
3,28755
14,12675
5,43417
9,13224
19,19617
2,19751
17,2264
8,32439
20,12726
15,48856
18,19933
18,20886
18,37051
9,36734
3,1300
12,25405
5,35127
12,36346
9,5753
1,14998
1,27652
5,528
7,38624
14,47021
12,47108
9,38817
6,23269
13,22348
4,15246
8,16488
17,3113
15,47451
11,15014
10,16528
16,15064
11,31490
14,31545
13,46503
11,25942
3,8690
13,13895
19,16998
7,23825
10,17892
19,40390
3,838
10,7557
9,14914
17,47095
9,37510
3,6409
4,44565
6,25194
17,32172
18,43854
9,38056
7,35262
12,31850
13,36786
2,15021
18,38647
2,1642
7,17258
9,41861
8,48633
4,27922
9,12714
19,26320
3,4983
20,17737
5,10000
2,30063
5,29877
12,32262
6,31099
19,32562
6,5510
17,5063
1,28211
20,41585
1,24976
11,43715
10,7690
18,30795
19,8416
13,16150
4,20389
17,20263
1,45225
9,30358
8,40960
8,49477
18,35715
17,29865
5,30625
18,31017
13,16968
10,46701
3,9105
11,17316
13,30881
13,24676
3,11127
8,39983
17,7324
16,22296
3,38157
1,7352
19,8905
6,4339
7,3332
4,16490
5,5421
18,8135
13,44478
13,9703
9,11370
10,22632
9,1919
9,27792
8,45929
18,14494
7,26069
10,5268
11,168
5,10062
19,41982
8,41632
16,4482
20,14699
9,20608
4,32586
14,20302
5,2337
2,43589
14,9389
18,14167
6,27269
11,49914
20,8898
11,40122
20,35247
5,29057
17,6350
12,30255
2,44046
19,37883
12,7286
14,44339
17,32919
9,25505
4,31712
7,10790
15,22615
11,10310
9,49824
17,16133
1,7743
13,37445
14,39355
8,7998
10,9452
11,1481
10,6286
13,42881
5,11646
4,40006
7,4835
4,18808
19,21238
17,31128
7,20943
14,31202
9,9332
18,1601
18,17951
16,49353
4,29593
19,761
3,13507
17,15110
8,10075
10,16641
17,26417
11,12063
7,10800
19,46308
1,17873
19,23133
5,38977
11,6889
5,30438
2,20726
11,30773
20,21588
19,19765
18,44056
18,10927
20,40011
2,34999
8,38452
16,36044
9,10459
16,1390
6,42189
1,24469
1,39815
6,30471
7,22566
5,28629
11,22200
8,6874
8,42754
15,23711
7,10169
14,2717
7,45365
8,8385
6,42260
13,48467
6,587
3,17489
1,35647
18,37812
1,12736
7,9354
10,31757
6,45717
11,21109
11,20962
11,5742
7,33169
9,367
12,2777
19,39237
13,34815
20,22004
13,27596
14,1658
4,6745
2,15684
1,23270
17,13494
6,3502
4,21569
19,25750
5,40406
14,6421
15,29786
13,29744
6,12546
4,15440
3,31785
3,28802
14,42412
10,14229
14,44572
13,48956
16,41773
3,41807
13,7573
5,46392
4,1602
4,34865
11,22964
8,28418
14,21148
11,40876
9,6453
12,27969
16,31434
14,25354
14,34346
1,35668
12,42044
17,38648
3,31782
12,10091
10,37701
13,12364
12,18532
7,45940
15,10115
17,22882
8,44416
3,8504
13,21263
13,31611
2,27047
6,40061
11,22459
19,15737
11,32704
7,11833
5,41489
6,26226
1,14071
15,7782
18,48542
6,27713
11,46883
10,41586
3,9275
19,8138
12,39522
6,43405
16,22138
7,35331
18,27081
1,13899
6,46669
12,2191
9,18731
6,21802
20,4828
12,33830
1,42602
2,49258
5,37242
11,18430
18,22545
10,11464
11,23098
18,31342
9,2223
1,49349
14,27086
4,40846
14,44817
18,673
11,18303
11,20113
8,35116
5,31524
6,3279
6,45526
2,27367
13,40044
1,36448
17,45849
13,5112
4,5494
14,29296
1,1520
15,9549
17,49341
7,1909
19,29728
14,6257
3,49494
14,34320
9,44264
14,9585
4,32801
16,2023
10,26441
16,30531
7,10628
8,37191
1,403
17,23069
15,20166
2,46689
2,2492
1,22252
18,8243
8,24965
13,34837
18,5022
3,35414
20,14416
7,39353
6,18214
13,10609
18,20064
9,39236
15,41386
19,21454
15,15792
5,19797
14,5734
17,35301
2,35886
6,35955
17,45343
16,44515
16,16750
7,42934
19,12211
9,47721
12,22377
2,13390
10,47250
9,12182
4,40149
8,49587
20,21785
20,20372
14,2494
1,28671
20,5735
8,15849
7,45008
18,16145
9,12907
13,19780
3,43446
19,41409
19,34125
9,21309
2,34028
8,13547
9,48287
19,36383
17,37965
5,43644
7,15105
7,2229
12,31391
17,25137
10,16522
3,7391
6,15526
12,46482
9,12176
13,6137
10,7274
20,1544
13,24678
16,8500
3,27330
12,46404
7,3840
12,13190
11,26670
3,23401
13,20485
17,36624
15,39499
14,16581
6,10918
20,47844
8,1811
18,44410
11,37556
18,19117
15,9788
12,46788
1,41590
1,43416
14,43437
19,26542
14,39605
18,48435
2,24096
1,49621
15,9079
10,49482
14,40313
2,38450
4,38862
9,43451
18,5424
4,10038
9,47031
10,28559
18,24493
12,17801
7,37700
15,41057
2,40657
13,43426
3,11513
14,4373
4,3820
3,33987
7,2577
2,41350
6,43610
13,34424
18,40685
3,40915
15,5777
17,28162
16,49391
20,16431
18,49847
18,39012
5,7917
12,43739
12,20916
20,47696
9,23373
5,19703
14,47491
16,4796
16,41580
5,15741
9,20221
11,24566
14,32655
20,10286
9,49685
10,19163
10,16676
2,47949
14,6499
18,32417
10,42381
5,38688
17,11445
15,2582
12,40516
17,387
8,38324
9,16675
15,904
20,46986
11,7339
18,11084
1,48801
19,9867
8,45752
5,6734
13,47408
3,6440
6,44547
6,12352
9,43449
15,21335
19,42474
5,20617
15,19449
16,45386
9,26008
8,3746
20,20346
18,47346
4,6996
3,39919
12,46771
17,24570
18,4626
6,19138
20,1993
2,6960
8,25691
7,22173
5,23444
2,2725
6,4465
1,45446
13,27149
3,34857
15,28673
13,2111
10,24754
5,33120
9,9131
8,42119
1,33722
1,41316
19,31184
10,2091
13,24939
6,28212
2,23921
20,20136
11,48400
14,40549
4,37833
18,22847
4,45424
6,8921
7,18975
1,41059
3,44397
18,20603
10,5851
12,5865
5,42741
12,48428
11,48424
17,35786
8,41623
16,49738
17,40427
9,5892
14,7708
3,34826
16,23543
18,41964
11,36440
5,26280
13,40760
14,1932
10,3488
9,27526
5,3913
14,39758
20,47491
14,26513
7,49539
13,9081
11,32502
6,27403
17,28133
17,29113
14,4767
18,43843
11,10931
20,30746
4,9382
5,4367
7,47389
20,30253
9,37878
11,14926
3,29041
6,24776
6,6806
11,33042
5,24617
3,5339
11,26308
4,21691
9,13563
12,48835
5,11287
19,36505
12,3288
18,6202
15,20889
14,15560
4,738
5,20058
19,44902
17,43874
6,21967
16,18839
19,17809
11,33897
15,23770
7,35221
12,17519
12,13031
19,789
12,24050
12,28471
13,14602
12,35161
11,37624
15,49551
9,19679
12,1034
2,13524
16,7914
2,39261
14,31496
17,44898
9,10347
5,45894
18,1884
17,42358
19,6447
12,1797
7,37991
10,29866
13,40936
19,3674
16,22497
3,22124
20,12616
12,34929
8,8998
7,6307
17,16617
7,12555
19,32751
1,34811
9,11121
4,19244
20,372
12,35799
1,8700
8,31967
13,15627
1,23956
10,36503
1,2295
1,24720
11,1026
2,8103
13,1930
19,35102
6,23276
5,21615
5,36075
7,10845
17,6792
18,13039
6,3047
6,46986
17,32548
3,36479
5,44020
15,38617
17,27774
1,10973
1,49746
8,24390
7,42559
13,42625
1,7598
3,18145
20,28962
15,39947
15,42661
9,38518
12,41513
9,45394
9,27958
19,20657
4,45305
4,49918
7,36063
11,16634
1,43769
13,32567
10,39344
20,24274
19,26244
7,22728
11,25392
8,33983
16,42628
11,6057
6,8342
14,41209
16,13984
16,36846
2,23446
3,9806
3,31792
16,44964
4,27534
17,44946
9,35856
16,47867
5,46024
2,40500
18,17541
12,20259
2,25472
17,49828
12,32108
9,42543
2,44539
2,6122
5,2266
7,18994
7,9151
19,29360
20,15494
2,22181
7,37486
18,26371
5,36971
1,6085
20,17938
13,24272
9,43985
11,14329
10,23032
20,10169
7,27224
5,34053
13,16934
6,33880
4,46871
6,21056
19,22506
11,48238
4,39259
8,33389
19,43046
20,22572
7,23317
12,34999
1,30432
12,10187
17,15317
17,15732
14,17306
12,29359
15,45297
11,12070
19,2615
11,29672
8,36801
1,24971
17,6755
3,31419
3,32043
5,43864
16,30457
4,39603
19,16883
6,34522
4,39349
3,21948
9,44079
19,6307
16,22220
1,27147
16,14658
4,27356
1,7566
11,26440
8,9244
12,26770
15,12851
4,25513
8,32862
11,24222
14,44943
8,19271
11,9060
1,34323
15,45363
16,19775
8,37782
8,34164
13,35999
12,33217
18,13797
11,12827
8,15501
13,21393
3,1996
19,24535
3,36135
18,11532
19,47459
12,21103
2,19160
10,43702
7,41994
10,48564
18,27159
18,30261
20,14805
9,49413
9,11736
15,296
13,4854
11,11929
4,41581
4,10313
8,49517
11,7305
4,9302
1,10679
13,29886
18,22323
17,46153
17,24007
11,34745
5,14771
14,37662
20,6573
5,31667
20,23512
15,14019
15,40536
15,46103
19,44620
9,21064
17,12427
18,23576
19,28990
10,23244
15,43522
1,5694
6,18351
14,10549
13,6779
13,2987
17,39742
15,19107
16,2624
6,44137
6,26295
16,21684
4,22928
7,18613
5,46428
12,2505
17,36395
20,46872
13,43004
14,18191
20,26369
10,19991
20,49482
14,19009
9,17208
1,11737
3,17924
16,20324
3,18579
16,9349
12,17707
7,10102
13,43040
15,33797
20,31670
6,30743
5,12235
1,47977
9,20377
9,22982
12,22180
9,9205
18,35009
6,14894
12,42302
1,16407
10,46227
2,4260
17,3626
18,7423
15,12907
11,48875
18,26328
16,8382
12,49938
6,46719
12,39862
10,40431
15,29845
7,49662
10,40839
20,11182
14,26539
14,2749
6,35472
14,24758
3,41689
16,40899
19,4542
2,8953
15,4441
4,35710
9,16658
1,32776
18,44728
14,3574
5,7915
8,23621
8,6289
5,10208
4,13216
17,10943
19,9812
11,38144
14,37884
16,15671
3,48675
18,46534
18,43871
15,49777
1,48451
19,12139
11,10742
6,6024
10,14930
7,21969
3,9554
20,12182
15,11219
14,32362
14,8677
10,12905
16,43622
7,8601
20,41515
1,37044
6,44082
12,24399
14,4808
10,4326
9,4893
16,34369
16,32668
10,25349
9,35262
18,40681
5,10447
6,2951
7,9193
6,44935
17,49376
9,20880
19,32524
3,25711
16,19204
8,44982
9,33082
13,49689
5,10973
13,31671
2,12304
17,3054
15,13613
12,7879
17,8748
2,43895
14,40313
10,44837
18,1765
2,1747
16,26306
10,18765
16,31369
16,7832
16,33850
10,7615
2,11742
14,10337
6,31306
7,15969
7,18635
7,14186
8,33772
5,27172
17,32299
3,39809
12,5592
20,30172
17,26348
13,31127
3,23258
7,45870
3,21083
6,14615
6,19656
5,22552
1,38759
1,10356
5,27732
18,30264
6,8364
9,32604
11,9729
10,48770
8,47222
6,40653
2,47658
2,48522
8,12163
13,34553
11,38040
8,14069
5,41770
18,29013
13,26654
19,49307
14,46648
12,7089
16,38432
1,19693
4,32505
20,27888
18,25978
16,16518
14,48913
4,26396
9,43334
1,7919
20,46900
6,18303
10,9348
4,31127
3,7110
11,43422
6,8676
13,41075
14,13827
18,21978
4,5947
5,17815
7,8975
10,25970
13,13359
20,7138
8,15935
6,33860
12,10714
17,17941
11,12092
19,22250
7,32145
10,22633
1,42105
3,7956
10,20053
10,18147
10,19896
8,221
4,14003
7,20828
12,11319
11,36847
4,33995
9,15321
4,22736
12,261
13,34434
10,37723
15,41159
12,6179
5,24257
18,11702
7,27669
16,46775
15,8616
6,5307
17,29213
20,30525
8,46852
20,6185
6,26060
15,14626
18,40502
12,21596
12,46244
8,40455
14,7915
3,33991
12,22528
14,7199
5,11413
16,20515
1,48200
17,13299
9,28007
10,18606
3,24979
9,2202
1,13021
8,20344
15,21249
18,45132
2,17178
5,45863
18,4539
16,40763
13,34245
15,23105
5,33292
8,2779
19,5869
12,36299
5,22674
19,20345
5,46184
10,25108
14,28840
14,23962
10,18609
13,31186
20,17151
17,42100
19,4741
14,35034
4,40898
12,3491
13,11194
14,46556
7,46447
17,14547
18,10581
8,35710
17,38700
12,2310
8,20651
20,26815
9,11485
19,44082
18,49307
20,22236
1,43742
16,15707
13,43730
13,26325
11,40763
17,16940
6,9361
10,25814
15,1532
13,26211
16,20372
14,788
18,28274
4,2291
20,40421
17,13486
1,30511
1,10928
10,49790
4,2091
7,23528
15,29757
11,44011
2,43074
4,3020
17,35706
7,37429
7,12479
5,37139
9,15950
4,20871
16,31288
14,2289
17,9144
20,31280
16,34219
19,21334
5,14338
9,14017
10,9013
18,29018
20,19969
4,31058
10,13859
8,9634
13,25099
14,36039
8,1366
4,36188
14,12897
12,41765
6,38059
3,10285
12,36630
5,9999
17,4312
13,42559
2,49048
3,12874
14,9618
20,38830
16,17985
13,25422
17,44299
3,26433
16,14561
9,29019
3,18643
4,4648
4,37591
19,10647
12,14868
1,13159
9,36275
10,44995
10,16543
5,30887
11,4502
4,2308
16,30266
19,45963
20,46983
1,25050
1,2259
7,47396
19,45592
14,16305
11,31281
11,3938
3,20272
3,49981
3,33401
13,46803
9,35232
20,8901
20,46760
13,36270
13,31696
15,15260
16,33099
13,8907
20,9857
18,40414
17,27192
17,27785
20,48531
20,44605
14,41491
2,42659
20,12206
14,34593
6,11557
11,40536
17,4372
14,48639
16,20129
17,1759
10,10943
19,9151
20,35101
15,45720
7,35964
13,26342
6,23014
11,2354
13,44935
8,9014
13,1452
15,17207
13,45024
10,37899
17,20266
4,24079
19,40972
3,13097
20,13624
11,25191
1,31311
14,46151
7,41184
17,1095
15,44449
10,6175
3,31586
8,28867
20,7446
7,29036
3,15811
4,2980
16,3253
19,35657
7,32695
8,47093
1,19275
20,42784
13,42385
12,21959
13,41209
4,11855
18,25175
15,45759
19,44484
14,40736
16,24941
13,27688
9,47518
14,8521
1,21497
3,27856
7,47977
2,17208
2,39303
2,23344
13,25226
11,47522
1,16571
19,21725
1,5714
4,37336
20,14762
1,24955
6,38666
13,3230
5,2636
9,26992
6,26451
16,25586
13,17641
17,23881
11,22067
18,37360
9,17157
2,13233
11,16818
6,12732
6,2299
5,37530
4,35717
14,3313
3,35253
11,19749
15,7980
7,28918
10,22391
10,24225
5,38218
18,20220
4,13716
20,24173
17,35744
18,2865
11,10085
13,30059
18,48711
4,33265
13,16827
14,48495
3,33293
18,46944
4,16018
19,3482
15,27935
16,10910
16,2277
6,35265
5,44483
12,22757
17,26014
20,38307
20,17674
18,6799
10,37375
20,37865
8,34194
18,29272
15,9331
15,41023
18,15851
10,34159
5,26676
7,30757
10,7408
20,46520
13,32164
6,9359
14,27879
8,37153
11,34619
6,8682
18,45252
17,3325
16,23617
13,363
13,47232
3,36336
18,34821
13,15746
6,5323
2,1390
19,36384
19,45555
8,37742
17,30292
14,42806
14,31713
2,30241
5,38530
16,30450
20,23142
15,48051
11,38091
16,8371
6,12444
12,32322
4,10022
9,33488
20,45308
11,26454
9,6641
3,45625
4,46674
17,37027
15,21116
11,34482
2,6200
12,4392
7,16085
15,31346
5,24498
2,8566
1,6202
12,39697
8,24912
16,27157
8,49497
3,38756
12,24914
3,22480
17,9299
16,42623
16,2499
12,48144
17,17031
10,22839
6,24618
1,48145
1,48306
20,49275
11,7129
15,37214
1,37274
3,29015
5,9519
6,24215
19,12008
16,20192
18,42808
4,38890
19,17217
6,45657
19,20361
3,17785
15,8109
13,45208
14,47250
7,49907
7,47856
16,19899
15,2183
6,33917
20,49764
14,37718
7,23847
5,14453
20,20463
17,1217
5,20191
19,44234
13,46971
18,26547
13,24861
12,2961
5,3881
10,48223
2,14849
5,20890
6,22069
2,32435
20,29114
9,13311
14,22134
13,30370
13,20655
8,27345
3,43122
20,5080
3,595
14,35771
5,14060
3,19451
7,16221
17,35758
7,4354
1,16501
6,15192
16,27479
13,17450
3,39551
10,25226
11,21547
4,318
1,2216
20,9512
3,25386
5,27190
17,11724
5,3466
12,13534
12,3306
18,31442
14,24488
11,7473
8,21599
4,42752
19,652
10,19189
9,44611
3,34149
6,1183
11,46779
17,3420
9,13480
12,14110
12,33483
8,40080
19,36242
17,40981
6,35653
10,28535
15,2431
15,30268
7,24410
3,30784
10,4675
9,9631
16,36539
6,15274
16,14117
13,18604
20,22926
2,16852
6,49027
10,29677
16,23876
4,40607
9,47516
17,49491
17,9998
6,31951
4,12682
14,8952
11,18117
7,12292
10,12245
14,26836
15,35780
7,11260
6,19968
12,1465
11,21120
3,39895
18,17995
12,22396
10,5729
8,27414
3,10731
12,20863
13,46986
10,46893
14,31030
11,30170
5,8003
14,12162
19,690
9,24371
12,14258
12,45130
14,5314
20,22567
4,32236
16,2771
7,12512
18,32730
2,18452
17,48164
8,46638
8,25275
18,48542
13,30534
2,5481
20,28058
1,46840
1,24144
12,15728
6,13668
12,42122
19,1066
19,23202
1,25147
19,15171
15,43694
12,15741
14,22444
8,23095
4,23786
16,25857
8,40199
1,4349
13,33142
11,373
20,21788
14,10315
7,39146
13,41040
18,39796
13,27548
6,11346
17,13896
19,110
9,48147
7,31210
4,38134
17,31791
20,22898
12,3815
14,29038
17,21847
14,33340
15,35295
12,25739
1,46356
19,44699
13,14430
20,17569
10,27940
10,16583
11,19193
7,42102
9,34160
9,20858
12,2178
10,27095
17,28515
19,32898
5,34956
9,22999
9,22795
6,12837
8,2340
7,49063
15,37818
13,23996
1,38354
13,15132
19,28276
2,7148
11,45179
19,16473
13,27155
16,5845
14,39290
19,12165
14,5237
17,43320
10,47725
15,11775
4,25288
2,25082
11,4593
18,8602
16,38256
5,42173
9,4200
13,26526
15,8690
14,36645
4,38843
20,13996
16,30079
16,19954
16,40817
2,35691
10,641
13,32753
4,20145
13,27530
7,16777
9,1672
16,3649
2,23258
17,7416
1,37599
5,18163
2,38338
18,14355
18,20088
4,24632
15,10571
11,19855
13,15113
16,46367
1,1690
20,29916
19,21072
9,6603
1,38798
8,45359
12,18913
13,6534
2,38012
7,11947
8,23388
19,33834
5,1353
1,14783
11,24276
12,8039
7,43324
1,48684
14,18289
17,22195
10,30743
13,19312
20,14633
15,25106
9,16594
2,7908
3,43387
13,8061
15,27471
6,20638
11,22244
17,28278
12,11459
3,36567
9,7637
2,34331
6,26156
1,22801
20,18449
19,9044
12,1636
15,49679
16,21712
17,25021
11,38588
12,42626
8,17473
20,5719
12,44123
17,8784
15,12756
13,31268
3,11114
5,32288
20,5217
4,46916
18,17698
2,12539
5,19991
9,32426
16,24890
20,29207
13,13917
18,26106
15,3645
20,16659
15,28890
6,44741
15,36447
12,31952
9,35673
4,41441
19,38730
2,14202
20,39729
6,29607
14,9980
19,19862
5,43307
20,11341
5,42314
6,14811
10,9355
15,2454
19,864
7,23310
11,43466
2,16920
10,45204
17,30422
7,1180
1,28713
13,34224
2,24252
9,32688
15,22312
3,18310
7,36503
3,3235
11,26623
14,31416
8,3135
8,40522
2,45200
11,13931
2,15826
19,47387
11,11815
6,3130
20,25715
11,17106
4,8281
3,43178
11,554
13,25342
5,34327
11,31851
16,23213
13,31671
19,49667
3,35342
2,24861
10,39171
18,34588
13,23438
13,46335
2,19621
11,19504
16,9037
4,37197
17,11851
18,5218
15,47417
8,26056
8,27056
1,41280
15,36208
4,25149
5,5027
15,14620
10,39175
4,42626
2,4849
2,9424
3,27957
14,25817
2,32021
7,43919
12,39502
14,18201
2,8075
17,10746
17,29219
11,20458
3,33646
6,15835
3,36415
10,13575
8,8652
14,44447
17,12463
3,19922
16,15256
1,48365
18,22583
17,3072
16,34470
8,18718
4,37237
10,33917
5,28001
7,27933
9,25796
10,36628
5,12248
15,5839
15,49968
19,1165
4,35675
1,26926
12,23082
6,32688
17,40564
16,12939
4,29572
8,777
3,1429
15,23895
12,44224
12,30934
3,38145
7,39005
1,33383
13,18039
3,13686
5,29251
19,45813
6,894
8,49332
14,31676
9,3875
6,35805
9,16631
7,39691
3,14293
11,31573
7,7388
11,45365
2,3457
13,10554
11,46088
10,17102
13,46691
11,7362
9,4283
20,27231
12,19466
15,20484
3,49333
3,15629
14,39613
1,36148
2,11718
18,36737
8,30840
8,18126
12,18747
9,14135
18,30938
3,32768
11,30383
20,28469
1,43841
7,39252
12,1246
11,38971
16,44678
1,6960
8,21581
15,8142
11,45944
10,15469
19,16336
20,34159
16,49449
1,21410
2,13511
7,364
3,10628
5,33673
12,14975
16,24610
11,3948
17,43522
17,39894
12,1692
3,2826
4,39593
13,28413
6,46992
18,48659
16,44340
19,48030
9,45164
11,19361
19,49124
6,37370
17,11986
1,30442
2,8738
2,14864
15,2252
8,3021
9,40026
7,36130
12,46986
1,40343
9,39248
13,37801
19,2956
17,41462
12,44522
20,37959
13,30177
6,26004
12,24112
3,30536
16,21876
13,24612
15,22691
11,20374
20,42172
4,26518
4,14815
2,13681
6,35052
1,45777
10,8971
9,41590
9,6195
19,26645
19,48676
8,28026
13,26021
2,46051
16,13393
3,9866
3,39678
19,48200
6,26659
9,49340
14,36883
9,40711
8,27455
12,6799
19,6455
13,43648
2,14147
13,43480
2,4882
13,21729
19,42883
10,34650
3,15028
16,30429
20,16216
3,17873
2,22742
8,4663
20,29100
11,23319
2,49603
2,47544
8,7011
6,14231
4,23779
2,881
7,6948
14,22852
14,43404
13,8561
14,40243
2,43525
13,35173
10,32155
20,14952
17,14376
14,20372
11,38796
16,1197
4,44733
1,11639
16,2522
5,35550
16,40249
3,21263
13,25113
15,7914
17,35963
20,47917
7,47798
3,38500
11,21326
14,27068
7,4993
8,13157
7,5931
2,17270
15,8886
13,24355
3,39768
13,32279
5,48607
8,6836
16,21212
16,8586
12,33761
19,4792
13,36966
17,4069
9,30924
17,27319
4,29078
16,44689
15,10191
14,27518
12,15022
14,23874
15,24808
5,26092
2,28879
9,27886
12,7154
8,42999
10,48376
20,28900
8,29507
6,4953
17,42376
1,37032
1,10913
15,25477
1,12045
17,10270
20,4802
18,19349
17,9444
5,40136
9,42791
12,16957
2,24635
1,24742
4,42256
2,21109
17,9745
11,19390
15,33330
2,43653
19,47404
3,43789
1,9437
3,44259
10,45446
9,34455
9,3178
6,14446
3,40300
19,25069
20,13785
7,29906
2,14582
11,36584
8,27148
19,28375
19,45451
12,48814
11,28375
5,3470
20,6230
10,18147
3,34660
12,19428
7,23977
15,45460
14,15253
7,44377
18,11676
1,44754
10,6256
1,33457
19,1527
8,22443
8,45088
2,9348
1,9797
4,39969
11,26893
5,45575
13,30561
11,31865
9,8965
4,27422
10,17911
18,16056
18,48480
10,39021
9,1967
11,6886
3,36399
18,17547
6,29344
5,27982
14,121
2,17166
2,219
13,48336
15,2683
1,28379
3,22345
16,44104
16,21265
19,5710
1,43806
16,23592
9,24138
14,32921
14,46466
20,43614
9,27502
9,23310
12,46116
20,36880
19,7823
15,14500
12,42778
12,9162
11,14140
1,16979
7,12447
18,46741
20,14593
11,29945
9,25595
18,46017
17,43882
20,22687
17,45337
3,43979
15,25617
19,35468
17,37951
5,49651
9,32226
8,28623
17,49176
19,860
20,49822
13,26990
19,43681
14,32806
7,28434
4,38482
12,27447
8,16337
10,40772
17,18608
9,41043
15,4088
20,25142
17,17653
17,30271
16,25522
1,23179
10,33177
7,30317
19,30489
19,34684
3,530
10,12753
9,38367
3,39306
12,25607
5,3363
11,42289
6,47176
7,22966
13,4289
16,20898
17,48828
12,29358
11,46743
5,46261
19,31553
15,4120
11,31825
18,2986
12,46286
17,30640
6,8482
3,14901
2,47963
5,8894
8,2316
2,40307
13,40627
13,36257
8,26744
11,4226
20,2513
1,34536
11,28842
9,44391
9,33401
17,21445
4,36950
8,2000
3,41384
9,40530
19,30270
17,259
2,39999
3,10716
15,8251
4,34687
15,23461
12,41584
1,34267
15,6708
12,22265
9,44778
16,14733
9,13003
2,44371
11,36744
16,1582
7,12333
5,23793
5,38826
12,15956
14,18219
13,33177
14,27345
17,8282
20,42453
8,40437
13,17667
17,21589
17,24239
5,46889
10,33563
19,48994
9,1485
5,9694
5,6231
6,9834
11,7525
1,15209
10,17928
8,13233
4,22087
15,22029
16,18029
2,35700
19,38624
13,45888
2,22223
4,33848
13,37404
2,6379
1,33250
11,12898
7,8864
1,36110
5,41686
8,13244
7,45939
15,41726
10,22979
3,27704
17,16297
15,36745
13,9992
9,19688
19,26069
7,18550
9,33244
12,13481
2,3625
5,216
8,2508
11,24202
9,20446
6,7134
3,370
14,41200
10,7054
8,37970
20,37697
5,18950
1,16615
11,47877
13,30020
1,40110
5,33211
15,43420
14,39025
3,7940
8,7342
6,11222
1,13265
7,28208
8,28743
4,8213
10,23632
10,19294
14,45926
5,25094
5,22850
20,19847
11,33654
14,22736
17,3613
2,21618
11,464
18,6785
7,38509
5,39434
2,40691
2,9228
10,16551
16,40226
10,5362
14,20396
12,9839
6,47344
16,1562
12,2430
3,45848
20,11959
3,37022
5,22779
6,37540
19,24657
7,43159
1,3169
20,18538
19,45420
14,33369
15,3272
10,39045
20,14808
8,34399
7,46127
7,5281
11,10067
17,30407
11,27790
19,8142
14,11915
7,26809
7,40827
14,39629
18,21682
20,43034
1,45370
18,4115
6,7186
1,38199
5,1317
8,40551
10,20524
3,2046
1,23473
6,36985
13,23285
14,41968
1,16479
13,27603
3,22115
8,15706
4,34969
4,30756
18,38471
17,36364
3,9319
20,45175
9,31215
16,33855
14,2753
8,43700
5,22410
6,19902
7,32705
16,44707
19,26554
12,24148
11,12358
4,25277
3,34427
17,39844
1,31330
10,16208
11,809
1,32176
11,6853
20,3261
16,19738
4,522
6,23310
19,44446
20,24027
5,1562
20,49188
17,8599
14,12666
15,20811
4,22255
4,9080
20,3770
4,10268
4,8628
9,44468
6,13094
2,21875
18,15076
4,42037
9,37543
17,30317
5,35164
11,2833
3,44174
13,30792
2,28560
13,31319
19,23810
13,46570
13,17064
18,12148
11,11524
12,14193
8,21537
2,25670
6,46178
15,37739
13,38049
2,30613
17,37140
12,45869
13,42279
7,19590
10,25239
1,16054
12,30007
13,7502
16,25906
7,48927
14,30846
8,6085
6,6656
10,48983
14,18758
18,16359
20,20588
8,39955
14,4828
15,7102
12,31536
1,42069
13,5879
20,21019
3,32967
2,10526
20,30363
19,44532
7,45600
1,49365
10,6438
6,2256
19,38465
2,16056
9,33361
17,10488
4,6063
4,23590
17,19945
14,11015
11,16223
20,7341
2,45438
13,15744
9,34623
2,31939
5,49915
5,24497
20,32086
2,47418
13,47003
4,8110
3,44519
13,15025
6,18294
3,42123
12,1735
12,26972
18,1758
9,43545
18,6465
3,21314
18,41406
19,23171
2,16317
7,17943
9,32236
19,31661
2,47109
18,31200
2,35626
15,14247
17,9155
13,49041
4,19166
4,19086
9,30353
10,30381
10,11892
2,4377
8,27274
9,7800
11,49453
7,16703
6,3450
16,26354
2,40812
2,35616
10,1218
14,1907
20,12089
6,37122
1,10012
17,25343
17,31750
9,47238
4,14671
11,4925
7,15535
16,26204
10,32730
19,38291
10,19525
8,17625
14,47311
14,25377
2,43668
17,29028
14,38051
10,5614
6,21563
11,46602
1,1411
1,45160
14,28286
10,23621
14,43054
10,13168
7,40874
5,42072
18,34326
15,24687
7,34481
8,10591
12,19889
8,46777
6,16970
18,30273
5,44307
3,33223
17,36285
10,48687
20,36008
20,38949
9,43054
1,49436
15,30335
19,7771
15,4755
7,12928
10,17093
1,36477
7,9973
20,29889
12,21759
20,49975
10,3703
8,32632
16,4065
15,33976
20,43847
12,248
4,48572
4,38169
12,35173
12,28761
18,38339
7,29856
15,7476
18,46151
2,37094
13,3676
6,42093
13,14138
20,12135
7,12054
13,20019
7,47073
8,40322
11,15562
1,39870
17,49207
4,9534
14,31757
7,33812
15,18657
5,39686
8,39317
9,23253
12,12036
8,4542
8,35402
20,39129
5,1591
8,33942
15,21573
20,39298
1,17159
18,6373
14,8097
2,23837
3,3419
20,6736
12,14219
18,48185
7,38544
11,34072
17,41813
9,37671
8,25877
16,45404
14,7881
6,41151
5,42913
12,2305
15,36572
7,24161
3,39812
12,32640
8,24540
6,9084
15,9772
10,19889
18,28392
11,34713
19,25140
8,27012
11,24853
11,5896
10,37531
19,15848
3,7275
6,36820
9,46688
5,18582
8,17437
11,16071
13,41871
14,35551
9,28158
13,19984
16,43938
18,20886
12,46637
2,45256
10,45210
8,41492
20,13207
8,28628
2,4296
12,42686
4,40282
11,36683
4,39431
19,3355
6,39802
13,16353
19,7958
15,22645
9,43562
3,25354
4,2004
15,3855
14,34613
16,46916
15,30812
11,32449
16,30649
13,23609
4,18896
11,32303
10,38441
4,23990
8,19794
17,6604
12,17898
19,18764
8,40053
14,451
1,20322
18,5830
9,45833
5,11277
8,39619
2,18652
16,24709
10,19613
4,45343
2,12412
13,6242
6,9472
10,21785
14,21210
14,26931
9,46298
12,10683
11,48096
20,38173
3,31003
1,17997
9,22566
15,43834
7,18920
11,16412
6,36405
5,22355
15,44729
7,18197
2,37506
7,22547
18,22275
7,1929
12,32510
6,41800
7,3878
5,45912
7,874
20,31423
20,7299
6,28812
12,24098
15,6928
18,34055
19,2863
15,17293
14,25334
5,19493
14,48246
16,34416
13,3073
3,17478
14,263
20,35751
3,30258
16,32986
17,9024
16,5119
10,34779
4,44194
19,17541
1,34477
6,642
9,34019
10,13246
11,43063
20,47501
3,10694
13,13122
10,3750
18,47437
2,1413
9,36792
6,30504
15,15738
3,10567
1,6533
12,1568
2,47800
8,37185
2,9901
14,38976
15,25327
15,20156
13,3667
19,16059
9,43508
2,34230
12,34511
16,25964
17,45420
6,32358
11,17738
20,48798
14,47101
17,43880
12,33795
1,45562
20,43000
13,29653
3,14224
11,36833
12,36778
19,29686
11,18974
20,34517
19,6162
12,43724
5,9264
11,20907
15,33164
4,3332
7,1502
16,14083
1,34530
12,21460
5,30997
5,20512
5,13284
10,7444
18,38850
19,30086
4,33440
12,13018
20,34349
15,12495
13,10793
9,1844
8,24340
18,1895
4,36129
3,44653
5,21726
17,23225
7,31866
11,47284
16,6782
19,567
4,32420
11,2975
4,6884
7,16889
13,41527
16,37769
12,12446
4,3315
5,20201
11,15963
9,19437
11,36873
7,45463
17,8034
4,4989
20,23111
19,24665
19,48219
20,7662
16,46264
6,45252
20,40970
8,23927
4,24662
10,7832
20,10436
1,5060
14,21429
14,42419
20,1821
1,30956
15,36341
13,49737
13,42672
14,34919
4,20519
6,8497
18,22505
12,18272
12,37482
8,3835
12,20454
5,9026
10,28570
15,33754
19,29007
3,34537
6,30370
7,47990
15,3620
20,1947
11,10676
5,44142
10,40010
6,8643
20,14865
14,34732
12,33529
18,47364
18,893
14,20785
4,24765
8,45113
4,8978
19,48340
4,34057
11,9747
16,11848
7,39195
16,29636
6,44181
13,13518
10,18368
7,28225
9,7448
11,9588
5,993
3,28492
11,1798
15,44487
3,39034
20,35993
15,38592
1,5650
18,34099
7,30291
3,14046
2,22437
11,6573
4,43422
18,8935
5,3499
6,23932
20,28175
2,48073
13,9009
14,34782
18,32325
15,19617
18,38149
18,36371
20,18914
8,12064
19,32405
5,42131
7,24460
8,12086
4,27888
3,39903
2,27306
18,35131
18,27475
8,39166
8,35189
20,45956
1,19501
1,29631
18,6362
19,40776
9,13998
8,33714
2,235
9,184
5,3720
14,44675
18,27347
12,49154
10,16495
20,33235
20,17575
12,16777
2,33847
10,31564
14,34021
20,3856
3,39487
6,42132
4,1187
10,41973
4,49477
14,45103
3,42762
11,368
3,18481
7,38482
10,37002
1,49796
11,1150
20,36662
6,3178
12,38009
4,19875
11,26774
15,3809
15,31443
17,2292
12,35850
5,2551
16,5138
19,10110
6,16473
11,23864
16,636
9,22096
7,499
4,29953
9,25598
18,9017
17,49387
20,5582
7,35580
14,19000
20,32545
16,29703
3,39076
2,28588
5,22321
3,35306
4,39854
20,5808
13,6869
4,29782
18,1931
4,42970
3,12001
19,17888
3,1669
6,37248
20,10184
6,40358
9,27246
4,48052
9,8407
18,19112
18,2675
1,28925
13,49531
17,33150
19,10657
1,3092
11,627
6,19136
13,12143
6,28559
2,17447
20,36055
2,33545
15,22095
15,2697
1,46918
17,43093
16,4769
19,3085
19,22076
2,17654
6,1085
4,34582
13,44942
7,7946
5,3531
12,6069
13,43492
11,47296
6,48666
1,39325
17,14707
9,12736
16,538
5,6921
13,43944
8,17163
11,23220
9,48044
3,40915
8,22033
10,4771
20,5348
12,34226
8,49422
2,43906
20,12265
9,33078
14,45967
10,17068
1,24949
5,16378
7,12576
15,7652
6,13386
19,48858
16,49285
14,34949
8,17051
11,13329
10,7134
7,13973
20,44566
5,34794
5,38949
19,19349
2,47016
15,983
4,9507
14,31789
12,28324
19,39300
7,7683
5,25942
15,24488
1,4100
6,27580
14,17014
11,15725
3,22132
3,15220
18,13643
20,9732
5,48792
9,15440
13,1142
7,5606
2,28772
18,6448
2,47646
11,2112
15,49558
11,10481
5,25200
5,2023
5,26015
10,32781
16,10888
15,4054
4,47582
11,47647
9,16572
11,38363
18,48971
3,48553
9,6382
20,27106
1,42725
8,8009
12,34851
19,40833
1,17197
2,22773
11,15256
3,11843
3,9444
2,27721
6,22874
12,17506
2,30825
13,40652
6,31337
3,46279
4,3351
4,35575
8,21391
12,29070
5,34706
13,34245
20,31840
20,30200
14,15894
6,10137
14,29232
1,44447
4,23764
15,28862
14,16547
14,25784
18,12715
7,45116
9,6648
11,7171
16,13101
6,34116
18,1140
8,17905
7,23778
9,36333
18,28194
5,12290
1,22818
12,46152
14,31321
9,40472
14,43230
16,15414
2,16455
15,48642
7,45131
9,38200
9,47542
17,27137
6,6843
9,29862
11,221
17,6509
6,45618
9,27263
8,25211
16,10871
13,40798
6,7801
15,1283
11,46752
10,21456
11,27338
13,49318
10,24213
11,35349
8,44509
18,8808
1,16614
8,16796
12,25530
10,34929
12,7334
3,5354
17,14157
15,35709
9,211
18,31800
12,28529
14,11215
16,25569
14,20061
16,46470
5,8071
8,35546
15,41385
20,38563
14,40428
5,39266
15,17558
20,28964
1,16529
11,27307
4,47572
16,8120
8,37740
5,16069
3,24661
5,17065
2,16180
14,49233
13,10573
13,33243
19,35469
13,1619
13,14129
16,44667
2,30422
9,19555
10,12523
17,12230
19,10052
12,42567
4,49225
3,27650
20,20467
15,7306
2,49464
13,20052
4,6817
5,20770
15,39705
3,48229
8,2418
19,25900
1,22127
12,37173
10,40422
13,27319
20,47426
13,39759
2,9129
15,46385
9,12701
7,42004
12,28510
5,12419
9,11395
7,30077
16,43200
2,17752
1,42537
16,17527
20,7642
15,5575
8,8249
8,41870
9,20756
6,30786
10,4563
1,529
14,17810
3,21438
7,3862
5,25492
18,24069
5,24184
20,16488
13,4730
1,17267
6,6367
5,31840
20,10225
2,3192
2,35138
16,12936
16,47220
16,5868
12,13751
11,10918
6,40799
18,37064
18,36180
6,2052
16,112
3,4896
2,21850
8,27435
16,38268
4,7804
16,41192
13,30098
17,43860
13,48244
1,10547
14,14974
1,28368
1,36299
1,31377
13,42286
7,48681
11,1919
4,38264
18,39243
2,21984
1,6820
1,34070
10,36745
8,19739
11,41442
16,10204
12,9095
8,2111
11,32669
14,25293
4,38687
19,49290
20,27714
19,31751
20,18131
11,36699
20,42919
1,7526
1,9953
4,23978
15,29052
17,39083
12,1569
2,15508
10,34774
9,38578
1,35632
8,24421
12,16485
19,9295
7,30334
8,39571
4,28331
11,7537
11,46052
16,35225
10,49429
9,17856
11,16060
13,45297
18,15999
7,30158
2,20257
9,19414
2,29179
18,39552
14,44803
20,31275
19,38356
20,5417
16,23771
19,27019
2,12178
5,35978
8,40041
12,22329
1,24187
11,16909
19,14141
17,9750
16,32676
20,17885
13,10268
18,32394
7,7690
11,45406
9,40155
18,11316
18,41536
20,27739
9,45982
13,20038
9,40926
4,16949
20,7673
5,44602
7,28652
10,13923
1,34576
6,34895
8,1159
7,49283
8,13024
14,4023
5,46937
12,31725
12,18325
16,3317
6,45810
11,26614
4,40229
5,45729
10,32680
11,5490
18,14433
17,17133
15,15445
5,46900
15,48317
11,5665
9,38277
5,22327
14,49306
6,3206
8,24436
9,5812
13,27062
17,46949
2,22220
16,17592
17,8383
8,20687
2,44207
7,11115
6,32148
10,41962
11,10543
18,10880
20,45953
12,28528
2,24220
20,24359
17,47850
5,37635
14,47312
15,20549
1,48267
13,17395
16,10896
20,48256
9,34999
19,39726
20,24955
4,16970
12,48250
7,21877
10,41115
14,5289
18,6017
6,19205
9,24070
4,21417
1,12040
18,26029
11,26323
3,42737
4,45048
2,21671
11,33393
2,24693
18,37958
11,17607
19,10512
3,40489
6,20013
5,23175
8,19265
1,49927
17,30792
6,27496
5,38643
16,8351
15,47046
5,2443
3,35302
9,3365
11,4833
11,6034
6,28602
5,3184
16,45964
20,23945
16,33741
15,28069
12,44726
6,13921
4,36966
3,5028
3,40146
7,42638
8,34891
4,47395
17,45710
19,24216
2,14461
6,11033
18,5837
4,19808
10,47534
2,10033
14,18426
17,29901
17,33278
4,40348
14,33031
7,1326
5,26821
11,15207
7,30275
12,25044
8,11005
3,29111
6,27233
16,13825
11,48818
13,23368
6,48893
9,3635
5,8273
2,27306
4,42929
16,40713
1,42788
17,43411
18,32983
2,33942
2,38060
17,44448
15,11330
2,5745
17,41394
2,45614
10,12222
18,37914
7,22324
17,27831
15,49052
2,44426
17,29969
4,25579
20,15029
10,13668
12,10292
1,32647
2,18862
4,4472
4,44074
4,46813
17,13460
10,44278
14,40490
20,7502
17,15493
16,34500
3,34799
17,323
16,47430
9,32681
12,2289
11,48957
15,23232
2,22686
18,5935
14,44914
10,8324
4,39095
19,27536
6,26320
20,11396
20,42951
12,41521
13,45695
2,25572
11,6846
18,1346
1,32973
19,30038
20,47518
5,9396
11,39374
7,34364
4,15861
11,18939
3,36693
16,34108
6,37968
20,5429
4,5276
2,7937
20,43446
1,30888
14,44171
9,48148
8,40860
7,4046
5,42983
14,19396
11,27119
11,40563
19,29445
3,1047
11,19905
18,30466
17,38405
7,5690
11,12849
7,24984
16,9375
11,28006
14,49344
12,14933
20,43997
20,16686
18,48706
19,33626
5,43297
6,11195
1,38976
5,7953
20,29317
11,20227
6,7485
16,14642
3,16391
5,28061
7,44393
18,16374
15,30456
7,27614
13,31156
16,49767
20,16183
3,16520
15,38800
6,33832
2,34354
2,43443
7,43671
20,25521
3,43375
20,31551
10,7332
14,2597
20,20829
14,29418
9,11150
4,28943
10,5725
17,28300
13,35463
1,28907
11,5329
3,29827
5,20230
20,42899
2,36206
2,49496
15,13476
6,34685
13,34063
15,211
9,48287
9,25393
14,40645
15,11976
20,2547
6,1562
16,23080
17,13858
5,13852
19,4577
19,19914
8,45456
1,41055
3,43711
4,37845
5,28980
11,18787
16,33545
6,39306
9,15746
2,26807
18,44842
18,36465
8,32318
1,49950
5,28952
11,35398
13,27682
17,48789
19,3192
20,5904
20,44858
4,8399
3,23392
6,15231
6,8398
12,451
16,20910
19,40832
8,46369
11,36924
2,47565
15,21527
2,7194
8,21900
3,48231
12,43239
16,3026
12,34401
15,11124
20,14257
17,13315
7,23744
19,25957
18,4376
12,27362
16,44148
15,12634
6,27501
18,41559
3,2292
12,39397
9,22549
3,32091
14,40592
15,49903
12,40575
1,2785
6,45018
12,44313
5,4122
2,40520
6,9320
2,19927
17,4022
6,22294
2,9505
16,17959
13,4670
2,23366
20,18755
9,32820
11,8117
18,19755
1,25491
4,35144
9,31036
2,4508
11,14804
7,36327
19,26274
20,36177
11,45006
14,17436
16,9876
9,28985
8,24947
20,32673
8,8524
5,11697
8,42341
16,14692
12,49685
14,4449
18,44354
20,13170
16,20292
7,4235
19,26380
9,44861
11,1538
12,42829
1,16639
8,18342
2,44013
10,31977
10,6439
2,6116
1,44411
12,15354
7,30139
7,8320
7,19711
7,37800
10,204
2,20244
11,25823
3,35231
4,9642
1,49224
1,31374
9,31402
11,15390
8,41150
16,14550
10,13549
4,7984
13,45078
7,49970
20,28770
14,43220
10,32855
2,5363
9,2759
14,49699
1,27995
1,18545
10,35026
20,20995
17,23991
10,22902
10,5892
6,8042
7,38598
5,13469
17,48287
19,4722
12,27491
18,2297
8,19731
9,20473
9,8545
15,36410
19,2928
15,46222
14,17616
3,15007
14,25443
1,48377
15,13733
20,6674
1,14023
19,42270
7,16157
10,32415
6,4841
5,12028
20,33122
10,42772
18,47432
1,31103
2,26254
8,45666
18,13149
11,17100
12,27139
15,23409
5,48529
11,28895
4,21570
13,33894
14,34704
15,2114
2,15929
18,48432
11,42981
6,24466
5,41846
6,32775
12,30544
1,32212
16,41649
3,15811
13,29180
4,30320
19,7824
18,44283
8,6421
20,49074
3,44266
5,10058
12,19426
16,33978
14,44078
6,28190
6,41685
6,35827
5,26674
7,27672
10,28090
4,26951
18,28626
11,10769
8,48516
13,24829
19,556
2,4076
19,13429
11,25273
7,24494
6,39132
16,22014
10,47349
9,38079
13,33542
4,24136
19,24364
5,39222
2,7557
17,9342
17,11944
19,22333
4,46894
6,48191
19,23775
14,5256
6,13164
17,37861
4,2077
10,28631
6,3500
15,6874
3,33584
13,15010
3,23830
18,29501
4,9806
18,35909
11,8205
7,31604
10,48799
17,33011
9,11075
9,8373
11,12909
14,31070
5,12307
5,48465
18,34677
8,25228
15,11280
17,32162
2,36588
19,47538
3,46207
17,42557
7,38660
9,9311
11,4893
3,19336
2,12501
20,47654
14,22702
14,10526
7,48183
13,34484
5,11037
9,41692
17,20448
9,35437
4,13276
9,29935
11,38015
8,23329
1,48772
9,11642
18,14264
10,9354
1,17258
2,25698
13,16354
13,20851
2,1348
18,37435
5,17148
4,49380
10,45280
13,28385
3,10837
3,9099
8,42097
2,29806
18,3955
12,49874
19,8838
5,23017
17,38481
8,34958
14,44136
20,12335
6,19079
19,21790
13,24869
2,35470
2,1379
13,39159
15,49428
9,28827
5,30346
20,36171
12,27981
20,35996
5,44783
17,30009
13,7650
5,12162
5,15659
18,21890
7,19839
19,43021
3,3775
8,46535
15,5723
8,46380
3,21265
6,49760
14,45231
12,3991
5,10990
11,14766
9,20238
10,1489
19,41125
3,17335
4,21206
2,14347
9,7215
1,9091
7,27147
4,30418
6,1427
8,39929
8,24187
6,44116
17,43468
12,49461
2,9804
16,32173
11,18320
4,28042
10,33439
3,14578
13,12356
6,42658
17,7693
11,42214
12,1500
5,30261
19,38201
17,19021
4,39813
6,14143
3,11735
18,9458
5,3616
16,5332
8,35318
11,36057
15,11270
7,39748
17,7216
6,796
13,100
7,979
3,46277
1,11931
7,17701
16,25320
8,20396
18,3929
2,24038
12,43810
15,2298
15,8589
3,13715
4,15952
15,140
12,6023
4,23232
6,44533
13,5802
13,41607
19,41244
14,21315
19,47406
20,19023
3,45599
20,7946
8,22621
8,43034
5,19529
4,18131
7,25003
2,18426
2,213
14,44039
3,4961
3,12411
2,40725
16,37214
6,32249
2,12407
1,47926
12,26836
3,38800
1,39930
3,21006
14,26234
14,38701
7,24201
17,30138
13,29320
3,42236
17,11496
12,38948
16,15914
12,19635
10,34114
3,7826
12,5339
9,39501
3,9304
8,19688
2,8822
1,34559
1,48916
18,24761
1,4485
1,13686
1,3347
10,12559
10,11258
6,37909
8,11335
18,22578
9,34377
12,20925
15,14788
11,34811
13,40842
17,37360
10,27212
9,32314
20,13357
18,49210
4,17789
20,45267
16,19536
16,41875
10,537
8,9975
16,26763
20,176
2,35226
20,33013
12,27197
20,30360
7,22903
18,13641
12,27205
16,23082
14,25502
1,15081
15,28013
6,38321
6,48731
1,21301
5,46835
8,24152
13,30479
12,216
18,26823
13,47908
19,48125
7,38378
13,21824
5,17594
2,1955
12,27116
9,32147
11,12112
4,11904
5,31824
11,33580
6,22506
3,49610
1,7474
17,8931
12,12555
5,2265
19,15482
13,25269
8,22738
6,16968
11,32955
11,13806
7,13422
19,44071
9,1115
10,30106
4,34238
7,7059
14,42910
6,21373
7,35468
1,4857
14,6115
8,34901
19,38952
20,35489
13,39075
20,30765
17,37627
14,38358
14,43820
17,18643
12,39016
2,5851
19,41491
17,30005
18,37463
17,44529
5,37376
18,8938
5,10168
8,13921
2,2186
13,572
3,15438
9,12761
20,27167
13,6018
18,44404
1,9683
9,20551
18,41443
13,10750
6,365
7,29627
18,12417
1,23327
12,1271
19,8342
10,46163
5,14509
15,16330
8,16059
9,39119
10,17880
12,47880
20,32442
1,44244
19,32688
19,41950
8,7089
11,24645
3,35624
15,40631
7,19468
16,27489
17,16365
14,36703
9,31655
20,3066
15,15286
15,27289
3,28080
18,21086
1,2714
4,10052
8,33401
15,38132
5,41601
13,43441
7,1647
8,45998
13,43659
20,21579
18,46220
18,42195
4,47807
3,16159
12,35778
19,47848
1,16306
2,17667
14,37340
4,16789
9,46812
3,11147
14,40701
18,32164
3,10893
14,8795
6,47724
6,33706
20,33579
16,28947
16,31550
4,41207
10,45415
20,40228
13,25766
19,10886
20,1599
10,37341
9,43512
16,4624
12,22570
11,34753
7,12464
20,47524
11,5761
8,41925
13,45479
15,18819
14,1998
18,8720
16,36867
9,21038
4,38537
7,6244
1,31330
9,7471
5,3274
13,36341
17,5544
10,25478
1,31021
13,100
13,44889
18,33952
3,30644
20,30406
16,11557
9,26718
17,604
19,16551
10,39067
6,13200
13,6454
3,31119
8,13426
4,41843
12,19999
9,28470
19,31745
7,9600
1,19297
12,47217
7,31678
9,42144
2,47467
10,37265
16,9386
1,31770
2,46020
9,38320
15,14428
7,20262
14,6814
6,20889
5,35326
4,1660
2,23469
15,32533
14,7500
5,7455
11,15325
18,33361
19,3941
19,37249
19,26587
8,11841
14,29721
6,8546
16,37155
8,16468
7,5885
17,48625
12,14821
14,106
10,38401
6,32149
12,28202
19,45691
1,2957
5,478
15,35984
7,32048
12,11865
6,27329
15,579
13,16342
3,38023
6,27229
20,33923
6,9219
13,45538
13,6093
5,32093
20,4533
13,23806
10,45536
18,22501
17,3998
10,41675
14,1077
3,33678
4,48954
20,20178
13,14907
6,47300
11,19327
20,9206
12,43127
8,33268
20,49916
15,10439
16,6651
10,30507
7,12776
16,6511
6,2657
17,20085
6,570
4,41286
6,24486
4,6507
11,41681
7,16947
1,41191
12,29117
4,14292
3,42967
2,3513
5,16980
9,48643
2,5102
13,14699
9,34182
14,20853
3,34884
8,16761
4,41096
5,20549
14,41670
1,29571
1,19970
12,34000
3,16245
6,8715
17,14340
19,25220
19,17510
16,23678
9,12053
4,7466
8,48455
10,37223
20,16257
19,7766
7,39581
8,10907
20,17922
13,13740
15,30685
5,40881
8,10707
9,33149
14,11730
1,30374
20,46594
4,32276
6,44609
1,22837
17,3162
16,8028
16,13332
2,4213
18,37877
8,31324
2,41226
3,5586
13,40184
17,43677
19,13660
17,5324
9,1588
17,11430
6,755
8,46065
16,48495
3,41719
1,38663
12,36364
6,29323
6,3746
15,19928
10,31755
4,39774
1,46076
19,33608
6,25079
7,34233
8,40816
4,9048
19,17873
3,7909
18,26915
6,40040
13,13560
13,27082
18,47642
15,23436
20,17768
6,13141
12,5992
20,43293
19,1428
6,20910
16,38372
10,4447
20,42550
14,44137
18,11958
17,8924
18,16532
15,3880
1,10123
7,18666
6,33657
18,40309
8,28932
18,30353
4,15821
15,9860
7,30793
16,15401
15,31985
5,23212
4,15320
13,33498
16,8771
12,24162
12,5742
3,29709
17,28860
8,41421
13,20083
17,30429
6,1364
5,44382
9,18189
15,16882
16,13415
2,855
2,842
2,18899
17,24314
14,48877
13,9516
15,9984
20,27233
1,2845
7,28659
16,8843
5,29462
8,42190
19,45039
18,34749
7,37917
10,8014
12,10937
12,15303
7,16881
16,38560
5,46394
15,14946
9,6990
16,28115
4,46682
4,30996
17,342
8,34698
7,43931
12,30765
16,8738
3,23532
5,8969
8,31866
13,43738
19,16934
8,11674
13,44312
17,27919
2,21712
2,38744
4,31163
5,4671
20,2137
19,28864
13,28259
16,44015
7,2373
6,44280
16,13344
18,33632
16,49345
16,15822
9,22634
18,44534
2,40633
2,12026
16,18901
7,42231
8,2033
12,32793
3,17012
15,25424
4,17850
15,2026
20,49199
5,18377
7,28271
9,37868
11,17750
6,45668
2,8384
5,43910
9,2222
2,33238
10,2329
19,13902
10,46066
19,15615
1,8599
14,9627
15,28227
7,44214
4,41977
13,14947
8,38652
5,6311
9,21046
19,35142
8,13652
10,42683
9,20261
5,14461
11,12468
11,37602
11,9355
14,12848
8,2049
9,9486
10,43319
10,7106
7,39767
19,8360
10,9016
9,31656
7,49808
3,198
6,11266
12,29680
12,31204
4,21405
3,17796
14,8242
6,14819
1,40274
11,6133
5,956
9,4349
13,15025
16,3253
19,27284
2,37115
4,36431
12,37904
1,17243
3,11220
17,20190
3,30370
13,14473
14,33654
13,7776
13,22382
20,36513
16,1914
18,13551
5,31017
10,12558
2,34781
13,3646
3,32219
12,13612
11,20467
8,10889
18,27979
11,32685
14,26563
18,3751
19,4963
8,10652
2,25142
15,25645
7,33335
1,42307
7,5540
13,1018
13,18114
7,2620
19,8217
20,11960
6,49381
1,17346
9,19648
4,42018
10,20548
11,38415
9,5281
3,45334
2,26083
17,26883
16,20929
7,20042
9,20967
12,25741
12,1282
18,13512
19,45973
2,46824
19,34185
8,8370
13,731
20,28599
16,41921
4,39904
20,4142
5,225
14,15874
18,19052
3,16853
18,14529
10,44463
10,46359
6,32806
17,366
7,29056
15,11981
6,31968
9,3262
18,26474
16,47335
10,535
2,16455
19,13920
12,15763
5,13230
16,38555
6,1609
1,22744
20,47997
16,8470
7,44814
6,39628
11,20246
15,4547
5,17359
5,35282
10,49349
10,46189
18,28641
6,10551
6,42497
15,18341
9,1658
20,25370
12,26769
10,26253
7,12170
5,42858
9,11975
1,14621
4,568
14,11294
17,9548
15,1170
18,17273
10,46202
9,32293
6,27278
12,38998
16,12174
5,14680
14,32951
5,15637
14,47478
9,41520
4,6622
20,42773
2,38500
6,17960
15,2574
11,11936
11,13420
18,14726
14,4480
3,1079
7,35005
18,24215
4,4791
2,18730
18,3288
5,49258
3,24456
7,34970
11,34677
12,19723
12,26807
16,19377
7,5185
4,40679
9,45546
17,37738
19,24766
13,39226
19,46201
10,4087
6,28904
6,11016
17,45871
11,22988
3,48800
18,19589
14,11579
1,47230
10,28830
14,19923
16,27725
7,46955
16,29700
12,36091
17,6103
13,32438
20,8341
2,48163
11,9469
10,14187
11,31362
12,30369
15,31820
20,28611
10,13359
17,14696
17,2352
12,30646
1,14016
4,29036
6,6915
7,23750
7,40243
12,9638
12,20093
10,40168
17,29827
11,29437
6,43716
14,33223
8,18046
20,10111
15,19767
4,42946
5,22517
8,44311
13,32683
1,43922
4,28398
3,32547
8,22092
9,14238
12,47690
6,35989
6,41400
17,24222
2,1270
1,1455
5,18006
17,1325
10,137
12,44635
4,37727
12,33897
7,40514
19,15593
1,1227
11,48250
5,15505
15,14756
17,963
9,3241
8,3510
18,28861
20,38589
6,12451
10,11114
6,37349
1,27662
20,32328
7,43206
1,30077
5,16409
10,32565
16,22091
4,13486
4,15868
1,8698
16,27258
14,5572
10,23408
15,440
5,12244
4,5398
1,31491
7,38842
2,5146
3,5781
14,18837
2,4566
12,32713
20,32561
11,22647
4,9428
12,45517
7,16113
10,44253
4,27055
13,18648
1,1322
7,31051
5,3889
2,35604
10,40696
5,46729
2,44840
17,485
16,30828
18,44863
14,16481
9,39208
9,33278
20,7025
12,39677
5,32286
17,11099
9,29560
6,32642
5,8842
1,46547
14,36898
6,42963
18,5686
1,39338
12,34630
6,49788
4,6693
18,35083
6,9018
12,44717
10,40281
10,49670
11,45304
4,21510
16,24381
7,27246
17,15221
11,11564
9,14371
20,9461
20,11690
6,34286
8,19623
2,16004
4,21852
8,10586
13,8748
4,9202
10,34752
5,25414
15,10218
15,19372
17,27410
6,37512
18,29877
19,7901
5,39676
3,4735
8,44846
15,39037
5,12744
4,18892
20,30905
13,38829
5,43640
7,3717
7,49618
18,4283
8,22190
3,23731
14,12171
11,40277
10,7267
2,5583
2,29938
1,18828
19,11009
10,31818
8,5510
6,10539
14,6162
15,22076
4,34747
9,16522
7,20453
11,43315
10,23129
3,31727
20,11844
18,39529
11,24746
15,15714
9,29120
7,31076
16,27656
6,7790
10,30486
9,742
9,22739
13,46979
12,41249
8,19725
4,46307
1,48289
2,8426
14,39360
13,707
16,42702
12,17811
2,32935
2,8931
9,21187
8,28485
17,35963
9,30310
7,29672
7,44460
16,10322
1,25710
13,35748
5,6516
8,41459
11,43183
17,26131
7,42520
6,18664
7,39783
8,27153
19,17998
2,37600
20,40514
15,39975
12,1181
12,40848
2,8944
12,46539
9,32109
4,28211
7,22862
3,40434
7,13998
16,28422
10,44445
19,12068
14,13370
7,4881
17,16134
18,4598
5,38515
5,46125
10,16390
11,7224
11,26775
18,26050
10,9740
20,13576
1,13926
12,28084
20,48537
11,48363
7,35854
14,24125
20,26185
4,3621
4,4070
6,24202
5,33286
20,35273
6,42838
10,32550
5,34675
12,33783
19,39867
9,2444
11,25456
10,4120
5,26680
16,43395
20,14691
19,13771
7,23142
11,17075
16,43503
15,4584
5,36453
15,17719
2,8446
5,19616
12,19713
15,6151
16,5148
20,12239
6,8344
8,43353
10,35970
17,22150
7,24952
8,44276
1,26890
6,33781
5,41604
10,190
9,41276
15,37045
12,12450
13,12215
11,19903
5,39214
9,43430
19,22454
6,31492
15,38374
15,11468
10,10495
15,47111
18,19394
14,18916
10,13864
17,13270
17,44142
11,48531
3,13144
2,42444
13,1086
5,34788
12,12062
8,29152
4,32559
4,21887
8,13227
9,102
20,33282
1,46543
17,49276
17,12936
8,48288
2,33750
4,5150
4,30990
7,35605
15,24265
10,10902
16,23314
14,8992
3,13159
1,34056
14,26698
14,49446
14,47383
16,7010
9,1859
5,29179
7,43335
12,430
17,5122
8,36072
11,12133
19,17236
4,48061
20,12601
15,35304
16,16641
11,34353
17,33073
6,45878
2,37455
9,33884
6,25239
19,15958
1,16693
4,45764
15,17569
7,9722
5,35444
8,149
11,17766
3,10448
1,25524
18,14755
17,13837
6,25339
17,17338
7,15671
18,1222
3,40942
18,11406
1,12660
5,22279
16,21942
18,35612
11,16203
12,40339
8,22265
10,9973
18,14901
15,22829
3,33842
5,32127
6,32706
9,43357
14,17860
20,40047
4,7573
6,24115
17,43230
16,20926
11,15577
3,4156
1,30554
7,36316
11,41207
8,47503
8,20355
9,43779
4,28256
19,34380
4,3375
17,1793
14,49985
5,10509
9,25754
2,18328
3,49405
5,22138
8,46770
1,22652
3,33737
14,29908
19,30054
2,35260
18,11225
17,29196
2,9918
7,13573
15,19943
8,43733
14,17258
20,33594
20,163
4,25541
5,202
17,32573
20,8035
12,12385
6,17765
18,34989
20,48204
4,24244
8,26015
4,18138
5,12433
11,7612
18,9824
1,14440
9,39150
20,46890
12,17503
7,10293
11,22204
16,6376
10,45756
19,10791
18,28881
16,34086
14,49578
4,3721
14,26568
9,41402
1,14541
11,16858
19,15610
12,21716
19,3602
8,30579
10,45009
13,28837
10,39162
18,31123
10,4280
20,2547
9,20177
6,17740
1,47700
1,38152
4,10134
11,41010
6,40494
7,47517
17,44372
14,2527
19,24968
7,21596
5,13552
16,38550
4,41698
3,16000
4,42074
9,47137
11,16542
8,31776
19,24545
16,34166
10,41897
16,35370
18,45862
7,2272
17,49128
8,27547
11,36187
4,23761
9,47092
1,15594
7,48218
4,28524
2,43109
2,26288
14,37339
19,25553
19,1695
13,20406
7,2152
16,26301
12,11655
4,25136
13,42365
13,7870
7,31264
16,11173
2,38991
4,26328
5,20621
7,7201
8,41265
8,28084
11,48132
14,31025
2,43714
20,25911
10,4541
13,40640
18,20455
8,35248
8,2899
20,13926
3,19240
1,5595
5,38608
16,25951
13,40513
8,24701
6,6118
12,14449
1,22355
19,20859
16,15367
14,17743
3,44363
5,48230
2,4465
4,20631
1,18489
1,11768
4,39477
11,39334
8,27440
7,17347
16,42908
5,35800
5,25624
13,35652
9,48557
3,30898
1,42156
12,12650
6,6167
10,24111
5,30109
8,30958
18,15560
17,40710
6,44322
10,41055
5,1715
20,30061
16,7555
14,10726
17,24235
10,31695
9,1245
14,46708
3,23640
2,14597
7,11910
8,16459
16,33706
12,29054
20,40970
19,9902
13,41621
8,4939
9,30773
17,24917
15,43301
2,40417
12,35726
18,48848
14,36784
12,15866
12,32973
5,33406
3,21636
10,28631
5,207
16,737
12,47428
3,3708
17,39372
10,48013
10,39550
10,9504
10,11227
3,36172
9,8486
18,12979
2,43901
2,10623
11,46270
11,18374
16,34160
9,28482
5,22495
2,29786
19,18941
14,23787
3,12645
14,18145
14,6456
20,33885
1,35264
10,30762
16,32773
5,38540
16,8345
20,5903
9,49995
9,41591
6,19089
20,23409
1,40389
19,21482
6,1166
10,19263
7,2178
10,20853
18,38031
10,25904
8,43846
7,42098
11,48246
9,6274
17,33479
4,2112
9,11166
13,24977
20,42068
10,7920
2,11085
14,37560
4,22699
1,24072
1,27953
4,23872
1,23076
7,15925
1,3776
8,32543
3,9965
15,27717
14,23934
19,20577
19,30732
1,45397
14,1303
7,28800
5,19941
20,10132
10,48086
3,42593
10,11674
8,8863
2,4316
4,5832
19,23619
18,24971
3,21640
14,48426
10,18924
8,6673
16,18166
10,6638
2,48398
14,41588
13,23421
5,49361
1,8862
5,11212
16,17517
16,3081
12,15380
12,1318
10,46026
4,38825
9,1575
4,34914
6,38685
11,32073
20,34926
8,24579
5,46182
7,42472
14,7316
19,39900
10,18018
20,17633
16,38345
14,47796
10,33325
5,1157
10,49670
15,25842
8,8002
17,1213
3,20051
13,14559
2,48255
19,31007
4,26877
9,29118
15,28324
6,13580
4,1274
5,29573
5,18595
6,47929
8,9419
13,2804
18,3352
4,49758
7,34975
20,16866
5,12314
9,1132
6,12439
2,42820
5,14767
10,2943
8,32308
19,40618
2,11383
18,12596
10,43857
13,33964
3,36895
19,48986
15,35576
20,25878
10,19527
8,20023
18,3211
4,45504
10,543
19,32382
7,36704
17,19656
11,8662
11,11410
3,20076
11,30547
2,1132
7,23818
15,39564
14,41149
18,21986
16,34879
1,33797
17,13061
12,49180
5,45478
12,19141
15,15054
10,32228
13,17401
5,27964
4,30308
14,13183
10,38357
15,19595
3,35582
17,8355
13,35603
17,3994
9,39038
3,2687
7,45366
12,32655
20,8241
9,16905
8,31738
4,17033
19,41112
9,19445
7,31302
10,14350
14,9517
16,12283
4,16210
15,10920
4,299
4,17752
20,47003
5,26368
1,47298
6,30013
18,3135
4,34998
4,8244
19,36305
14,20665
9,13156
15,44837
16,43437
15,21506
17,21231
8,14742
4,18772
8,2211
12,47045
9,21154
5,30828
14,11934
5,15186
10,16628
15,2987
11,42610
13,3556
12,21380
13,49277
9,48830
6,48189
1,7418
2,46184
12,1249
1,29406
16,32902
10,47142
3,40354
3,45126
2,45076
5,25725
17,33471
15,11933
7,6593
8,33373
6,2023
5,8454
12,46031
20,49936
19,3067
20,32098
18,45573
10,33667
17,31320
15,26014
13,49275
7,26432
11,9521
2,41293
8,9181
6,22742
5,20998
8,24134
1,46454
1,30041
18,35245
6,3163
7,4069
18,43950
20,21608
7,11116
8,14003
18,26362
12,46979
7,7198
13,38978
11,9467
10,22502
7,28290
2,29631
5,49416
2,48384
18,39339
3,1038
11,9119
15,10421
14,22548
6,25512
4,28019
16,49865
5,46338
7,37036
8,18185
17,41375
8,38165
12,17578
2,28831
2,17574
13,16561
2,38363
11,26949
19,40190
18,25399
15,34148
12,17727
13,44427
12,31155
11,6095
15,17060
17,1506
15,4502
11,44800
20,41242
9,31681
3,15144
14,13654
13,42574
4,16293
16,9967
2,16313
16,33533
16,45876
7,12235
1,30982
1,36537
1,40973
19,19140
16,37622
13,908
20,32375
11,25450
14,11623
17,36923
14,47215
1,24895
13,18763
16,31945
12,16032
2,45349
2,32572
20,5986
20,32491
19,10432
10,4288
13,9268
15,6575
4,46850
19,24252
5,35596
10,25898
20,29051
7,21454
6,3570
18,36490
6,10786
2,13420
6,13031
18,23435
2,28079
12,1609
8,5142
7,11566
13,1929
20,40935
5,21218
17,46247
15,3335
5,27533
7,16940
11,38950
10,46275
2,22552
13,42617
7,465
20,19376
12,44431
7,24745
7,399
19,3164
18,35946
20,22694
13,23819
20,11677
8,7801
18,17272
12,10904
4,25734
16,28373
5,20654
2,31880
5,6520
20,7881
15,27319
11,43776
4,27309
3,24261
20,39020
5,28152
15,42207
7,28474
12,810
5,4310
13,26424
12,13809
12,33658
4,47235
8,22192
17,14613
6,19671
8,3563
14,19194
5,18570
11,12048
11,47204
18,4407
16,6633
14,1566
16,8925
8,30536
6,48203
10,1105
5,6548
15,12410
2,49513
19,3440
14,11434
6,34826
11,26744
18,35472
9,22182
17,36503
5,24969
4,684
11,7305
12,17429
10,9306
14,43388
7,40680
6,15777
6,8862
15,14589
2,34388
8,621
15,9832
5,17264
3,23131
6,45255
16,2909
15,25970
15,32407
5,7642
16,35654
9,18226
8,3044
20,11602
15,1893
20,40221
15,39617
8,12132
2,27924
5,12458
13,41862
13,45955
1,15996
14,26309
12,46153
16,24049
6,18862
7,45484
15,9553
2,5797
6,32805
2,3693
8,42943
18,42391
3,35953
15,20136
11,41925
11,10941
17,43511
6,13174
15,15857
1,10668
10,9886
10,22454
17,9732
18,15517
12,45883
20,23216
4,44899
19,26559
13,42200
2,16495
17,31057
1,44337
11,48490
13,15758
2,6828
7,30445
10,22534
20,663
17,39388
14,26321
19,19753
5,16725
18,25280
6,21711
6,38690
20,1897
11,42166
14,5611
11,598
4,11606
9,4944
19,38131
9,48062
8,22307
17,42628
9,30391
20,39454
12,47775
20,3861
14,16721
6,29343
12,326
7,3947
4,5084
13,8034
6,33987
4,33132
1,16918
2,41561
16,31464
5,17237
10,45839
14,8342
14,5867
15,25861
2,17945
9,10686
8,35678
13,17733
19,35540
8,7083
7,38991
19,5868
8,10413
6,44286
10,5709
7,2196
4,36338
2,6786
15,39139
2,11466
11,23834
14,46107
20,36290
9,45985
10,12090
7,24340
16,39052
6,34714
10,45949
18,24069
8,48361
10,42075
4,15784
14,4372
7,31425
2,44556
16,33999
10,19012
4,33051
12,33778
4,17878
2,6212
8,29856
17,8909
6,13438
3,6321
8,40108
5,14378
12,45814
8,34849
13,31595
7,10670
20,31328
6,35687
15,11279
7,1659
13,18170
20,802
8,11920
14,47525
15,31558
1,5696
7,44456
3,39842
11,23862
5,49581
19,1031
8,648
4,36308
8,21322
7,24747
16,45650
1,42388
7,38533
5,42341
9,22041
9,25898
17,6417
1,36197
3,37546
18,3831
1,37901
9,2474
3,11233
19,5270
10,10844
5,37967
17,29838
10,8293
8,27525
19,32543
19,38061
5,46598
17,15817
18,11999
5,4030
1,25466
19,31438
3,32681
18,41146
19,30324
8,36417
9,46871
16,7706
2,37381
11,39386
15,11588
18,8108
10,49382
4,9891
6,44396
15,7299
10,13746
6,21472
16,545
4,27527
14,30037
4,42569
16,41242
5,22653
17,22830
17,26310
19,48996
3,25360
12,21876
15,48114
15,6146
14,39957
19,42162
17,15906
14,39486
11,46518
6,30977
3,15788
1,18462
19,42488
18,9272
1,5451
18,15347
14,19221
18,26177
12,31969
18,48072
7,44883
1,36438
2,22323
2,40120
11,41492
18,37499
5,13267
7,23416
10,43030
3,15583
5,45564
13,7350
3,28109
13,43059
20,33731
19,26866
9,10103
13,49714
12,10138
15,7884
3,43457
4,8769
19,27153
14,45274
20,22677
20,28877
10,40513
6,10255
3,12035
4,15036
6,43458
1,44914
20,46233
3,22057
10,47750
7,7365
13,47125
8,36601
10,21623
2,39779
12,13437
6,19350
19,5452
6,2031
4,11626
8,9130
14,20926
5,6063
3,1460
8,12309
12,5282
16,22178
8,24165
12,4683
9,32399
2,24902
9,37180
18,1980
19,37947
11,30035
4,34782
17,6722
8,42622
17,33186
17,48538
7,46130
11,48831
20,1586
17,6542
9,12893
14,42993
9,22069
6,19949
11,22179
8,34201
4,45946
8,9744
19,17045
17,28252
3,13569
9,20032
13,44721
2,15613
14,2643
5,11973
18,32791
17,33873
17,36215
8,33168
2,31547
4,15320
8,10688
3,35589
15,31818
16,14163
11,41833
6,16133
18,28695
15,31907
6,48235
10,46046
14,25015
8,43823
14,46835
15,17983
3,20373
12,10064
15,20876
13,4046
20,41105
14,2117
13,40228
7,30474
16,48595
10,45876
18,23120
15,17671
3,25967
4,15663
12,14372
2,25658
8,22895
11,42077
14,32831
4,32009
15,44495
17,943
6,14015
12,22399
19,30208
13,21600
4,16743
7,29356
5,25196
13,30210
2,24164
18,18839
20,48405
1,20121
13,45133
9,21669
9,20844
6,6254
10,10883
5,34811
5,38410
7,19556
6,41759
9,33984
17,138
13,46777
8,32074
10,35562
17,39808
6,24453
6,20149
18,25223
19,7582
19,37657
19,47836
7,24622
9,1654
16,19643
20,25274
12,5446
5,30787
4,29773
20,17308
17,22207
15,28447
14,33019
1,20846
15,46344
1,9138
9,14904
14,32205
7,3993
9,22749
14,39108
1,25963
18,45584
5,23672
19,7149
14,36627
16,9011
13,24131
13,7105
14,2172
19,10686
16,4361
12,20344
10,15735
4,47311
15,20900
13,2013
12,10544
7,7744
4,39776
13,16929
7,12959
17,44922
13,30453
11,21102
16,24173
20,49314
13,20122
10,8393
1,49478
20,25727
17,17650
6,30443
7,23064
10,27035
6,45578
14,8611
3,17204
14,33332
16,43589
4,34267
17,16043
18,26103
9,38278
2,17529
12,17483
18,48175
13,38148
4,26081
8,21693
20,22464
13,5671
18,12832
12,39078
16,31891
7,45647
11,6682
8,28162
8,33772
4,25487
19,8641
2,12033
15,22829
5,6743
15,11326
15,18459
18,47987
13,27370
15,33910
17,42699
17,35762
7,24500
3,14525
15,23184
20,28088
3,31616
14,41124
20,12124
15,38969
16,44033
14,24383
14,11187
20,15994
3,41726
5,41526
11,18913
20,47240
17,42969
18,9636
12,4895
10,36857
8,13392
2,6425
20,9601
7,32470
20,28985
9,11260
12,24912
8,26710
8,17947
6,20338
2,3930
13,22807
14,2566
8,38615
2,15760
4,24174
12,45808
13,47315
15,38170
16,28109
19,1059
8,39942
15,5588
13,28888
12,32496
15,31463
11,14265
6,963
4,38033
6,34242
1,41034
10,45657
10,34631
12,12322
8,40923
16,47213
14,24522
12,47157
5,246
8,48821
18,17910
16,1327
5,41748
18,10797
9,26975
3,45957
15,36552
2,7451
16,39888
12,38465
16,11020
13,32949
12,11140
10,44532
15,7560
13,1968
16,41424
9,23710
11,2393
11,12385
6,23335
6,23061
18,5329
6,30375
13,31741
19,11221
14,41607
18,30791
20,23711
10,22525
9,30401
13,30769
7,34578
15,18344
16,12379
12,34159
13,25647
13,42215
12,29277
18,13098
2,24187
4,17744
2,27660
3,30900
14,40158
10,4508
2,44600
16,44247
1,15207
5,39272
11,35222
20,32222
15,36180
6,5261
19,39809
2,48264
3,32658
14,49518
10,40607
9,10575
1,16902
2,27144
14,18887
6,26138
8,18775
2,25803
16,22565
1,21998
10,28440
10,44096
9,43172
17,38722
7,622
13,29769
10,8888
5,1849
2,33702
3,12725
17,37722
3,6804
16,44720
2,21672
6,19382
18,15971
14,34344
5,18713
2,4201
10,31188
4,19765
14,22556
13,6293
9,24471
13,19374
12,34373
12,23513
18,37971
15,35184
13,1670
17,29264
3,21406
16,4348
11,41706
7,25498
4,21579
1,7882
10,22496
5,5905
8,5541
7,38096
9,19311
3,8881
1,19876
6,14343
13,26179
7,15476
7,24122
8,21473
14,38757
3,223
2,44653
19,23470
6,10199
16,49077
1,15516
1,22021
15,19086
14,17023
16,47060
14,36518
15,46706
6,45851
15,12561
1,7548
7,31569
18,20508
15,15321
8,39263
8,5819
8,31250
15,35356
10,14502
5,394
4,2544
3,3967
3,35926
19,4481
19,5427
10,29554
9,7656
12,48444
9,37009
18,27049
3,16758
18,9488
19,28747
10,26921
7,17332
11,32671
18,1276
11,16449
20,41803
14,40510
9,24883
13,2238
16,29320
15,5651
14,37874
13,25452
9,3922
4,2560
5,41834
8,36148
3,28715
9,1150
13,38641
15,12231
2,1052
2,28650
3,33205
6,45716
17,26250
6,17347
13,2775
17,12350
17,7763
8,39195
11,584
19,11934
4,43026
11,7115
6,7941
16,10385
13,48638
15,18738
16,19038
16,7701
18,22301
14,41823
15,45965
7,19582
2,29070
5,28255
4,27060
15,8247
20,30557
12,4041
12,38963
2,30061
9,3733
12,17174
8,6576
17,10168
6,17660
15,49727
8,31954
12,4646
6,38989
13,35394
14,42095
10,29589
20,12810
7,23301
12,35874
6,24257
7,28463
5,46105
5,46186
5,34053
7,48708
9,21934
11,39132
5,7378
7,48537
6,15818
10,19624
2,44114
19,43601
2,37403
9,33326
18,19452
8,28042
20,20937
8,47516
7,12111
9,4385
15,32474
4,30084
9,24607
16,7457
1,34458
18,16946
7,35654
2,244
15,751
11,29223
14,36894
15,25984
19,28156
20,10426
6,41669
3,12211
4,48888
13,41196
4,28081
12,12314
16,437
11,38845
13,17416
2,46990
7,18490
8,11938
18,14700
6,14401
2,12654
9,7747
5,43685
14,41847
11,2573
11,849
19,17024
15,46375
15,25535
3,40757
16,46325
13,10115
5,28956
20,7368
1,22308
15,39798
16,11988
2,10778
16,30070
1,23290
11,45430
12,16810
11,35957
7,39843
16,1100
5,28001
19,28535
11,44782
15,47160
6,19638
4,39905
7,3108
11,31845
18,13745
18,25693
17,32847
11,31217
1,47816
19,20839
8,11080
7,32599
8,11693
19,16607
20,23721
11,732
1,16224
18,22257
13,28464
2,49033
10,4962
11,9006
5,9917
4,39377
16,20462
8,375
18,43294
6,12033
13,1894
2,26528
1,15461
13,837
3,33145
5,32654
10,3013
1,15851
5,8126
9,7672
9,35504
10,21776
9,26497
19,13497
2,29893
16,47722
9,44801
20,36462
1,8119
20,31332
20,47494
19,3997
4,4337
5,18776
13,3676
13,24114
6,25762
16,28237
17,23690
11,14436
12,40179
6,13564
19,26514
17,47219
10,3828
16,509
13,8646
1,29229
13,4133
5,35379
4,27374
18,13053
18,21029
16,10753
7,7883
5,35085
3,14498
9,39515
9,3797
16,9983
1,23696
2,31004
13,45088
1,5844
9,46527
4,1483
6,25479
3,24337
13,29141
17,36207
16,42059
2,8362
12,23569
20,3568
17,13143
4,48806
2,3520
18,48768
20,11355
2,27520
12,32570
19,43279
5,48937
8,33860
17,47208
9,45937
1,24148
4,18342
20,49860
14,4612
11,35097
16,9811
12,26536
1,737
12,34137
5,48766
13,33623
4,18658
9,30758
18,37263
11,25507
13,3486
3,2699
20,36042
8,48630
14,37222
5,16780
11,31181
11,49368
5,23576
14,29908
10,37904
18,14845
10,20725
20,3825
4,2222
15,21596
15,1966
6,39216
13,16086
17,12431
3,3049
11,39608
15,9058
4,43512
16,17499
5,33057
1,28670
4,48884
20,28281
6,41879
3,29050
11,17103
10,22123
13,27371
19,43576
1,19654
19,10354
2,20295
4,36317
7,2528
16,13541
6,11242
1,49686
12,23961
19,12910
15,19184
6,12486
9,41893
18,26369
11,11703
14,47765
15,37099
12,28310
5,13954
16,46545
8,11790
3,19384
8,11966
14,26730
19,34522
6,25360
8,2077
8,12840
18,29134
4,47762
4,43341
4,16399
7,25342
13,18274
1,11169
1,38009
12,19989
17,49730
11,19213
15,47261
9,10545
7,33064
12,20437
15,19400
11,27036
17,34818
14,10935
14,19867
1,10879
3,18321
11,5647
5,46029
6,21310
2,25100
13,8187
1,45887
5,7125
3,41131
5,39518
18,41853
17,38021
12,49028
15,5477
5,45786
8,25027
18,24188
1,17104
13,44417
3,42777
4,44939
4,9437
3,49403
2,21333
10,27994
10,16817
7,35748
17,23724
16,13646
4,10468
3,24262
14,24450
8,42328
11,21598
10,37657
14,39329
19,36908
7,32962
15,33397
14,23609
2,46616
5,37547
9,7681
19,17579
17,7568
14,4094
4,40442
1,33751
9,24158
18,32794
11,23881
18,17797
15,7906
5,30955
1,16199
8,8882
19,23673
7,20261
1,2178
1,14928
9,32612
10,20687
7,31907
1,39163
13,48748
4,25886
7,17304
16,3143
7,22788
11,37170
20,1255
3,21580
11,23962
14,1756
14,5710
2,12129
7,31283
17,36272
20,20613
6,44970
14,49877
9,18535
15,8873
14,22646
8,26832
7,16607
13,3047
19,8121
14,46114
4,5560
4,26289
1,17892
14,11391
17,28356
5,40429
19,48238
20,40700
7,28456
18,21564
9,10544
20,9139
9,32987
12,23595
15,47588
13,19497
6,27884
20,46645
16,32420
7,43519
4,39053
10,24048
19,47725
7,14831
3,2356
16,44759
19,7632
9,17030
9,22275
17,13887
14,15233
11,15826
10,42907
4,25986
1,32175
15,39709
6,35719
8,34894
17,27287
9,47193
12,37621
4,26323
20,11305
3,41288
12,9735
5,46980
19,16778
4,20828
18,16228
20,3967
1,36228
13,37423
3,48524
10,30663
17,43447
19,43372
18,19531
1,4711
6,22624
15,45457
14,2485
5,45840
5,47657
13,43167
6,4989
10,15032
1,49157
9,26312
11,25345
8,2621
12,43998
5,33573
20,5892
2,30839
19,16213
12,34469
11,17071
18,30717
17,29054
2,45873
5,42077
11,34024
13,24358
7,7137
7,19456
19,772
9,40296
15,409
19,3256
10,17558
14,44203
15,5330
7,19165
6,40969
3,32166
13,36833
6,18387
6,13207
2,4249
20,24329
2,49072
4,8968
7,42483
7,20088
16,42331
3,13521
5,11929
5,11212
14,37606
10,25370
9,49265
11,41122
9,6265
11,28737
2,41069
18,44773
6,32575
2,23413
5,36039
20,8479
18,21855
18,47325
16,21087
7,47122
7,46572
18,31903
3,21648
8,30417
8,9496
14,15968
4,47858
14,28006
18,20564
8,39135
7,22062
9,27112
11,40289
4,28728
11,19608
8,47695
4,33184
20,45720
14,21418
11,47765
10,49761
10,49292
14,27897
5,18015
1,17871
12,35884
16,12865
1,25118
9,21191
13,9274
11,2453
12,19620
14,39893
4,42566
18,33805
10,1496
4,46498
10,7896
7,38511
12,13596
3,48118
19,13304
18,34899
20,38678
3,19320
12,21446
12,28513
10,48513
2,23849
11,36047
7,3712
9,39188
2,19884
9,37463
19,17860
19,42487
2,25569
2,43659
12,14627
11,18586
14,45429
7,45065
4,15655
1,40018
8,2708
19,31202
18,35575
12,1801
11,25356
14,13145
6,12648
17,25885
14,4715
17,24555
15,34220
10,4778
18,28347
10,28321
15,42155
19,22902
3,43756
8,27769
16,26267
15,17570
20,18235
12,16426
3,34298
5,49733
9,26499
13,28005
15,34389
14,2384
7,39949
17,46375
6,30045
3,45264
20,49283
11,1170
3,14118
6,12939
3,41905
20,47053
15,48539
18,16338
11,45540
10,33106
3,15276
19,20784
6,3314
12,30353
10,44711
18,42507
15,29121
17,44635
19,24258
10,18665
16,18971
4,30063
13,11452
3,6687
10,5939
9,38141
8,7425
3,47343
5,46671
14,45660
2,27304
11,48539
6,13578
1,13574
9,45937
9,40834
3,45901
6,16369
18,5790
18,19715
6,49124
14,12050
18,10117
11,22740
14,5959
17,4816
8,24771
9,37790
20,43239
20,10867
18,25364
13,17266
20,29798
2,1873
4,14385
16,43100
18,37852
13,7635
14,10510
16,22172
2,11289
15,14821
20,10243
3,8317
19,25338
4,20274
7,4391
16,24275
18,5599
14,32375
10,27479
10,10625
13,36459
14,33477
3,45551
2,16253
5,49565
16,38737
18,14341
16,47296
16,13507
6,19531
16,26344
2,8079
2,40123
9,26751
14,8300
4,37398
9,20528
16,41557
11,49246
4,7660
11,12202
19,23804
20,16577
2,17748
9,45167
16,45124
4,27794
2,35920
7,43776
18,11604
1,144
5,1056
6,25257
8,19386
20,34862
9,12692
18,47681
7,11180
4,622
16,42179
5,43621
9,14554
5,27486
17,19265
7,49406
10,38084
9,34884
19,28452
12,5548
6,43709
9,46536
4,32137
6,6768
12,3420
12,8544
19,35581
19,23285
7,20873
5,10613
11,38101
13,42420
6,28766
12,12571
18,42685
20,24244
1,2225
19,1438
19,17408
10,21180
9,26795
7,604
11,19195
15,14052
2,25957
4,1130
7,18173
15,40066
1,18343
15,49162
13,30148
19,32642
3,33092
14,224
18,23868
7,20126
3,43131
9,23466
2,48918
20,29598
18,49905
16,47674
20,43378
2,22356
3,49270
3,4042
4,31230
4,30157
13,46156
13,39043
3,4447
10,22143
16,30907
4,6942
11,5312
10,15742
11,20749
5,49197
11,4038
17,39607
15,1305
9,18457
19,2453
7,32381
12,11945
18,13010
16,13899
4,44847
17,956
3,28593
5,39968
14,25515
16,3355
20,44555
3,25769
1,24946
2,12767
11,43386
3,31971
20,24869
14,23131
18,15370
2,27999
19,45864
11,49799
19,35897
11,21566
19,844
18,8594
6,36073
19,33468
18,7393
12,10577
4,30167
10,29529
7,47783
2,9202
2,19531
5,988
15,46836
1,28800
3,31820
20,48978
14,9288
4,15373
4,40408
11,8792
18,47203
12,42078
14,12288
1,44857
10,25649
18,18974
2,22043
19,19814
17,48644
5,35393
6,28869
19,3635
1,35364
18,1496
5,42258
20,38612
17,26547
9,6445
3,27838
17,32243
13,10825
7,44364
6,21403
15,48703
3,49502
13,41859
3,1370
14,21295
17,2405
6,45699
11,21316
10,9955
20,19649
4,19588
1,1699
20,22675
16,8967
1,36252
7,47709
1,40661
18,16943
18,13742
11,16235
7,15151
8,48296
1,38555
7,36600
7,3796
16,8448
19,25085
8,33469
9,19450
8,29306
10,14365
4,8914
17,23640
9,27929
18,19622
9,2762
6,27424
2,32164
20,48756
9,34171
18,29286
12,1836
18,30284
7,20986
7,3347
19,28058
19,9360
4,535
7,48585
18,22143
8,37917
12,23192
19,7619
11,6507
18,7465
10,2815
12,39592
1,24984
5,7547
5,9127
19,40929
2,28613
1,49637
3,42808
12,47295
9,18148
8,43432
9,7251
15,32957
13,6498
12,36426
20,16887
14,47223
6,35685
19,7691
15,8763
14,10296
11,47273
1,33605
18,49295
1,28864
17,1349
12,20569
16,36878
1,23559
5,13521
20,18352
6,33219
6,13490
13,29250
11,23305
6,30072
1,23167
14,27212
17,14739
7,46137
11,16054
11,32570
11,48263
14,6645
20,45530
8,16872
11,7218
6,20598
7,28913
17,26347
3,18773
1,49904
10,10634
11,12493
6,2742
13,27615
6,24691
2,15635
3,18140
16,4954
16,29328
18,15300
9,2189
4,29412
9,20709
13,20457
1,23258
17,15584
15,24056
14,11925
17,21582
18,28182
17,30738
7,4392
5,43348
8,35202
3,35098
18,4087
10,19750
20,42385
17,32138
20,3496
13,47435
5,11970
11,612
11,32708
19,20367
9,34552
19,7759
19,21815
3,11803
3,33585
19,22741
3,8741
18,29320
6,47368
9,25822
14,22505
1,5435
19,37218
14,42455
19,18635
14,16326
2,41829
9,13943
1,13788
1,46054
13,537
8,46198
11,15535
1,28574
2,25178
7,5641
15,16744
20,46522
13,15970
6,27118
4,17916
10,8596
10,204
18,46915
1,31324
16,10521
19,889
10,5998
8,15319
8,26476
15,34087
4,39384
7,40508
4,9786
6,23925
19,24291
14,1747
5,18252
13,33467
6,7702
20,18622
15,20483
13,5021
15,1483
20,39035
20,34764
1,37134
19,19598
1,24464
19,5828
20,20346
15,30901
14,49363
7,49898
13,3330
16,45756
3,6669
1,23024
15,9518
17,9005
15,46808
1,28039
10,8660
16,10332
16,24947
8,40773
15,16897
7,33997
2,6192
10,4734
16,11350
5,12521
4,36596
14,8043
9,30445
14,17952
17,6626
13,5251
7,26861
11,4125
12,36171
6,27923
20,21672
10,47065
2,42480
9,23967
17,30001
20,2719
9,47112
2,43073
4,11026
9,2686
1,32750
1,8302
11,35043
13,30526
14,11685
18,42801
16,5651
7,35666
18,11992
6,273
9,4794
8,26032
11,33673
18,31216
20,19900
5,30492
12,31574
14,21087
5,41994
20,28800
14,14187
12,175
19,22514
17,16053
2,20289
20,6234
3,36768
19,47346
19,33892
15,48579
13,1040
7,26870
18,46402
6,16025
2,33161
7,16858
1,11163
14,20368
6,19097
14,2717
8,48842
8,2032
4,24479
6,49745
5,37801
5,13386
15,12405
5,49865
3,23911
1,20310
5,2141
19,16506
11,20499
15,18332
4,34147
20,34259
12,21519
11,38587
2,9764
13,41776
11,43100
2,42586
15,30048
4,41903
17,47114
10,28529
5,6853
1,20547
3,1658
4,44355
14,17944
9,31584
10,15698
4,48260
2,2452
10,34182
19,4052
11,29014
19,313
4,20559
18,5036
13,17757
4,41873
9,4523
7,19349
19,44073
4,23495
11,39932
6,4285
14,15119
4,28199
14,36890
20,28956
12,22803
19,45468
12,26787
11,17762
19,34355
9,17554
15,48711
6,29016
17,33378
20,21784
7,47637
2,29481
3,14476
17,41790
19,26222
18,41230
19,9288
8,40003
4,8158
14,15364
19,46005
3,38440
14,31572
8,20105
2,8044
14,5080
3,15541
7,45126
10,29101
13,7267
7,4129
1,41752
14,8608
9,22791
7,29391
8,1950
14,39666
16,20377
1,4818
11,27733
10,44836
11,8593
4,21626
14,7210
10,21619
12,28864
1,2981
17,8604
13,25083
20,21306
1,7933
20,15636
1,29181
10,41352
8,27841
20,11378
1,38452
16,42969
5,6606
7,45239
2,25241
12,35789
18,19703
11,40696
19,8581
20,39672
14,5305
11,37450
9,3643
1,13272
17,46505
18,18423
11,38544
15,26908
4,9322
7,11315
9,29896
10,48648
10,15968
5,23190
17,45064
3,27290
15,35948
2,29846
2,32413
10,36761
3,13571
1,46735
2,36618
14,20184
14,32656
15,40294
13,18539
10,7611
5,26508
2,29378
1,48665
2,28988
13,40810
5,41369
16,19621
2,47285
5,38874
7,19141
8,18723
17,6741
14,24831
10,28321
16,41729
16,24868
19,31836
17,41525
9,21751
4,5485
11,39772
8,44249
20,27099
12,22957
17,34723
8,42120
16,41769
20,26673
13,9086
12,9708
10,880
15,26838
7,16894
6,5481
9,3343
18,1421
1,4811
12,8904
13,15528
18,14584
17,49559
12,23795
9,36979
18,28460
6,26606
4,20385
7,32595
3,48480
20,19595
13,46809
14,22756
18,45605
5,18378
18,47123
17,22202
16,34352
2,28158
13,22341
10,7482
10,49387
5,8663
2,9511
19,19870
17,5405
8,23387
12,42276
6,41343
3,43121
12,43460
7,45632
18,18015
6,36811
13,40522
18,10920
5,485
3,25115
15,38102
10,4651
3,40248
7,29455
8,5154
9,46153
9,27505
20,2233
15,49747
19,25834
20,44290
1,40995
12,897
3,26004
20,19936
6,48237
6,16882
8,30733
19,3225
6,41716
15,18251
17,7744
4,46561
15,5986
6,46665
14,44040
19,12953
9,30340
6,11440
19,47256
15,44992
5,25639
2,34303
12,28986
5,45655
20,4485
17,24434
14,31792
13,39287
19,39850
19,45573
11,29155
1,26377
14,13270
15,8385
7,49348
15,2182
8,20091
9,36755
16,5159
18,11405
16,28890
2,48360
14,7605
20,44789
11,11582
15,33802
3,36637
5,33185
19,14626
13,9271
17,44229
10,23801
5,29219
1,44503
3,36159
19,12366
16,31276
13,16755
11,22796
12,18124
15,13551
18,1705
3,2656
7,5658
7,27881
3,14476
4,48001
17,22410
19,2201
9,1056
11,38548
17,20048
16,49173
1,38220
15,4426
19,6544
11,30749
1,6851
15,10346
19,1572
7,36971
20,40662
10,36352
1,27369
12,22426
15,12119
7,34014
8,29566
3,11998
3,25813
9,36031
20,22511
4,45296
5,49662
12,32854
1,13839
17,22616
3,8708
4,41021
2,22456
14,28463
4,33130
11,10092
1,5817
9,38924
14,12976
17,7237
1,34008
8,36455
4,7156
5,43335
4,31655
18,24887
2,30779
7,35838
13,36014
17,44639
10,41978
14,16160
11,19208
13,20145
11,13652
12,46545
6,8045
16,37556
2,1553
2,21032
2,36341
15,39845
16,13485
12,39227
2,40160
9,26098
19,41321
3,18379
16,40269
7,19109
15,18391
4,8002
12,28358
18,12608
7,28460
8,5145
14,44826
13,39162
19,898
12,10749
10,4801
1,32647
9,43355
7,17417
13,8965
4,25323
2,30051
20,16287
7,10617
20,34075
20,39183
15,231
16,13264
13,38800
8,34042
8,48842
15,17999
20,27827
18,25655
6,27416
14,35648
1,2512
5,18016
19,18765
10,16953
6,13316
13,28287
15,12452
5,13311
20,15174
3,38006
4,5547
8,34952
15,15943
9,33070
18,20452
17,11218
16,8344
7,34757
16,4944
11,13903
14,21937
6,39497
16,31923
2,46156
17,28616
6,36643
10,43338
20,5613
2,11087
11,17622
14,28639
5,1150
6,11643
7,34415
8,46935
10,16979
5,47449
11,14987
14,35186
19,42148
8,38849
3,11027
8,45666
3,41699
10,8312
17,24456
9,14592
14,3914
11,36782
8,43580
7,6683
18,37070
3,36585
2,5034
15,984
10,24369
1,4430
3,45023
10,31021
18,40261
1,536
5,48472
9,22463
4,10829
17,45959
17,29275
11,45132
20,12575
9,4808
14,27131
9,48943
5,24860
5,31450
1,7064
10,22575
4,38268
15,46943
8,22385
20,44706
9,27705
4,27342
15,28277
11,38787
19,41510
14,36216
7,29606
6,24625
15,35650
4,10315
11,23702
4,26394
4,5428
18,31369
10,23211
14,37186
6,33989
12,17170
5,49658
5,45877
7,13940
6,49443
20,28106
3,14410
1,6788
7,27462
12,3024
4,37535
4,43501
14,40915
11,47598
12,9860
15,30251
17,17350
15,21954
12,16920
8,38607
20,25059
17,36990
20,20690
13,22876
15,28053
1,8345
13,35545
11,36801
12,46195
15,10076
16,48430
15,1502
11,39562
4,23163
19,36135
11,21217
20,35170
17,3374
3,3326
16,41654
18,49055
17,47668
19,13666
15,32058
13,49273
9,17125
20,27784
8,25240
10,32666
11,31394
11,39889
5,15100
20,22175
17,28508
20,25837
12,14199
10,8967
18,20394
5,1544
4,17208
8,26543
3,47848
13,14420
7,4254
12,46746
19,40864
9,48408
9,31651
9,30226
2,1473
1,12283
18,34123
2,18554
15,45799
13,8923
18,1944
3,35157
8,22131
4,30330
15,8525
2,33717
6,2843
5,48690
17,37450
10,44090
13,329
2,30068
2,19806
2,41106
16,45821
11,13184
12,2213
4,49053
3,25760
17,24800
8,19708
18,17494
6,21646
13,44886
5,34086
15,24390
5,20870
1,19052
19,403
8,16042
15,31733
2,15230
2,21490
19,24708
10,38629
7,26760
20,41156
3,32650
3,37032
19,17365
19,2710
13,35027
6,32121
8,46015
18,19873
12,49294
13,16752
16,26817
5,14670
15,34285
8,44910
7,2672
11,23713
10,20810
3,26620
2,45416
14,10531
1,29676
16,38841
6,25606
14,4983
14,31139
8,17010
4,25944
16,1903
13,39227
19,46478
1,40495
17,8631
17,20970
20,16994
10,6686
7,44560
13,15565
15,22003
3,12694
20,31798
1,27099
18,8607
4,31310
2,31737
1,20924
18,31704
14,9242
12,35801
17,8128
1,43259
19,17601
4,42296
13,20898
14,41768
16,48994
5,6787
6,10524
14,39308
7,32621
14,6610
19,40427
10,36895
4,20587
13,38389
6,28688
19,32044
11,25508
20,31652
18,37698
3,3655
14,30732
2,29699
7,24131
13,24854
16,37120
15,2809
7,10244
20,28663
11,42217
18,25124
3,27455
5,9155
19,22164
5,46855
13,26993
2,37011
7,48300
18,32099
18,22289
15,13967
16,36867
2,24134
7,15005
4,3611
20,30003
14,36637
18,7130
7,7205
4,11445
8,15217
9,42591
18,25912
3,41040
9,31981
19,5369
19,43288
11,16954
13,4766
16,1227
7,19945
1,15281
17,16624
5,35326
17,11940
15,30792
2,36053
20,23421
19,11470
17,9732
13,35722
10,49117
19,13729
20,45017
20,40282
2,35503
5,42018
16,44127
13,2909
10,43223
16,33868
8,432
15,29257
19,40652
14,16445
13,2870
13,42207
8,48127
11,36564
13,16579
6,24010
13,16877
11,31813
13,26829
20,37815
1,7732
2,41148
16,24038
12,2161
16,44915
20,46648
10,22671
2,21657
9,44775
14,41027
9,34424
3,41319
12,5121
8,47145
6,30166
7,37508
11,18039
1,31606
15,11722
17,440
2,17231
3,17764
19,9337
13,48064
19,46076
1,46880
19,11278
3,7269
12,8136
17,1489
10,1755
12,27355
6,45879
3,23046
5,25718
3,5798
3,31783
3,28077
7,40477
6,34620
5,27218
2,19141
12,25280
19,46598
7,49081
2,7566
9,45601
7,26209
2,16557
10,18934
12,46694
11,33949
17,46340
9,13326
8,41321
18,4304
11,5569
14,25944
13,46069
6,21412
3,1920
3,14730
9,8262
3,33686
1,47781
17,27087
10,19344
14,18022
2,43241
14,48362
1,4748
7,19549
18,21903
4,19164
5,31897
18,47061
4,28946
19,49005
16,35160
1,29138
9,14981
17,11989
4,18830
1,28998
18,27413
4,21473
13,16665
10,18346
19,30040
8,2136
15,4206
1,12199
10,20356
3,2905
3,28828
13,43028
2,22988
6,15030
19,44263
6,28926
9,16152
16,47439
16,19440
15,39788
13,2689
17,30075
10,43250
16,1669
3,36581
4,341
4,43531
6,10827
15,34458
11,2531
4,48335
2,11125
13,10524
3,30988
13,25955
20,42888
16,14415
9,23311
13,27075
2,7004
20,31649
10,48596
5,35189
13,41262
5,33254
10,26370
2,46515
6,6026
8,34617
2,47641
9,12358
2,34473
19,11309
17,7996
6,36457
17,48276
15,652
14,3752
20,4284
6,29087
5,19110
12,11008
3,35487
13,24949
15,26561
13,25421
6,1956
14,23994
1,16875
15,39122
3,3307
19,5048
16,19824
11,14366
11,33708
20,2434
9,26940
6,21403
10,4714
13,2655
10,37401
16,7150
16,44645
6,44768
7,45788
10,44463
20,40762
14,18671
6,2669
16,28357
3,3576
19,26990
10,46745
17,48167
5,40395
6,19856
17,23735
2,8860
13,6990
14,29723
8,31934
20,21710
20,28693
1,29984
18,19427
18,34573
6,32768
6,7940
20,11564
14,16313
4,38175
1,31732
2,8071
13,18978
6,3240
1,32243
19,48421
3,22365
20,9705
11,14752
20,10629
2,20416
18,5487
11,21569
17,13995
12,9331
3,14149
4,37188
15,38274
7,26635
17,29280
20,33177
9,21357
18,25517
14,24222
19,39302
5,5432
19,38297
3,40403
14,30433
5,30615
17,19365
2,17865
1,38462
15,38631
10,12102
3,20060
19,4753
12,18445
11,26858
11,47435
13,20765
19,14634
12,47469
15,13579
7,40984
1,35392
11,49338
18,31648
14,29085
10,49680
7,47466
19,21799
8,36305
17,19629
15,3935
5,5887
7,49834
4,42710
11,35880
6,48654
5,12666
4,17525
13,13015
9,42891
10,47510
11,1421
2,47674
6,14669
7,31926
15,38993
20,22650
8,44195
11,48193
7,3998
8,13499
5,42677
19,21456
11,37575
4,39882
19,42465
11,37800
6,33439
18,41161
15,37672
4,16787
3,15030
13,28962
18,31309
13,44912
3,37876
15,6526
5,38128
13,36590
20,575
4,27191
15,6937
15,46089
11,5651
5,41491
1,43669
20,39146
13,27799
19,33418
17,23686
6,26199
8,23928
13,41475
6,48352
5,33477
9,27946
18,37724
3,28346
4,49703
17,25846
14,19826
4,11081
20,19264
1,15590
19,48581
9,29158
13,32319
10,5913
7,43748
7,42372
12,39699
1,34068
17,9490
5,36360
14,2376
4,47314
20,6071
6,9939
9,36680
14,32168
11,38494
5,27187
2,39377
13,26493
5,4484
19,31642
13,44108
17,19748
1,7840
10,34941
17,17745
8,11536
12,14273
18,7317
1,13805
1,21648
16,9850
5,24611
15,23419
13,49586
11,37850
15,35585
16,46524
3,19890
8,44026
19,48271
12,2264
19,11228
4,40498
2,1455
9,35643
16,9530
12,12291
7,22793
7,32585
15,27675
20,16723
9,24492
3,47803
8,20670
4,27966
2,24898
12,23607
20,41686
9,49201
9,44665
3,32129
9,3602
5,3169
8,19724
6,18046
1,43800
3,26550
20,11511
16,2943
7,38452
14,48643
5,27475
16,27711
14,48648
19,2206
20,40671
20,19362
9,7014
13,14090
6,31939
1,5979
9,22971
12,14352
4,14223
10,1095
19,37483
10,16526
19,21138
7,44841
10,48981
20,34159
2,48554
6,22554
2,9640
5,4130
17,21046
3,28820
2,14006
17,36557
10,36512
17,20102
5,30610
14,34984
11,19883
1,32865
5,22499
15,19801
7,34693
11,15082
13,44168
5,21599
5,37634
1,24068
9,21842
20,38801
10,18129
4,27689
3,31519
11,9025
1,45003
14,15987
16,10534
13,35694
6,35636
11,49891
13,14323
11,13619
10,45395
9,33923
20,1363
16,18612
12,33155
12,34726
1,18611
20,27527
6,43038
18,49934
6,5268
7,45898
9,40164
6,35056
1,1521
15,4833
11,13833
7,32818
8,28367
17,38215
17,32401
3,37741
1,8814
4,24325
5,3571
4,24486
10,18549
12,48190
9,396
16,44927
1,30747
3,34344
20,10145
15,24599
6,23117
20,29421
12,36766
2,37382
17,25319
1,9088
10,4711
4,11681
13,45960
2,18060
19,14560
17,28910
9,45319
18,23802
16,16303
15,8590
16,17786
3,4538
10,41356
17,6894
14,11909
7,1068
1,33683
12,21275
12,30280
6,40316
2,7189
14,22142
8,144
10,6708
15,38412
4,15939
8,11544
4,42140
10,10004
6,36384
8,20492
18,28972
3,7007
17,41836
11,42771
8,17417
19,44934
17,30619
19,45702
14,11015
14,25633
4,5157
15,37457
4,16708
3,24914
12,20696
13,6436
6,49784
3,40884
19,29565
4,39488
5,21483
2,12430
5,3007
7,24234
4,40935
8,27729
17,9394
4,38894
19,8780
4,16062
5,36769
11,48488
18,12211
2,18402
13,14689
9,26788
7,16542
8,1712
5,15695
20,33358
8,14114
18,34345
8,18866
15,13617
9,49731
5,1363
9,34018
18,5580
7,21494
16,11367
2,21428
11,25640
4,2224
9,20939
4,24964
20,6837
9,19091
9,7093
15,26370
12,20972
16,16601
9,4155
13,49474
6,46040
12,34081
18,12909
5,32395
2,19267
18,1424
18,8196
19,11909
17,5892
1,32694
14,35765
2,19419
18,44115
4,23386
4,10867
12,47871
18,15107
4,28540
12,19145
8,2833
20,49500
19,32421
2,25725
6,24444
3,37418
17,29362
16,21852
10,41248
10,41900
15,29513
5,12326
16,4114
6,37744
16,24478
16,37195
6,2336
18,40992
3,17497
18,12324
10,44017
2,17057
8,26770
8,6198
2,3275
3,16715
7,10243
4,26904
14,19953
4,39577
20,14868
1,46958
16,21916
2,38689
11,6049
3,21565
10,43079
16,42656
2,38299
4,49852
1,20543
2,4715
16,11018
19,14798
12,9344
17,40464
16,29040
11,35882
19,41796
14,9400
5,48926
11,28877
16,129
11,14039
12,9978
13,36123
18,31626
12,41195
1,32113
18,195
19,29076
17,7510
13,45013
18,11635
4,32557
7,36858
9,44717
6,32249
17,871
3,49870
11,12152
15,595
3,32553
3,9001
1,1936
4,27403
8,10664
2,36377
20,40594
14,13208
12,26161
3,39297
7,2650
18,29638
10,34226
6,10742
17,3952
18,2137
19,44465
20,16606
6,46449
3,41329
15,47555
14,21060
18,25652
2,20759
14,25005
7,17374
5,33035
6,43245
20,39027
15,20834
8,35639
20,4566
2,19470
9,25965
2,41680
14,15123
13,38400
5,18581
9,32893
18,47093
7,1881
13,3906
7,22029
10,4707
12,32206
13,36324
20,17897
10,18910
6,23958
1,21325
3,34759
18,1122
2,25877
15,20404
12,35477
10,37441
2,41845
5,3743
20,22560
20,9157
15,18845
8,47943
18,16170
10,40254
6,24573
16,3055
5,44598
18,469
7,29477
11,14388
11,41797
9,37489
13,28268
16,9229
15,18231
12,10209
4,37934
14,39049
17,45396
6,27495
15,22381
7,37964
6,41711
18,23407
14,5164
13,49727
20,17469
5,13907
17,21799
4,10793
5,44357
7,14950
15,43028
16,16561
12,1665
9,22545
19,9529
1,36448
8,45439
12,42127
3,43818
4,42539
9,6102
7,1407
12,14111
13,32000
11,37577
14,2178
19,11852
6,5087
6,12362
11,19433
15,43531
19,958
11,20119
17,30519
15,46866
11,29146
13,33776
12,45000
9,9493
8,32321
16,15907
14,8357
18,25721
8,46121
17,14318
11,35927
15,8586
11,17930
20,27228
4,16645
8,26172
5,17962
8,11554
13,38688
20,13938
5,1871
2,28230
7,11823
9,4697
12,38161
6,12378
5,9161
7,20395
20,45692
13,37559
13,45211
3,6859
3,26174
17,38255
20,15339
11,36215
19,19483
4,22676
4,19488
1,25504
7,371
7,20776
12,40350
6,28546
11,3224
15,33527
20,33777
7,45717
3,29461
10,40669
3,1145
12,40390
11,21293
5,15558
3,23478
20,34106
1,13348
2,48522
18,1433
12,33868
9,19303
16,20579
2,28295
10,26708
20,4958
13,11417
4,40889
14,14736
13,45682
3,6501
20,16646
18,27762
16,11000
14,25161
13,32969
7,20438
17,2076
12,2554
15,48524
18,12540
11,30940
14,5088
16,32810
13,31861
2,26241
17,23588
1,33873
11,38455
11,27056
10,15179
4,34477
20,14349
3,9110
15,28151
17,17289
5,38896
11,20603
19,32418
18,33012
9,9683
11,49723
13,30936
3,17620
18,7301
19,23759
7,27837
15,33498
6,9425
5,36517
17,29241
8,30670
3,8213
15,8577
20,21601
18,21025
16,32788
8,20205
14,25753
12,46553
16,3257
5,45716
20,41399
1,23713
4,17483
1,19773
18,43529
20,36704
4,29123
4,18094
2,43396
4,34281
2,21879
5,5540
8,14792
1,14781
14,15996
15,125
6,19776
19,23504
2,47757
8,26040
3,44376
2,14852
12,35884
10,18664
11,6839
9,4258
8,3282
15,11807
17,17094
12,22987
15,33536
20,6963
1,40403
10,9771
2,28271
16,24864
20,34330
19,822
15,8341
6,11082
14,49062
11,13313
9,11473
4,13004
1,6803
6,14239
6,33481
20,4290
20,12666
20,13514
6,4382
15,39730
13,20670
11,24486
16,3686
4,26316
3,156
5,10772
11,1339
1,27606
11,44061
13,25437
2,12015
2,47448
20,28428
2,39723
3,6306
20,14825
5,16718
14,34368
11,43301
12,30013
12,1597
1,3238
9,48088
9,6722
6,13843
16,41831
2,2105
14,7531
4,34166
20,7581
1,16721
14,21531
4,709
12,47329
7,4363
16,30758
19,9166
3,17521
6,45439
13,16068
10,46593
5,23395
19,47428
6,27841
14,39155
19,27382
9,14095
13,30971
14,19477
3,6304
20,26368
1,29544
4,48716
20,4883
20,1938
13,650
1,21199
19,10782
11,44186
17,30798
2,7610
8,7000
12,44656
19,36219
10,14651
6,21878
16,10106
16,17981
10,7080
19,42420
1,44108
17,35019
11,42446
11,49896
12,46892
11,2600
7,18081
18,38469
16,23267
11,832
3,16356
17,22067
9,32032
2,48273
1,14034
7,9537
11,6566
20,25554
8,2733
13,39564
11,25799
18,14207
15,24854
18,42624
9,48512
17,39546
13,48553
10,34161
18,20880
15,16657
13,36184
15,37747
8,19903
1,48267
19,30435
7,42712
13,6745
8,14083
20,41495
20,2194
7,21320
13,40486
11,16821
13,37045
13,31501
15,48807
15,27492
6,44167
18,27112
4,6267
12,26874
6,45656
13,28142
2,36420
15,26288
10,7003
14,10597
14,40482
7,37643
4,42192
17,29176
2,18566
17,25372
18,37605
5,42993
13,46515
2,42275
16,26759
7,4289
9,24576
19,36397
8,33179
12,6370
15,15021
11,49996
16,8204
18,19568
19,22609
20,2658
7,47917
17,29539
10,24085
1,42966
1,42110
13,23224
12,39307
9,48362
20,26142
7,20851
17,42662
14,1307
2,11780
20,25546
7,25479
9,32568
11,22290
13,37813
2,10002
19,19487
16,46001
19,29350
10,2690
1,12805
11,32979
16,14209
9,21713
15,43853
13,42608
11,4525
16,11837
1,30836
16,7773
14,33045
2,49814
11,32146
14,40355
5,4486
8,49508
17,39451
7,46615
6,30897
13,7123
7,30089
9,3343
11,16154
10,3962
5,4203
16,32042
17,48474
13,4912
9,41372
14,29310
14,7066
13,1717
19,48444
14,25388
14,36788
6,23882
17,10877
9,18795
8,39143
12,12501
16,36291
14,34867
20,48407
16,35618
6,27913
18,3573
13,45165
7,39699
4,41604
1,33617
16,33810
2,48432
18,43945
3,4146
9,45027
13,23690
17,9135
10,1506
6,42395
4,3718
14,25034
19,21891
14,22031
8,26281
10,34141
16,8521
12,42804
19,560
7,23286
7,31447
17,36468
15,35645
5,1606
20,13511
15,7021
18,39985
17,28794
19,17021
11,34795
8,12131
6,47067
8,25500
9,40071
16,7827
14,5955
17,26763
12,35833
9,33401
20,18522
6,37401
10,30000
14,41343
5,13518
17,9196
16,46795
14,21476
5,22833
3,37299
2,8936
10,4198
7,18264
5,11397
7,14539
19,37243
2,13573
15,16634
2,30470
3,43063
11,46805
20,48734
18,40375
5,20900
15,19614
3,38275
12,130
20,10784
9,6980
10,5839
5,28675
5,33296
18,16309
18,47690
15,9088
16,15639
11,3787
15,46942
13,1544
3,13043
10,11426
16,34999
11,19271
19,35963
17,37893
19,43880
6,13877
6,32368
12,7471
16,23920
17,44653
9,22075
11,7582
20,9404
19,46748
20,32619
16,6774
4,25637
13,20748
3,17887
5,11540
5,37039
6,663
11,13711
1,36719
1,29511
15,31475
12,20604
4,39286
7,41758
4,2563
20,10171
2,2445
12,8319
19,43883
17,9861
9,36440
11,5365
6,8843
1,40229
8,25434
11,7745
12,2009
3,3824
4,2984
16,21945
15,15760
4,38562
8,43213
1,41782
11,49679
9,33541
15,214
20,17194
12,31720
16,13540
20,34670
18,38803
20,11722
2,22594
8,41758
9,49308
19,30872
8,48150
20,46614
2,30107
16,33961
8,11319
19,32527
18,20221
2,47477
14,6137
3,10647
1,45309
1,5905
1,17844
7,40280
7,47595
15,22761
4,3424
10,20111
3,26655
4,38127
4,7923
7,29196
7,24756
10,2845
14,11605
5,14367
12,41003
9,33603
12,6397
13,34639
2,33231
14,11259
15,26528
10,27311
8,22807
1,18381
14,11961
12,12475
9,27570
18,34016
13,31049
11,39158
20,30478
20,39252
12,31048
14,20370
19,16959
8,18841
19,14566
20,41610
2,47843
5,39651
7,1942
14,34256
19,6039
14,38630
3,3753
1,43865
20,29534
6,28870
10,23348
16,43164
7,5684
11,22017
16,982
13,9838
12,4097
12,9426
14,31728
20,46411
17,19273
4,5007
17,14462
13,22282
4,9640
4,42032
8,656
3,41415
14,30773
19,1814
13,35096
15,6363
4,43552
4,4217
3,15037
8,24196
16,4646
12,40843
8,36949
3,38597
13,3116
17,40018
1,20904
5,39260
8,5186
11,21984
14,1918
10,4016
10,42559
3,38161
16,18287
19,48218
6,8753
15,28457
2,31963
18,9964
16,19027
13,40478
15,37043
13,1510
5,20000
13,19848
6,29087
3,10452
15,6220
20,26509
14,8914
9,20730
7,16217
12,3208
12,41772
4,3726
6,4075
15,38511
13,19481
14,34028
20,1440
10,3430
16,49850
16,47771
1,37973
1,6836
13,27472
9,37435
17,16324
11,16897
5,35333
3,36012
20,11807
14,22879
19,17675
10,43150
7,40537
7,26797
16,44932
11,9772
14,47810
5,44762
9,40827
12,32471
18,47967
16,22144
14,47187
3,28042
11,43742
14,24516
17,31260
8,33164
20,6103
13,45581
13,9464
9,14047
1,47081
9,15884
2,12805
17,22373
15,44269
10,49503
4,38809
1,35074
10,26953
8,27050
20,36937
14,29400
6,22053
1,30614
16,38000
5,26882
8,46654
16,32787
16,34982
11,22292
20,303
12,17821
16,12915
2,10866
9,5603
4,28707
17,44297
18,12889
15,7443
20,24026
16,23281
6,46630
2,15116
7,18179
1,43431
18,43143
19,530
11,16717
6,3034
12,42479
11,39712
18,946
7,22251
1,18834
18,10782
3,17185
7,42571
13,15936
13,13853
20,26574
15,39192
2,4194
13,21846
10,3686
7,31824
9,41332
13,45902
3,27708
17,45454
8,6728
4,26213
12,389
16,1537
4,10997
2,19486
10,39139
11,350
16,16864
15,44991
13,1944
16,6142
11,45936
9,10222
7,15948
5,38519
20,46494
14,46475
8,2180
17,10546
15,14060
8,31922
10,42670
20,13696
13,11438
13,14729
3,42251
19,30393
12,40089
18,27734
16,17008
13,17669
20,40807
8,15534
5,44835
2,37672
8,1135
16,31824
11,36856
10,21103
7,19862
9,19040
6,48385
10,8399
15,35432
18,461
11,4250
16,49390
4,10545
1,48966
9,27868
2,42939
14,29161
1,34388
20,8215
15,19425
5,39631
8,9280
17,7029
20,12995
9,29961
8,4171
16,14935
7,11977
1,12709
1,32971
18,15831
14,41290
15,30049
2,4688
19,35230
9,436
9,15511
16,26607
17,6837
19,40637
8,14920
10,5286
18,22327
11,26415
7,23716
16,3052
9,36675
10,45835
12,24184
4,1782
8,19638
13,20489
13,24975
3,5440
3,25582
15,32920
7,17658
10,21682
14,1363
13,23429
10,6269
3,23432
7,14387
19,16229
10,4072
20,22696
16,4706
7,41708
18,47958
14,14713
11,8439
14,38262
3,25732
19,42203
1,8348
10,21256
3,32984
16,36294
3,30758
10,3670
15,37777
6,12976
12,4819
1,42208
10,3505
4,943
16,41487
14,49719
4,28941
15,48828
17,13762
12,917
18,11410
9,4471
13,15413
15,44261
10,32023
20,2994
12,14674
11,18309
9,11972
19,46429
13,433
18,49298
14,37025
4,41538
1,13967
7,3797
18,40172
14,4845
14,1639
19,23227
15,33282
2,39013
10,44382
7,27963
15,14969
14,27628
5,31173
3,2769
10,11346
16,26117
1,4981
6,18705
14,49937
6,43003
10,45463
3,46397
13,38522
7,24193
4,11501
4,43146
14,33787
13,25120
15,43947
1,4860
12,26382
15,48462
7,34302
7,42346
7,5349
12,16008
8,14246
6,12522
13,32575
17,3379
20,22026
1,12547
4,40543
16,29053
11,33307
10,30403
16,14602
18,10865
20,43095
14,17522
20,30911
18,38906
16,20025
8,46986
16,23900
1,1483
10,11572
6,12410
19,20692
6,48548
10,8273
6,23660
2,30376
10,707
16,2503
17,8078
2,11569
14,24555
10,15987
13,26986
9,28877
9,37069
11,28624
1,31456
17,21692
17,33629
11,46659
2,48112
17,8531
4,21911
10,352
11,19110
14,36253
3,48323
18,13609
13,2111
1,16160
18,38726
12,43379
8,14613
11,7816
19,32694
13,34134
1,14116
1,5243
1,33294
7,35604
9,31799
7,43422
19,128
19,7557
2,9410
5,20084
15,4955
5,43521
2,14258
19,49054
5,8088
14,819
7,10003
2,43047
15,13293
3,29498
20,13146
10,6806
18,1105
10,44241
1,3592
4,15394
6,37995
8,23937
20,23121
15,44876
7,17579
19,49849
9,17939
15,17377
18,32186
1,48931
10,38869
17,18011
2,27467
18,339
10,45561
15,2962
20,16894
1,28045
3,23611
16,30010
2,43283
8,22183
17,10029
20,23313
19,28483
20,43164
2,34169
4,35059
7,36054
3,8223
6,5491
12,16954
3,9279
14,34857
15,46595
3,32663
16,32741
1,6874
2,33249
11,39645
16,47625
13,29550
8,3388
18,35284
13,37521
3,39826
2,24595
14,36690
4,23924
9,37889
19,20669
15,20040
19,43165
12,45966
5,23089
18,42013
9,23304
13,5586
10,6390
13,410
20,40293
3,37206
15,38761
5,17920
1,14301
4,41429
12,2521
5,22879
1,30866
9,46458
14,10474
1,34022
4,37296
6,23129
10,45372
11,23860
16,4032
4,17080
9,32635
5,48930
10,25949
15,33468
7,35123
3,1763
12,28134
4,47259
4,27501
7,40167
13,35172
3,46121
1,4409
12,38460
20,31071
5,916
16,35266
2,2501
9,42029
13,8048
18,2895
13,6195
19,41271
10,13309
10,29536
18,26673
18,32091
11,41468
2,23945
1,46061
16,9171
3,23257
9,35323
14,18049
5,36970
19,20991
18,2558
17,25752
9,13927
9,17560
17,28613
16,27480
6,21872
15,19273
12,32513
11,43789
14,14546
18,10624
5,44354
2,26896
17,28641
16,17339
5,17483
20,3139
20,34511
2,15020
5,19700
20,38740
5,8896
6,13859
14,35461
11,46119
15,7522
17,35483
15,4146
3,16252
13,34483
6,16058
12,23260
2,38522
2,1844
7,42440
20,3790
1,30070
1,21918
14,44015
1,11580
17,11544
13,1315
2,22478
1,10663
5,25612
11,45831
19,36472
8,37432
19,27263
17,35922
7,9985
19,37557
2,42534
18,30290
5,40246
3,27747
13,26499
6,40900
1,10900
8,35146
8,25726
13,46654
1,18482
15,14567
3,4153
17,8845
12,7833
20,16063
20,37139
17,25448
9,46131
9,4161
13,36081
7,26254
12,6151
6,7922
16,12212
2,34865
20,23385
1,19255
6,20491
9,48879
8,19547
5,35553
5,46501
9,13295
14,8753
2,39865
16,8375
14,5335
11,4948
2,41813
9,43395
8,38028
13,2659
12,29803
4,15554
2,9756
5,49949
5,23497
9,47130
16,2622
7,8188
4,27636
2,21515
19,19374
16,9309
4,11561
8,17301
15,23982
3,22988
1,5309
3,1784
20,12902
13,1762
6,44465
3,29957
9,11627
18,42282
5,30169
6,2964
19,8947
12,44850
11,45047
4,9705
11,3568
3,41651
8,9773
16,42251
12,47757
17,3311
18,38462
20,33984
2,36495
20,38938
8,49124
6,3731
20,8299
3,5797
8,25609
15,15782
19,4015
18,27084
11,3959
10,26789
8,14918
2,14723
17,32772
4,36331
19,16549
20,42640
4,8067
20,43608
3,10814
16,1191
12,7637
6,42573
7,42747
1,14233
10,38645
17,26084
4,41504
8,1727
5,45060
15,7757
15,48547
15,47841
4,40442
19,5777
5,46186
14,17390
11,20994
20,45396
1,34192
8,48937
9,25014
13,38568
20,26618
2,43262
17,17465
1,23024
9,3117
13,45641
19,30715
19,44157
6,38647
8,24133
2,5263
9,34058
6,27547
9,20344
20,2392
1,29163
3,42112
12,43297
17,2099
12,5679
16,7724
6,44495
4,40579
8,34564
9,18479
1,28514
20,16257
20,42178
2,27688
20,35637
4,36800
6,35194
14,29627
18,5673
6,38896
8,26845
13,30111
7,3620
12,49427
13,13087
14,12568
13,32470
12,14791
15,30893
16,6396
17,15036
4,34747
1,17281
12,3571
10,35810
13,13257
4,20326
12,1728
16,5185
9,36582
17,28815
6,2146
4,3446
19,11576
19,9032
4,27452
5,41231
7,21078
7,12100
13,40739
14,22199
16,13887
11,9199
15,6801
16,38303
19,20249
8,11935
1,19016
1,34003
20,40331
14,48222
17,1309
13,18137
17,27871
1,26511
7,9706
11,8953
15,49717
14,13548
17,12899
16,35653
19,12831
10,20085
16,25167
4,34466
6,5066
7,48216
16,49960
19,15245
7,14702
19,105
1,1972
2,10978
5,48472
1,16827
17,8598
12,43259
6,442
17,39359
19,30880
18,838
6,46282
17,38872
3,4144
7,9683
13,38285
12,5846
3,32465
8,44021
18,4529
17,29888
13,10117
1,44713
8,43268
15,14598
15,33130
17,49132
4,2195
17,49520
6,27485
5,42800
16,41952
6,48469
20,47262
10,32089
17,23815
20,37564
20,15988
5,15015
2,21810
12,48428
3,28192
7,28311
5,13147
1,11830
13,44553
14,12349
3,13940
7,41320
10,27726
1,28530
20,21791
16,28977
17,9385
16,11872
10,38211
19,1930
15,20859
6,14530
14,32662
14,21786
1,10971
14,4315
3,18683
1,46259
13,37095
5,47377
1,27877
8,41168
20,14896
16,6631
6,24492
1,43455
16,11980
16,29722
7,10864
8,13715
7,29652
18,36303
11,36390
3,26958
13,30201
3,29544
5,24914
20,6271
2,36363
3,31256
11,16181
8,30821
4,16128
18,2391
15,19197
15,36861
20,37613
3,34879
16,32821
11,23248
9,39945
2,43078
6,46794
2,45975
13,33713
9,15502
2,17144
16,17334
1,42977
18,31928
2,29623
13,4559
16,11030
17,38275
10,9395
8,37375
14,33591
1,12655
8,41029
11,1567
9,45759
13,39749
18,23567
14,367
10,46712
4,1063
1,49555
3,5144
17,20986
10,1446
18,22548
12,15503
1,2373
3,4907
20,34860
20,11833
2,46338
5,48135
20,9969
16,43266
3,44248
11,30694
6,31650
5,17473
9,3161
17,27539
20,5951
12,21829
6,36907
18,17045
20,8410
7,19848
1,49370
8,14942
18,4118
16,43318
1,9555
7,21403
17,133
12,20390
14,1927
3,43510
17,11052
3,26042
8,18465
3,46524
12,31493
7,48062
4,45815
15,48046
16,34281
12,47864
1,7484
16,33477
12,13809
18,30966
9,24990
12,41729
19,16701
5,27494
12,15791
10,15835
5,1304
10,24404
12,370
19,45032
7,44713
1,11243
11,19321
18,14641
13,37290
10,15590
17,4153
1,45747
6,40024
19,38309
16,21798
20,42349
15,7787
13,39526
1,22577
16,35616
20,7389
5,5845
17,13428
16,40898
12,40993
16,10450
7,32136
7,31762
13,346
15,15013
10,28159
5,44507
5,31790
20,7048
10,43067
7,39381
6,17064
18,34562
2,32551
4,3881
7,9942
15,45453
3,14791
7,31640
11,12659
7,1541
8,931
17,40382
17,2048
6,42698
20,14989
14,44382
8,34162
18,11202
13,36472
12,29772
6,30963
17,23468
1,10434
9,41454
16,36376
18,26891
7,36848
10,32897
13,3968
1,39204
7,6479
14,7787
6,8069
20,36487
5,21507
13,26381
10,5497
11,22840
11,39144
18,35710
3,30115
18,45015
13,30230
8,13517
7,19528
16,35524
11,43961
8,23413
8,40852
1,36111
12,13759
7,5581
2,17086
2,16586
1,16280
20,47809
9,38322
16,26173
11,32871
16,41156
1,26451
11,21615
18,31564
17,37317
2,25453
16,22624
2,40821
14,22714
17,38990
20,19620
13,37929
4,25662
20,39197
10,31964
19,14627
6,49696
8,23333
2,17850
18,16008
1,9461
13,33240
20,45637
16,31540
12,45913
11,6751
11,44264
10,48091
13,21355
7,11663
17,47924
7,46312
7,39204
1,44803
15,26092
8,32136
4,29990
17,20700
16,12000
5,8306
13,22701
20,5912
8,18398
1,37200
12,47128
2,23542
20,14482
13,6385
15,16598
9,27213
14,25264
15,12459
8,4770
16,2869
7,44763
8,9957
10,15538
17,43258
2,42549
16,8286
1,3202
17,33528
17,28225
6,7960
20,3629
1,18980
5,43632
16,43917
9,22750
19,8987
16,15249
9,8692
11,33675
6,47326
19,8188
11,5937
13,3269
20,12908
10,42588
8,10726
5,38661
2,19868
10,33731
6,18117
9,14487
11,25253
2,36775
6,34012
11,46156
11,27983
2,15428
6,29908
6,9166
19,12797
20,44430
20,5610
18,37601
11,30207
8,16185
14,21162
12,38854
15,47346
6,14925
12,10856
2,46400
19,33949
20,43057
16,7547
9,41896
7,43475
15,3552
17,21451
3,28967
16,20816
10,32208
9,43148
1,8913
8,10529
13,49077
10,35355
19,12475
10,30558
5,27104
11,30408
17,16640
7,22469
9,49914
7,3294
9,37339
20,15421
6,22856
14,35490
12,46769
16,26485
12,18191
18,4364
17,34563
14,6622
16,39025
17,15535
11,6409
16,47402
14,45085
17,4651
20,30737
16,7156
2,2201
14,2388
1,13211
16,32973
15,6139
14,766
3,21595
3,38657
14,1638
9,35294
9,10107
2,28744
5,19223
16,32021
13,22080
10,9939
2,21470
18,20277
19,25253
5,38286
4,27114
13,10035
16,13690
16,32893
16,49767
2,43892
18,6583
9,25215
17,1292
7,23883
6,26003
7,9660
5,45929
6,16933
4,40245
12,2049
11,25704
4,25530
17,43906
16,438
5,13567
8,13163
20,28545
5,46693
1,36624
18,6967
5,21103
14,44174
5,22906
20,47253
6,21927
9,49737
11,45706
18,42360
11,9959
8,42456
13,36720
8,25627
8,46178
17,18330
4,2888
11,15105
15,27243
17,14205
13,47948
11,31051
8,8637
6,13442
17,41971
18,32002
2,277
2,5235
12,12003
20,48503
9,40209
19,33947
4,31047
12,12603
1,41423
2,21518
4,31666
2,20007
19,45871
14,7001
17,22718
20,10104
7,7678
10,18697
13,10019
14,6359
14,31838
20,30506
10,27888
13,26134
9,41914
2,30923
1,9789
6,45534
6,5488
10,30296
9,21420
6,42875
19,8289
19,46791
8,11755
13,39513
10,24363
7,30044
1,40049
4,14950
3,29348
11,42286
10,22852
14,48967
1,9837
6,13915
7,17759
4,42295
3,1985
13,20148
11,15728
4,11728
10,19282
12,14732
12,10757
7,44820
15,27410
6,42859
15,46095
11,26270
17,43937
14,8075
9,18894
1,41030
4,31903
18,45779
8,36562
18,11986
12,11149
2,5076
13,2568
1,19909
15,11577
14,49072
13,1227
10,21355
15,26231
19,46410
11,47014
19,34613
1,35697
15,49959
4,26471
20,47395
12,26015
9,8287
7,34171
6,34394
20,2104
10,26970
3,46686
4,10678
12,2829
3,40465
18,47392
19,11877
16,1171
9,24240
9,40646
7,12777
7,45321
16,11732
20,39450
17,5981
11,38005
19,18311
4,2131
11,10598
15,14559
18,44488
13,31033
8,945
20,14905
11,47421
20,2856
17,26427
19,16993
2,17340
7,26807
7,26333
12,41102
2,6362
4,43607
12,6691
15,13677
15,19554
6,40112
10,18494
3,40015
9,46438
13,181
17,29540
7,44329
12,37550
10,16663
8,48138
14,20374
9,30262
13,14570
5,3911
19,7148
7,10091
20,28534
12,1710
3,40416
6,48851
13,382
8,21672
14,29014
4,24901
12,14612
19,6631
11,14861
10,24516
1,25661
4,8247
16,29237
12,15849
1,24639
12,33859
14,42305
14,15304
1,4715
13,21688
16,29996
18,654
2,3895
10,18226
5,7995
9,1748
20,12213
6,28488
5,36552
3,10367
19,25371
17,9019
12,38669
18,6277
7,49965
16,38532
5,12575
11,11895
12,38672
15,38350
16,40771
4,49120
5,29436
7,36269
6,14515
19,41783
16,5940
15,27479
9,46992
2,12939
1,21778
15,9826
4,16920
7,28199
10,18694
12,4479
10,12274
12,15638
11,41480
1,4179
2,41403
11,7197
13,36453
12,33667
19,11609
13,34001
14,4503
3,47632
14,112
9,10880
17,1256
13,37226
8,37424
15,49153
9,31772
14,34662
13,25425
8,25471
4,20862
3,26390
4,14738
2,31001
15,38758
12,48250
13,12945
16,1428
9,13558
8,47890
7,46259
20,16586
16,17653
13,33031
8,35771
19,22589
10,24907
11,46459
4,5837
6,33020
13,29206
9,3953
2,15081
19,35978
14,3648
11,6450
18,11345
15,28766
1,3428
2,25313
18,46889
20,19951
10,38950
6,40877
13,30884
7,44272
6,44095
18,15823
17,32588
7,44091
10,6574
16,46140
1,23743
1,28186
17,5793
14,3431
20,16714
16,33135
8,25675
7,24153
4,17862
3,10612
9,13003
1,21127
11,20153
17,26765
5,30175
9,20126
8,37590
9,4559
13,43594
10,10315
9,23130
8,38010
5,45877
5,39113
1,23336
12,20348
7,37818
11,2985
18,16426
12,1970
11,44126
4,21406
5,18066
18,46203
10,44589
14,31126
7,48094
1,33998
10,27428
2,19099
18,11662
10,47018
11,14935
15,1743
12,20501
18,19373
4,8827
5,4876
16,41813
17,21111
16,18610
3,33356
18,12642
7,41853
4,45749
1,7928
5,11189
13,44090
11,32683
13,26781
12,17437
15,40269
5,8464
19,23098
8,5122
12,11022
3,34215
14,6560
7,25179
13,33835
14,40527
5,25378
12,9722
6,835
10,22262
8,20915
15,23994
17,3416
9,47281
6,40585
20,25059
15,27006
4,20020
5,1544
1,34966
9,44704
10,6219
13,10744
4,6179
18,3497
1,33018
4,13800
18,11539
15,2498
15,14616
9,19560
5,3287
6,48748
7,7893
16,8475
17,19621
14,33230
5,19531
1,7259
1,5183
12,49669
16,42931
13,4392
10,4072
13,2936
5,23969
11,36083
10,6178
9,39370
10,42039
15,18309
14,46452
20,22555
20,42980
9,28117
3,41224
4,8985
5,9518
9,20781
12,31698
20,13588
3,12056
19,46146
10,32415
14,44358
18,7687
1,18481
9,11104
20,22761
16,41117
13,12056
10,2515
16,40126
3,21790
16,20602
7,33355
10,1342
19,30452
4,44599
8,40855
14,846
16,35622
12,22124
8,43241
16,8641
20,2640
17,46964
7,38143
18,43365
11,19926
15,30760
17,691
4,5702
19,47040
2,31498
14,42140
7,29255
16,2755
13,26247
4,12354
8,16016
18,16435
12,32491
4,20604
3,48647
7,24755
17,37845
19,30100
16,11134
12,35774
6,16577
16,17046
8,12468
5,4111
6,26596
1,1421
7,18655
3,1183
10,5201
7,8173
7,31298
15,19282
10,9045
9,8666
1,23715
11,10837
1,9102
18,30123
3,30557
8,10416
2,41807
11,38543
20,20931
3,2060
4,23484
8,14293
10,22050
16,39179
7,40071
14,23924
8,6093
14,23090
3,11166
20,15719
17,43539
11,17514
2,13108
8,7890
4,44795
15,48758
6,19091
2,38055
11,13166
14,3846
3,25877
7,12856
6,18533
2,40676
6,18061
19,22746
2,228
19,2764
1,48963
9,22416
1,12594
9,7635
16,43638
14,4235
5,24700
3,10696
15,2526
1,13279
11,4967
5,27344
15,13471
13,4027
4,41636
4,2077
9,29973
8,16023
2,24861
12,3794
6,24645
11,38087
14,41312
16,5506
16,16000
20,4559
3,40199
8,45391
3,36677
15,38417
11,36623
14,30558
20,7457
13,546
14,4986
9,36754
13,34308
20,27262
8,19745
2,6140
16,46259
9,42294
8,35589
9,24858
19,7713
9,41306
19,41011
11,4379
3,45676
1,2422
15,27558
14,20058
18,11314
6,6353
16,30043
17,21150
9,21648
13,8985
19,17382
1,20460
1,37719
16,21148
11,28400
6,17314
1,10136
12,15028
9,10547
15,42261
14,38275
17,5093
20,9968
20,6439
3,24581
17,13533
7,16605
14,25392
1,45220
9,39501
7,30744
11,1961
17,31805
14,35069
15,43511
8,12066
17,5853
17,10015
17,1207
16,24200
12,40478
3,7501
16,27713
9,47040
7,29305
4,1829
18,23622
1,7924
7,3978
2,14405
9,31565
1,42010
20,888
12,14585
17,12014
15,7784
14,6253
12,43651
7,33299
20,38769
1,45138
11,37715
13,23696
19,8805
18,2831
3,29642
9,20148
12,24358
3,645
6,22027
1,5574
3,42860
6,44547
13,8076
15,41572
14,36536
18,11985
4,13069
6,15588
15,5655
4,9259
15,22449
10,6587
7,15871
16,34970
15,2189
20,29720
18,6430
20,41634
1,31060
4,33101
16,22487
16,37287
12,5222
14,43430
15,31155
1,29701
11,22042
19,18861
17,18521
3,13898
12,42324
11,13948
5,49217
16,34899
10,37430
8,34444
3,16488
15,8319
18,47293
17,38350
3,6150
18,49347
4,12811
6,11415
19,16335
14,35525
14,22264
6,14579
19,48156
12,14240
8,26900
12,49714
19,19689
8,8056
14,26133
20,16790
17,20945
9,27695
12,10885
14,48753
4,44074
1,3519
20,23470
12,10109
10,30103
9,17875
20,22175
6,47622
1,4362
3,43238
9,29163
1,32570
9,20064
15,12801
7,11890
3,26717
10,20408
9,101
14,14714
4,4341
4,32124
17,12956
14,42290
14,16194
20,16119
15,42690
10,5736
4,10471
6,41647
10,33821
4,31783
18,8530
18,4311
9,30321
9,7609
10,15902
15,44484
3,46099
19,33988
17,34760
1,20424
15,10087
1,28497
3,35337
8,3405
7,17633
16,26768
10,43101
9,2554
13,22096
3,41524
2,19782
3,17515
17,48015
4,15654
18,15931
1,30212
9,29334
11,9544
19,29685
3,27139
8,4301
15,12068
13,7408
20,30782
9,41679
13,23598
17,37037
14,24938
10,9794
19,29481
10,33788
18,38846
20,4237
3,39304
13,18999
5,35056
3,13544
4,22099
15,3052
19,6486
12,34643
9,41276
9,3608
7,17974
15,2534
20,48523
4,22896
14,43930
1,9706
19,2289
17,24650
6,41398
19,20029
3,26881
17,4384
2,45887
11,34878
11,49079
17,47381
14,36786
18,1626
10,18128
13,38984
18,47905
7,38434
18,12153
2,20881
5,6827
10,1747
17,48113
15,11576
6,32692
4,39463
17,43952
16,41634
12,17818
3,13424
20,32804
1,7889
12,38162
11,3261
2,10404
9,2779
11,15224
10,1855
14,8133
9,23549
12,9926
10,30642
4,16109
7,8150
8,40547
2,36726
4,42174
12,48113
2,9570
19,47933
5,19423
1,14962
10,35863
6,2530
12,35384
13,8039
8,42943
10,28387
4,5998
11,45275
11,7211
13,3019
13,44905
9,26439
4,1576
4,48806
8,30398
7,19100
12,742
11,45716
7,13710
12,34034
8,7184
2,33983
18,49487
8,36169
17,1451
2,42224
8,14389
6,8510
10,17391
8,5067
10,48317
12,31198
11,21321
6,20393
18,38878
14,46573
13,47432
18,19483
12,5872
9,22207
4,14501
12,40535
16,38642
12,47595
15,45929
4,47752
3,34412
9,6112
19,12135
12,5248
1,22479
1,43157
12,47155
17,24262
14,20377
4,11298
14,41065
15,46307
17,19398
12,5438
2,26554
11,41026
7,34393
17,15024
11,46664
16,39892
4,31239
11,10382
18,21532
6,36217
7,27053
7,6663
16,10244
13,38355
19,37292
8,46697
9,30186
19,3224
2,27939
12,409
11,5911
1,21566
5,39014
4,19045
20,49755
6,39345
6,23478
10,10011
9,14931
4,38336
17,4760
10,46192
11,20907
18,1185
2,11330
12,45967
1,2936
18,43502
1,39037
18,18060
19,36388
9,46504
11,33119
6,5277
17,19388
17,4106
11,256
4,38880
15,46666
18,28678
13,12796
7,6339
10,19184
5,31066
17,24277
1,23770
20,47079
17,35734
2,46912
11,47252
8,17908
15,4742
5,27361
5,38788
13,23058
7,22027
11,29533
5,9881
19,4584
10,7711
16,30489
20,17883
13,29645
12,34731
17,24947
9,41318
16,10248
11,48872
15,4612
18,46756
16,362
12,29229
13,43217
4,47298
8,40333
7,41297
16,43048
2,26550
17,48379
2,1779
15,4890
9,18379
18,18402
13,7794
17,49178
5,35803
12,30556
8,36221
13,37423
14,39483
9,28546
7,35648
15,29824
18,22865
15,28229
17,28114
11,668
10,8521
13,47731
8,27439
19,32820
7,25972
14,32027
20,16639
18,38059
13,26929
13,18636
10,9544
6,25704
14,42497
2,8933
14,6325
4,5024
11,1572
14,34642
4,27058
1,43144
19,19490
13,41098
2,5151
6,43774
16,28778
19,7518
12,19806
6,13148
5,11558
8,34893
14,44019
20,22561
2,35697
14,16039
6,40394
16,1748
9,9967
11,42052
11,37059
10,12336
14,16933
20,8806
10,21619
14,47506
20,13275
8,16363
9,36757
9,41053
3,48431
20,29374
18,10728
7,27353
16,37096
7,5619
5,43329
7,44889
8,35579
4,25216
16,7556
18,15919
4,9550
17,15516
4,12692
9,14301
12,5346
13,2989
9,19811
1,351
4,33719
9,5219
18,20369
17,38401
5,39247
11,2162
17,6575
14,42598
18,26481
5,2454
18,34930
1,3913
16,28430
7,8138
6,17239
9,8780
10,36737
3,16471
11,6880
2,24808
19,24579
6,13664
14,20004
7,29066
16,36423
9,30712
13,3374
15,28378
19,11775
20,19560
5,19393
16,30009
3,9012
13,27360
4,28670
2,22351
19,13444
20,6905
7,47157
11,17085
16,16038
6,30198
4,32988
9,11930
10,17913
7,2631
1,17630
2,16998
3,34036
11,32037
8,26368
2,24783
12,5345
14,36714
15,15180
10,7888
14,33173
11,49565
17,8298
11,9501
4,29296
5,13649
13,32432
2,18502
16,35421
1,21110
12,24528
2,37902
2,48315
3,15361
8,6915
10,37220
16,9100
15,28227
11,35647
10,41190
5,25188
16,26634
14,3568
13,42665
16,18185
15,8926
10,21016
12,26293
18,46728
11,9444
18,36550
13,15519
19,19966
14,36495
18,36987
14,39451
1,43195
5,45428
9,12656
4,30231
11,46024
10,45998
10,39339
11,17382
14,27525
19,29654
7,10277
6,43156
1,7236
20,41556
20,4532
12,15543
9,1601
3,14431
17,39297
15,7331
20,40376
2,22741
3,18150
10,27717
17,25031
3,2485
15,42806
7,35847
11,43494
14,6649
6,12546
3,46838
1,11117
11,32328
10,21530
19,38531
6,10286
2,31052
2,16743
7,17076
20,29889
14,22036
11,39522
11,9356
13,28035
17,6416
18,16490
14,27952
1,46168
11,45224
20,14630
6,22271
17,19184
6,20391
17,26806
20,12865
2,40554
18,23897
9,49684
20,39210
1,26424
18,37066
15,37915
8,34897
17,44552
14,33908
15,22589
16,26655
15,44330
20,16961
4,49507
3,37288
17,41358
17,33280
5,23645
7,48014
3,2228
10,28054
3,23181
14,36932
17,35024
8,19276
3,16385
5,24341
5,32051
18,32511
10,28973
9,2682
1,6211
16,21162
13,46833
4,47776
8,37097
10,17252
3,32009
7,16567
3,40959
15,49019
6,18853
11,36076
12,32943
9,5783
17,15889
2,14958
10,22494
7,27429
4,21187
1,774
6,32681
13,39418
6,46431
4,43627
14,44223
1,48064
3,48411
14,1914
2,18362
12,8022
12,25625
11,13052
17,42957
14,17205
8,44662
10,18037
9,28379
13,3612
17,33560
20,2035
1,17353
8,17744
14,20221
13,4490
1,12397
6,48173
16,18334
17,2288
4,35027
5,7538
19,3681
19,9153
12,27647
9,38878
10,48120
2,20963
7,11753
19,6795
2,16956
8,35474
13,13893
12,42963
20,21190
20,32888
5,46101
15,11696
15,29934
13,15525
1,31970
5,31234
8,42276
3,29141
20,26862
6,29056
17,17936
9,20476
7,46492
4,18474
5,33881
1,10162
14,36481
18,41634
10,21088
16,10304
5,31319
19,22202
13,1384
13,18074
3,5430
12,40586
9,3607
2,5476
18,16976
10,38150
10,43274
15,31393
16,11391
18,40597
13,38827
14,36087
10,43047
12,20980
9,49497
11,3250
13,3589
2,12188
14,46468
8,28507
3,33270
19,23882
8,26667
12,11575
12,6425
17,41656
6,26766
18,31261
16,44906
1,44068
11,17474
3,9263
13,4233
10,30301
11,42478
8,6784
17,29015
10,42309
15,31068
18,29097
8,7665
10,46115
4,42767
11,45993
18,17551
13,36077
18,25921
15,39630
12,12690
10,21459
20,5853
3,9107
11,37727
17,16763
9,33890
8,5279
9,38169
6,19768
15,6819
13,173
6,47523
8,5728
6,28563
15,32075
11,24825
16,14257
8,46172
8,42005
10,971
6,3892
11,26458
8,45440
17,33899
14,40314
7,715
12,44378
3,6259
14,12621
19,26757
19,6482
17,5802
14,38787
4,43995
15,25955
15,46684
14,9064
1,8394
1,16677
14,17751
8,5484
7,10632
9,25510
17,19225
6,36745
8,46352
12,20760
7,28412
1,46232
15,23793
7,816
6,40319
14,21414
7,31751
13,14461
17,11952
16,13873
6,35383
4,24451
7,18840
3,39922
20,10534
4,36315
5,9711
13,36456
10,26799
19,2442
17,30568
13,16909
15,20599
1,28348
14,35924
18,35561
13,46422
4,47344
10,24672
11,29265
1,2382
9,925
16,6567
20,32886
6,25875
5,44209
5,27086
19,11384
18,1912
2,32033
8,17974
7,24418
3,23872
19,45448
6,39416
13,28353
19,1747
11,3123
6,14319
15,34025
14,40173
20,38589
9,38979
6,44250
15,3241
5,32644
19,21028
9,26312
15,39889
14,44738
19,29687
10,28814
5,47845
10,45883
11,23485
17,22625
10,29379
18,17394
6,49791
14,16247
18,29522
5,9828
3,8922
15,21900
7,49692
10,1381
16,32963
9,21359
8,3553
12,35481
13,42243
17,9675
1,16367
18,22158
1,43832
5,26141
11,38295
20,29501
4,20342
17,26089
11,28740
8,2645
18,3745
7,39783
8,37274
1,10195
11,16166
11,31192
5,37923
16,9964
5,46295
7,36000
5,44700
2,10281
16,41667
14,1485
20,28267
13,32808
19,43357
14,22711
8,22434
1,10325
2,41335
10,41185
13,43536
19,20201
15,26753
12,39824
15,36143
1,29940
18,4518
9,41290
13,25175
11,26080
9,36312
5,43487
6,4554
6,43679
12,44581
17,28560
18,32385
9,21442
6,12952
11,6928
16,11584
17,32597
11,4965
4,2721
2,28873
19,4729
10,40726
11,1321
4,42969
2,8395
20,45553
12,21007
4,8556
6,6437
15,25671
15,2631
8,1235
16,42343
13,25001
4,2710
4,3357
16,1534
9,33354
20,43401
17,42349
17,38714
11,44786
15,46418
3,33765
14,20300
8,26949
5,47873
1,12431
2,28104
8,37576
4,432
4,45683
13,12301
1,372
10,41223
14,6600
14,44337
5,36695
3,10066
9,13792
6,49280
7,2806
14,27656
2,16421
12,38041
11,44012
12,25577
20,15862
20,29348
10,25756
10,41572
11,29575
1,3844
3,47249
13,36524
18,48233
19,26711
19,11808
14,31787
20,49076
9,46223
3,7099
1,33308
5,14895
3,27972
5,29164
12,3751
13,17227
12,48378
11,21505
16,6944
1,28973
9,18717
11,36244
14,44089
3,34249
2,5331
4,46034
9,13640
5,30068
3,45031
11,10241
9,15178
16,38320
6,14951
17,10143
12,20304
17,37690
17,42071
18,42559
7,7865
12,28925
20,449
9,7707
17,49317
11,15330
9,3260
2,18199
4,31832
12,26350
11,41133
5,32786
13,42253
19,4662
10,20664
7,26979
4,8986
17,15838
13,22038
7,29786
3,4412
3,14277
12,7967
4,25789
13,17030
12,28625
4,37661
20,41224
6,35332
14,19548
7,31203
2,26439
12,41177
8,31948
18,41437
11,1768
7,8960
18,21753
13,43582
14,20981
18,31620
10,6054
16,15792
12,44033
16,22835
1,41825
13,47542
6,18014
20,38736
9,508
5,46019
19,1982
14,12487
7,20254
17,3973
9,31688
9,33464
8,30583
3,2622
7,17492
14,12994
8,16845
1,18830
1,21194
8,20976
11,518
4,16627
8,28330
12,6502
16,17661
14,33569
19,15797
1,35722
6,20640
12,11659
10,17636
2,16578
15,28511
8,41253
14,14662
11,43640
4,2146
9,10205
18,4095
11,28633
15,25622
20,48220
12,296
14,41114
14,13613
17,3741
19,515
13,38895
12,39553
1,21784
8,35795
1,10785
17,37254
13,43767
12,32134
12,38746
10,21416
13,947
20,48578
12,49919
11,32439
15,34349
20,38252
12,49884
3,22046
19,17842
4,36995
11,914
19,3770
14,36058
9,43313
2,5641
14,43739
10,49877
18,25517
9,40168
16,994
1,31739
6,17791
10,34534
18,21107
9,39058
7,12087
4,2249
10,23367
13,26510
7,24037
11,37478
9,30833
6,38409
17,640
8,34295
7,32124
16,13001
13,799
11,45287
6,413
19,10005
19,49641
18,43068
9,7534
13,28016
15,14135
11,26068
11,40222
1,3252
10,25714
15,45931
7,40601
12,16315
8,19192
15,35941
7,29390
4,42608
4,377
19,39543
14,49044
10,32366
11,20246
3,27181
17,30403
1,13586
4,15281
4,34702
7,38214
14,43910
8,24192
1,47289
10,9298
13,32946
3,37350
3,40416
13,20402
4,15987
12,19107
2,16774
12,46013
9,14976
16,46327
19,23156
17,5238
13,41798
6,4822
9,9979
19,11400
11,13768
13,45480
15,31006
18,4816
15,5130
2,6745
1,34835
7,47838
6,49604
16,41664
7,36570
9,753
16,29130
20,8455
8,40526
8,20875
1,21955
11,19903
11,47018
15,33570
15,44905
17,20361
16,47356
15,29185
5,11246
20,1793
2,20671
3,33998
1,38930
2,10031
8,45329
11,6311
18,10119
3,39485
6,12979
16,17010
4,108
8,33120
2,45627
3,45422
11,14641
7,35001
15,48378
19,1753
16,1241
9,41909
8,15190
9,1382
5,11012
10,46418
10,43525
14,20960
14,44828
18,9855
5,14708
4,18105
19,18414
14,25558
17,14425
11,18405
1,5037
3,33306
7,49021
8,41566
3,17749
4,13950
18,21407
1,38385
19,37096
5,39088
2,6911
19,18822
15,25360
5,18963
19,42499
5,47486
7,10531
13,13121
11,25046
7,46588
15,35161
13,8129
15,11250
19,172
20,3173
16,47334
11,14984
5,46750
7,49985
14,39529
18,11341
10,12480
1,18567
19,15475
3,49741
15,7294
16,28100
16,1787
20,182
18,25929
5,35707
2,35062
14,18978
16,4456
3,47721
13,7926
16,32616
12,18212
3,48041
19,37794
3,36230
15,15690
6,26792
20,4230
2,44842
10,9668
5,35414
4,23904
17,49306
11,37359
2,28392
1,29706
14,769
10,14439
17,43372
18,42445
14,5437
15,14853
11,6241
11,27761
3,7139
12,24632
18,12108
17,42801
8,677
5,11535
11,44005
7,40275
6,10130
19,4552
3,21213
17,30579
16,21147
5,20017
1,30558
12,14668
16,13021
2,9096
2,34298
10,27132
2,2789
16,36250
16,17769
18,425
14,38541
4,21561
7,5684
4,8066
10,24571
17,46637
4,45877
8,34599
18,3869
16,6967
8,29981
4,5194
9,36840
4,15877
9,2109
12,40220
18,34172
4,38936
1,2029
1,1296
14,33049
9,17423
8,37914
4,47727
3,42492
16,30299
15,21932
19,7660
12,19750
16,42034
2,26448
13,44743
14,10253
11,6338
12,20981
12,48440
4,48389
7,32132
1,38861
12,23117
16,46400
14,17038
19,21450
8,42256
5,4230
19,46836
2,5913
7,5658
6,24026
18,10989
6,5012
7,17452
19,28458
4,35959
5,21607
19,17748
6,5910
17,7841
20,17702
5,30883
1,31954
8,5904
5,16739
17,5194
3,36352
6,35302
19,30200
16,49925
5,21379
3,19653
16,16605
9,46141
13,42675
14,14199
14,47234
15,26531
14,6838
3,273
9,47397
16,22927
20,17036
13,35679
5,38515
6,17021
17,5656
16,30984
14,30698
10,32436
20,48524
6,43052
6,4545
19,1034
12,44966
15,6083
12,32209
4,33491
9,26326
9,36853
10,22992
15,18720
3,49301
11,21661
18,40388
12,3655
9,20685
14,49547
11,34557
6,43148
16,44937
9,33383
12,13710
6,29109
11,17023
3,1465
4,27425
17,29739
9,9383
14,48373
8,33876
10,27713
4,21648
16,17405
2,1158
10,28167
18,49174
10,20593
4,31950
6,36316
13,41918
10,12369
10,871
5,19097
20,12472
9,40512
2,2185
9,8790
8,16571
19,28838
16,10436
11,41141
7,15069
20,16940
19,17422
11,20378
6,28091
3,46206
13,19797
6,30505
11,40929
6,37417
8,24796
13,19508
19,49480
16,5465
17,49748
5,37362
16,37125
12,43446
10,30540
7,41029
16,25305
14,5105
17,19967
9,35671
11,20386
8,31814
3,13801
18,7338
11,8718
7,25810
10,44786
17,20199
1,38621
14,12274
4,25154
15,45590
19,16386
6,8829
9,35707
9,18222
6,38613
3,34121
4,7190
7,23058
20,34772
3,41170
20,14727
7,15588
16,48296
11,29369
3,13747
9,28286
6,39833
12,36098
4,7420
7,9687
2,29944
5,10541
9,18421
16,8505
13,6027
5,30870
13,14736
6,697
20,44467
10,38978
8,37151
16,23037
13,43229
18,2553
19,7723
12,35032
3,45791
4,14261
8,41702
3,11134
7,24788
12,3849
15,18025
10,8420
7,41549
10,22333
4,32435
16,43122
2,47210
19,47850
8,42153
18,22445
11,44301
11,12772
8,383
6,33942
7,37949
7,41126
12,47349
1,26329
15,4634
5,10964
16,3974
18,27862
11,16307
13,27623
20,41710
6,11968
20,40507
2,13539
13,41765
9,24791
13,30541
3,39792
6,592
12,19660
17,28605
20,23007
19,23847
20,14067
2,16885
10,38235
8,22957
12,40954
14,16509
1,22708
5,3344
19,1264
11,11085
18,3845
15,1277
10,7015
2,34099
4,11057
3,40291
9,49432
20,43985
20,47040
10,25998
10,33102
11,41880
15,49697
16,22413
16,25562
14,48106
14,5738
9,44055
1,7332
4,39218
9,24492
19,19053
2,42279
19,4079
3,34145
9,20949
16,44895
1,35914
10,17195
20,26133
9,30999
19,27395
4,13841
1,36208
12,1217
8,6408
8,18145
7,15311
18,5812
15,49209
5,49223
19,29876
10,24381
1,19171
2,49074
9,17148
16,40522
13,26330
17,11198
8,41939
12,5163
17,12865
5,38663
6,18977
14,19042
15,39239
12,25044
1,37819
7,25109
13,2268
18,35090
16,36020
3,26108
4,10194
10,5702
19,47019
3,24073
1,16565
10,27804
20,18500
12,23928
11,12629
1,6803
4,19078
16,12005
19,13254
6,23368
5,10990
12,37637
9,43098
2,16846
16,34668
13,24326
20,23418
4,39955
10,24588
18,20316
5,3347
17,21225
19,41246
9,12223
11,27301
14,19294
4,15696
10,27116
20,8452
20,32124
4,49141
12,42178
15,6320
14,5251
1,28359
3,43238
19,34721
16,37657
18,36423
15,15262
11,1079
9,6425
18,7864
19,44867
17,28145
14,42057
17,8398
14,49388
2,37617
14,6141
17,8367
18,11516
6,21667
20,42713
20,50000
3,26277
9,47906
8,9868
10,2983
17,49856
16,29888
1,49888
18,3147
14,39766
2,38131
10,42090
15,12822
11,45058
5,15444
20,14387
1,16972
17,3527
20,47228
10,26740
15,12137
14,22982
18,39920
4,16561
2,49319
6,32104
19,25174
10,22907
11,21082
19,43404
6,14375
2,10883
3,46010
9,16893
18,5104
8,44643
12,24098
2,30020
12,8054
2,25485
14,14367
11,2163
8,31532
17,38590
14,6341
19,38741
15,18587
19,35474
12,8461
9,11957
11,19950
1,38141
11,48587
2,38643
2,35775
3,15759
9,6002
6,7124
1,36455
7,8895
16,38728
16,41902
5,46594
6,15370
14,40821
19,31221
6,47679
7,6093
6,22554
4,40470
9,12087
9,17530
12,25173
8,44146
1,24932
10,14426
7,36043
20,44809
1,32058
20,26067
13,8819
1,16261
13,39222
13,29000
19,34904
20,5393
4,2644
15,46138
14,41351
13,30783
2,18256
10,30881
14,26428
12,34907
19,6778
7,19482
4,18676
2,34657
9,35200
15,46835
12,19902
6,48499
12,43018
17,15259
11,23706
16,45319
6,45315
19,21162
5,14075
10,43427
13,19370
18,41017
9,3066
5,6827
6,28209
8,48277
3,6239
19,44613
15,43727
8,27962
10,46979
13,35204
2,4078
19,28684
13,19013
19,7512
4,10772
12,10392
6,3696
7,5401
13,7842
17,5332
10,34732
2,9861
2,27456
18,2763
7,36819
12,46014
4,26403
19,44668
3,10484
18,40846
14,19357
18,30366
3,1478
15,44514
14,20104
13,38798
8,18408
3,11128
15,17994
13,32830
17,16886
19,8694
11,15104
16,14902
4,12132
2,11412
15,20319
1,49807
10,36409
8,17036
3,942
11,41916
4,36866
7,9793
20,49589
20,5305
12,13960
16,26255
6,42367
10,16848
19,6307
3,44971
15,20623
2,25551
18,31489
13,39086
5,16749
15,12268
3,16989
1,26337
12,12780
1,47992
16,6567
11,31857
16,46967
5,29749
5,22336
7,29656
12,40689
3,3935
10,16584
6,11803
4,49564
7,26104
20,3138
19,45633
13,13261
18,17504
19,31682
9,43666
19,977
17,28050
10,37540
15,32777
13,38183
11,36108
9,5320
9,33111
2,49477
20,15792
13,13008
4,36628
18,31686
15,28072
18,6936
9,25399
9,29082
20,4086
15,13260
1,28778
19,49834
19,10160
14,22276
3,25473
18,31741
7,29299
12,39500
5,15231
12,16922
19,48764
8,25404
2,1544
6,34698
15,38499
1,21190
6,44856
15,2209
17,21765
2,17768
10,32429
5,34321
14,1055
19,17329
17,36167
20,30302
3,32590
11,44919
12,42927
11,35290
19,23776
2,45358
8,46919
16,34996
5,14846
18,4953
1,20329
1,2832
8,39256
7,12882
11,28113
1,49222
15,13352
2,46308
11,40700
14,4648
13,44902
10,40395
1,30502
8,36220
4,4386
10,14450
2,26626
20,1274
1,39883
14,12348
13,15202
8,13843
4,21842
2,8407
9,19515
6,31673
11,46249
13,31114
13,48916
19,48534
5,49750
8,14655
13,32375
16,31463
13,12538
1,25956
9,37209
11,26945
8,9741
7,41581
19,7774
18,29606
15,8515
2,7785
18,25688
8,1200
10,39411
5,39561
9,13461
3,16735
2,34351
19,10685
13,10902
6,23903
9,30175
3,2789
4,18214
1,32083
7,25795
19,2695
18,30803
10,36678
16,13709
3,27663
7,47967
19,48913
10,36088
20,12423
9,12976
12,22423
9,14452
9,43028
8,23196
14,41096
20,17743
3,11341
11,2857
7,1686
18,44807
19,23659
8,471
13,5990
14,21375
20,20123
7,39163
3,2666
5,5394
20,6887
8,38249
6,24221
5,17090
16,3379
19,13743
16,20212
6,44166
7,44656
11,35967
1,34081
10,38791
1,48891
14,41145
19,34903
11,42840
4,35618
7,387
14,5225
1,38806
13,41129
14,39367
20,45265
10,45520
8,30239
16,46786
14,46617
5,30620
8,34801
19,40578
7,18007
9,24681
9,9335
18,31142
5,19869
8,21746
12,10257
17,30551
12,37495
12,32565
4,19865
8,5223
2,21810
3,47080
9,45573
2,313
10,36778
16,37143
11,8089
9,24156
12,17133
20,23082
11,41794
19,17825
11,32048
19,11128
18,9104
3,46121
1,19273
15,46282
2,28870
16,22084
1,456
15,7007
11,7629
4,47075
20,26247
11,9024
17,43016
1,35924
15,17479
3,18990
18,4444
19,38531
12,17341
18,18692
19,32510
6,19947
1,22873
9,12124
7,38745
11,15540
3,4285
18,49550
4,16743
2,16068
15,17282
7,49905
1,22741
16,31991
5,30614
11,20728
7,6857
3,31917
18,37926
6,24504
1,22828
11,7644
8,23010
1,244
5,8920
2,24127
13,5913
3,46963
12,40591
4,25436
2,49476
15,28850
5,23801
17,28958
18,31161
20,7189
2,39513
12,48100
12,42400
20,44851
18,15282
2,40429
16,9103
1,44280
20,40301
4,45992
1,21670
20,37919
7,6594
6,35750
16,20227
6,16832
20,28285
20,38550
2,20955
18,24556
8,16422
5,42649
15,12481
6,16216
17,31282
20,16280
17,5621
17,4623
10,18897
5,15745
9,16829
17,6030
7,20656
9,12843
4,49380
5,47758
20,12177
18,11540
8,47197
17,37805
13,438
9,33280
5,17581
1,10174
6,5033
2,34767
6,38693
14,31235
14,40486
18,40947
17,30503
3,44847
19,23997
14,21478
17,11710
5,44938
19,42190
12,5975
4,5862
1,28222
20,2765
16,24693
7,10034
5,28663
9,44885
6,33053
2,43243
19,40772
3,45061
18,21641
6,33730
10,33676
10,13330
7,9054
17,2528
18,37120
7,2418
4,21367
3,45572
8,41833
7,31960
18,9923
5,26672
14,40261
11,36012
3,47895
11,3028
3,29575
5,10052
13,23304
4,39573
11,25640
11,15932
14,44217
7,24044
6,30137
4,994
6,12858
20,4704
18,8928
18,24179
6,14686
17,27208
17,23548
16,34305
7,40153
5,48539
7,31612
19,6424
12,11676
4,48483
16,21978
15,27414
2,13704
14,45598
20,28318
12,11714
17,46663
2,22686
2,37504
17,18428
2,46151
13,26802
17,17925
19,20498
1,14250
18,11169
3,34015
19,17797
7,34724
1,14487
3,49594
2,38186
8,23562
15,1936
5,16326
12,22950
13,15412
10,18785
1,23065
1,13408
16,4731
12,41555
17,24268
2,27474
16,33230
19,41800
14,5267
20,2035
2,15978
18,34930
12,12670
2,21448
5,30984
8,33707
7,2657
14,4908
7,18473
14,42037
15,6473
12,13632
3,613
17,21601
13,1641
2,13685
12,6786
3,20069
18,17218
18,20811
9,27830
4,44216
8,18374
6,36175
7,2900
9,13539
9,37339
6,14505
1,33774
13,9476
14,17034
16,24937
14,8127
16,3266
14,45750
8,21148
16,23516
18,32431
2,38003
10,4854
6,30100
20,13862
9,36879
16,7366
11,7583
14,36482
6,41340
20,36015
13,16103
20,5452
13,41001
20,44925
11,46714
14,20771
9,40977
6,49387
17,21265
6,42428
2,27957
8,16622
14,44176
12,15196
9,49240
11,37751
16,18955
10,15140
15,20611
5,11807
18,24737
11,40940
13,1632
17,41404
7,3466
18,38188
20,28991
6,46763
18,7478
19,12236
5,47425
7,27604
18,19988
12,1648
5,42350
10,17470
2,23118
16,555
2,8524
8,17379
6,35024
14,21648
2,43496
1,21798
5,2105
5,49114
12,43960
17,31437
8,7721
6,48437
18,2417
2,15780
9,15771
8,18819
17,38817
4,4498
9,18477
4,3498
10,9649
15,18655
17,46129
10,11214
4,25483
7,39171
13,46094
2,13994
9,35097
17,13120
12,45743
5,48698
15,4052
9,25711
10,24811
19,41502
17,10505
12,17073
17,44174
19,40037
11,37278
4,40708
20,33531
3,6901
10,37930
20,21926
4,26019
4,4747
9,38144
10,19687
13,28547
15,48803
8,26234
13,26950
12,41374
10,39465
6,43860
16,856
7,31088
7,9335
3,3736
12,2809
14,27918
5,19326
12,28045
17,22528
19,28898
9,27639
9,10786
9,38603
15,46148
17,16072
19,41927
6,49227
7,1566
6,28029
11,9903
9,22203
12,26280
4,38385
20,46314
9,13481
8,23846
1,21994
18,11909
17,23147
10,41331
7,44327
17,34667
19,23327
12,35123
13,3854
7,40199
5,45608
5,8886
20,38735
7,47356
4,49105
3,36084
16,13293
18,31063
9,18924
14,21227
15,17916
12,46341
11,30156
6,31312
7,33591
4,24573
11,22107
18,18218
6,22512
6,42842
2,41730
1,26773
16,28905
4,25941
2,492
4,38045
5,38025
7,7973
3,42692
3,32850
12,27283
4,12928
17,43053
7,38467
9,32226
14,10862
13,32561
5,42309
6,25895
17,44863
18,17850
18,37356
2,41962
3,5637
4,16153
7,10080
13,24835
17,5863
12,41971
20,45515
16,30811
15,1519
4,44220
13,21159
9,5881
15,9829
14,25824
19,3351
20,42101
9,3878
16,5463
16,19516
18,31057
2,20159
10,24778
15,28618
6,26046
16,27254
15,36692
7,36536
15,48428
19,49067
4,12650
20,44284
8,44650
20,19035
6,10531
1,3551
15,7038
12,30797
10,22014
13,14017
17,3953
19,43619
9,12498
14,33137
6,43811
1,28246
15,24348
17,47500
7,44810
15,32572
17,13171
17,43874
1,28676
11,18821
1,35331
20,11171
5,36954
6,630
13,47819
9,43719
10,33696
16,5259
14,36611
12,42121
19,32043
4,41290
19,16234
3,48472
13,46736
12,35556
16,14252
14,14487
15,29110
11,48851
14,48832
16,34860
13,21462
7,36116
20,14041
2,3535
16,21535
2,16782
8,44790
13,49468
3,19758
1,20906
20,7906
2,1701
15,24682
4,13497
15,9552
18,38013
6,41628
18,3818
12,24448
1,22108
18,40433
9,22399
10,47675
3,11346
10,36020
13,35523
13,27669
7,15557
16,875
10,19683
15,31940
13,49323
1,41693
19,11353
13,11348
19,20932
12,44399
8,17839
10,6306
3,22587
4,1883
7,7442
7,18684
9,37442
15,49521
19,34950
13,988
4,10941
6,26847
14,20755
8,3189
1,17871
4,14073
16,9812
8,18910
13,26901
17,34706
16,30111
4,7000
5,19743
6,17153
16,41590
18,13786
3,35256
8,34099
16,36592
14,34997
2,3074
7,928
15,15643
11,40098
12,6099
12,38522
11,764
7,12021
19,8105
1,48951
13,5084
3,30806
10,33391
14,8822
4,29901
18,31303
8,14564
8,21016
10,23093
8,335
13,41756
10,1162
6,44344
17,26613
20,48982
14,9486
3,38735
20,25511
9,29552
3,49619
2,48635
19,26991
11,32879
5,44107
9,47678
15,37376
18,48347
6,49328
5,480
5,15992
5,19942
19,38687
8,23210
16,16386
10,15076
15,26322
10,16764
3,36793
15,10839
4,37999
17,13421
2,39370
6,6186
19,30840
8,32092
3,16167
6,36170
14,20948
1,6125
10,11326
17,36025
3,15149
4,8131
8,11995
14,46821
1,38096
5,14265
2,32622
2,38435
15,7484
20,27776
13,6405
2,9228
12,24394
13,16720
12,626
12,7757
10,2432
14,14405
20,34964
10,40854
11,41194
13,4305
12,25028
7,13907
19,43583
1,24849
8,20123
11,40199
10,23553
19,23100
1,21015
1,31801
8,28891
7,46272
8,13239
11,13635
4,39117
12,19116
13,5649
14,47364
19,20365
9,36937
8,14135
2,40361
7,10280
6,35161
1,24494
1,4141
9,26811
6,44553
12,12599
5,30483
14,24746
20,50000
7,4661
14,41472
9,11601
1,45236
16,16273
12,17571
7,19354
5,14923
8,49639
3,18535
18,9326
8,48318
18,17302
10,11942
20,12052
12,42287
11,13644
15,1642
1,33608
8,9612
14,24096
5,30030
19,27366
12,29489
12,32543
1,34177
11,1724
10,38224
5,8328
11,33633
6,1734
14,47838
17,22479
19,26953
1,43998
3,32071
13,47130
12,7435
1,17627
10,4812
16,8995
7,8836
5,13483
7,29245
4,26768
12,48825
17,45395
19,17910
13,34848
1,16881
16,25072
17,26088
18,31371
16,28422
8,10630
6,8824
8,10002
8,32728
8,4925
1,10275
2,41194
5,46592
7,8638
12,29334
8,38425
5,7013
11,26559
1,46515
18,18745
12,728
12,41353
1,45201
7,10682
12,34979
14,15422
3,8318
10,42185
10,28800
20,32166
2,9323
15,18142
7,45590
1,49506
11,34801
2,18321
11,32577
2,28632
14,44463
11,32235
10,8670
18,1023
16,1181
13,43695
12,25292
17,7140
2,11381
2,36206
16,22528
15,34295
18,29288
2,30763
4,25213
11,39580
7,48940
5,27058
11,47570
7,35248
4,29042
3,17074
15,38358
20,724
3,32942
9,33351
13,8848
17,25520
15,46524
20,46859
2,29066
4,759
1,47683
10,27101
7,37373
2,35425
16,43232
1,36218
12,38215
13,43625
12,17019
3,48367
11,16520
6,40308
19,42694
3,36404
9,25638
17,39783
4,49475
4,8557
8,11738
4,6646
16,6277
17,47407
13,14635
3,15435
8,19480
7,3563
12,49769
18,37401
9,2278
18,20335
20,46672
2,14914
5,2107
17,44599
16,25563
3,4169
16,49406
6,253
7,47617
13,19408
10,24515
5,10352
19,29948
14,6919
14,40120
20,23758
11,5431
17,16374
5,6614
13,11853
1,44850
15,32515
4,17616
5,42288
12,35665
10,8571
7,20791
15,10541
8,49766
10,33308
7,4223
20,17213
4,2705
18,26073
11,7644
15,45856
11,37913
15,28608
14,29611
20,49940
5,11724
8,39889
19,34957
6,7130
1,42760
2,6996
4,36315
8,32462
5,7588
20,24128
1,27765
15,24805
11,4827
6,41189
18,5042
14,2386
10,38711
8,34432
4,4527
7,1917
17,21433
4,41318
17,25258
5,11532
5,2989
13,42549
20,23788
15,37767
2,17616
17,21687
5,45067
13,31061
14,27308
9,28834
8,4387
20,2360
18,29122
4,20141
10,19172
18,41127
2,23893
12,28414
12,34371
12,38822
7,28023
15,46651
14,42723
5,13559
6,5618
12,1253
16,34909
1,17696
1,44552
3,48518
2,7328
20,8841
18,12808
17,39834
9,47151
4,10443
12,31816
6,48801
7,7263
19,33752
12,13089
17,38072
1,17915
19,22778
20,17625
6,13083
9,7265
17,33261
2,30791
15,24965
5,45712
5,32777
18,43191
20,10805
6,24870
19,19920
17,38285
9,11711
13,27524
10,10722
2,11824
6,9845
1,40692
18,5975
5,19752
12,21253
3,37244
2,39426
17,42657
3,22050
9,43174
4,44505
20,45247
11,35770
19,9358
14,44996
3,24689
19,7928
8,8712
9,23480
8,31552
13,25385
16,27288
20,40464
4,40748
3,47576
18,36743
14,25357
16,24397
8,27720
12,30270
20,39122
11,18048
7,2885
13,32906
11,32240
3,35217
20,43311
4,9807
4,17382
20,30561
4,35862
6,13812
5,48135
10,27878
4,22609
6,31468
8,3968
9,48928
18,21685
2,20541
1,4117
6,1955
13,4182
11,28923
18,27151
17,44075
19,33282
16,24137
8,24531
17,45733
8,7876
4,13732
2,3602
6,22925
16,40661
4,17601
7,45098
10,13481
2,39686
9,5208
14,37846
8,49216
1,40817
2,45283
8,4536
4,9995
16,21881
3,40764
18,26254
18,11171
18,25023
1,49173
14,36524
17,17519
4,25252
8,26445
8,13291
7,35638
12,25937
11,14972
11,20879
5,22737
9,41788
11,49272
7,17115
15,41499
15,9717
5,35610
2,28124
12,33996
6,39850
13,30999
4,17469
17,8062
3,10200
12,30447
8,29984
18,43786
9,28596
9,35071
18,39487
4,38871
8,31956
18,46432
2,20606
9,25234
12,21617
15,20837
3,28299
18,42095
19,42586
19,12324
16,49653
16,44770
6,11048
6,39491
14,21744
2,34544
4,11192
9,14750
19,48242
8,20304
13,7656
4,37051
11,11202
1,26327
3,8121
6,41417
12,46334
8,14727
12,42641
15,11473
13,17955
13,14114
16,33167
15,39768
9,13784
1,34017
13,11246
8,6303
14,40882
15,26837
2,10889
6,13027
13,17869
15,31620
7,10543
4,8584
7,38217
1,45247
3,5485
20,48920
12,8830
6,35848
15,267
14,39137
3,1252
9,35862
10,23516
19,11673
6,10851
2,43280
11,4596
18,23053
6,42702
1,46571
13,7801
1,38789
12,44656
19,23444
2,9982
4,18430
8,34273
15,9240
8,2199
12,8150
2,23686
7,18629
18,10119
18,48067
4,25004
4,37306
16,19427
11,13986
6,14265
7,9221
5,45653
20,47254
1,43912
2,46313
10,25936
1,11982
13,37441
8,11050
14,45905
11,462
17,43683
7,11857
1,37025
11,44412
18,39093
12,26412
3,47566
6,34387
11,9357
15,44798
1,30975
8,33587
2,5595
15,3660
14,40156
3,13584
3,44969
8,36839
10,49300
14,18847
6,27973
15,11124
1,19730
20,48571
2,45022
4,28323
7,8444
11,9547
11,20952
5,31099
1,44484
17,3231
18,7738
19,11150
2,35549
4,46441
8,2500
15,7296
15,3931
7,15031
4,3204
1,36901
14,40430
16,21475
6,11786
16,11304
11,11685
8,23783
17,30832
9,47739
13,43774
4,34185
9,19416
14,32103
1,33205
10,15141
9,10581
16,39401
17,13647
9,555
6,2400
4,42831
14,44815
16,40869
2,35473
10,5992
7,18382
13,36954
1,28539
4,36290
18,22875
18,538
6,29475
13,7892
19,160
14,31369
1,22183
17,22346
3,45314
10,10220
16,45181
15,7761
14,4513
5,12518
18,42124
14,1867
19,13276
1,36320
20,45602
9,15139
5,38273
19,2901
15,30239
13,21322
4,11578
18,1807
5,49498
9,22162
13,32749
3,12377
9,46945
5,1873
2,46475
20,6341
1,44039
15,47623
13,7117
1,22701
19,48008
8,34318
17,26113
8,16010
14,19680
18,26180
5,2190
16,36335
15,6398
8,34166
5,34761
13,16126
10,1701
8,22842
8,48039
8,46856
7,34778
6,32048
12,37698
17,27701
2,24398
16,10415
2,6965
14,37590
7,47799
1,12960
12,10773
17,17109
9,7575
15,9419
17,26107
18,18725
18,9719
15,43246
2,8354
7,9502
8,31619
15,28864
17,1881
18,24844
18,6623
19,17760
15,33024
10,37446
14,1228
15,27882
11,2162
14,1020
4,26935
5,30024
5,43137
8,158
5,16715
20,6613
20,10612
4,33623
10,2299
9,38734
17,1161
5,34279
17,32870
1,29430
13,40313
19,17221
20,8476
19,19186
16,48903
10,10459
15,38591
18,30616
17,48687
6,16183
6,19728
12,9559
19,4506
15,48357
1,25490
6,31254
5,46137
2,4785
6,12526
15,49827
9,14355
11,25877
5,40872
5,27214
9,11850
19,42650
5,8853
14,42432
18,41967
15,29661
20,7289
18,17728
6,24298
17,42480
10,25204
12,17079
10,5178
2,1818
10,16485
20,33022
18,39134
12,38459
20,2202
3,14127
15,17547
18,18002
12,31268
9,48713
6,38151
9,23550
7,8502
18,13550
11,36651
8,43450
14,8652
4,5050
9,33246
10,26476
1,44936
12,31254
13,11085
5,11638
18,33948
12,17969
20,42907
5,12801
20,49042
6,30152
12,15637
7,42085
19,7388
17,36211
6,1603
7,38088
12,21413
1,13284
16,8209
20,21401
13,21730
13,25081
8,30672
10,46683
11,35056
9,49812
18,49706
12,364
20,24070
6,47930
4,36729
11,14981
3,11549
14,23262
1,21497
8,42217
16,29755
13,49341
3,45242
15,47146
4,39582
14,5022
16,12553
1,37112
11,1921
10,16822
16,9228
11,12898
3,28441
13,48011
17,7145
10,18441
19,27622
8,45309
8,5881
7,31399
18,49180
13,47288
5,27490
6,24867
15,36803
15,25608
16,27074
4,38728
4,25952
8,7381
2,49345
13,25785
15,28158
7,14635
20,37746
5,46943
14,40357
10,42875
19,25289
16,11725
13,37732
6,29681
7,28264
4,11350
10,3183
6,49541
15,7476
15,29786
12,11595
9,26725
19,39293
16,46391
18,29241
1,24252
20,25300
18,17839
17,3158
4,27483
7,34385
3,8776
19,49653
10,17747
10,28534
16,35025
7,21863
6,37496
3,25225
19,6656
6,26134
16,22887
15,35340
8,30623
2,9408
20,13413
12,25882
6,25861
7,47407
5,16223
6,21338
10,46884
16,17878
5,39242
17,15729
4,11843
20,43875
17,46379
8,41821
11,39214
9,39898
2,1297
15,8517
3,38717
11,2996
12,15651
14,41658
11,45143
6,42272
1,28214
8,49472
6,39088
11,6428
20,42343
17,29003
4,45991
18,32698
7,49502
7,13279
2,26026
3,16613
9,48801
5,25994
20,10238
8,45004
2,36393
16,16281
6,47966
19,17437
2,38110
6,18942
14,26950
19,23141
2,33438
7,3816
11,41875
17,17781
9,15913
12,47909
9,30520
19,33819
14,49495
11,10536
20,49690
15,10953
14,39903
6,26388
20,44910
5,319
5,44406
19,36044
3,16616
9,15157
17,6656
18,2513
4,8134
5,40160
7,33600
18,47522
19,47663
1,2987
17,15663
4,5670
10,11273
2,22389
10,13335
17,40112
16,39044
18,16328
14,27379
9,12776
12,38152
18,42539
20,9203
20,23025
2,31852
2,29304
7,49280
7,23028
16,11648
17,33031
12,31282
1,18057
1,8357
11,39366
2,18449
10,1172
15,41069
19,7329
15,26265
20,44646
3,26338
12,17532
8,39978
13,43076
12,20685
19,17517
4,22472
16,29973
6,2649
13,42840
9,8263
17,7537
20,5559
18,32283
16,36741
3,41923
7,28784
6,32729
10,29769
13,7307
5,30133
16,32448
7,34530
4,5316
9,35382
2,16200
11,39763
11,39948
12,6501
11,8749
12,44536
20,29917
2,19011
10,8554
1,18123
2,34643
10,33066
20,9236
5,40191
12,18587
9,3290
1,20713
17,4201
5,33618
10,27722
5,45618
19,42741
2,18782
20,39805
18,20822
7,15632
15,36296
19,42064
4,18639
6,37850
11,47962
11,28082
20,24621
9,27588
3,19442
2,17166
4,15398
20,19584
13,27022
15,47229
2,36086
16,17461
4,42334
14,43121
20,33179
13,45893
12,1921
6,36626
10,17792
6,49045
16,10845
3,33691
1,28771
19,44369
19,38408
3,12766
11,48304
20,36147
7,11946
7,12752
17,19265
11,11472
19,15585
17,30272
14,2442
4,34054
2,35848
8,49611
5,49264
20,22335
1,37212
18,24359
18,41807
6,20394
10,21414
8,49266
20,4993
19,20781
20,26291
7,4301
6,8359
13,33816
9,46831
18,4894
18,48066
20,25261
10,15412
17,2866
5,2436
13,44449
3,4984
6,38318
3,32333
4,15846
14,47753
12,27200
4,35133
9,43734
1,27080
4,14511
20,33839
9,12927
4,25914
20,39267
10,21013
3,44860
13,33600
3,35703
4,47825
6,25065
12,5067
5,26565
5,37070
18,33711
11,7400
10,22608
19,5975
4,24452
9,22381
10,43717
2,21956
4,40280
4,16208
4,19198
19,15089
12,42837
15,11680
4,40241
1,21584
15,35001
12,14049
9,40744
11,34075
2,4270
4,4222
1,17794
19,44320
19,47102
18,2653
2,12377
8,10067
8,20388
17,32952
1,36503
10,39074
11,988
10,17900
6,9912
13,3516
4,9310
7,38375
12,33309
4,15257
14,37741
20,35461
10,11965
1,736
16,3598
20,40596
9,30858
14,14014
8,41813
6,14409
7,9205
3,8728
13,46355
8,44439
16,22668
7,7263
4,360
13,11622
8,32571
15,9948
18,33272
4,49127
15,24029
15,46248
11,24317
5,48643
11,43291
12,33641
20,40091
18,37383
12,22956
13,8897
7,29243
6,25805
18,17684
17,32347
15,16002
1,9693
16,18868
12,5601
19,15143
5,47447
6,23548
9,29399
6,31315
18,15808
12,47569
4,16168
13,43636
17,1369
1,14633
17,164
11,28563
5,30378
11,32200
6,820
13,22505
18,26352
15,28816
7,29220
13,4814
10,22961
17,28027
13,26102
1,49875
3,19280
10,10289
14,39715
16,10237
1,42784
19,39363
1,44491
19,8212
5,5985
13,339
8,42420
2,10266
12,49323
16,14527
7,9301
15,5003
11,38021
19,14502
7,31268
1,45268
11,40229
19,1249
17,40742
20,5452
16,14233
10,24978
7,23925
16,19152
1,7955
19,47207
19,254
4,14773
13,44182
9,33437
9,46968
15,15967
2,6540
2,4962
7,17457
17,19612
11,14530
15,49727
7,35661
1,20620
15,14078
10,34410
13,46618
17,38006
6,41503
8,4042
1,48444
10,10131
5,4272
6,251
14,24183
16,44110
13,3789
12,45195
3,33094
5,12438
18,9869
2,25057
16,18898
1,3631
13,36139
19,5842
6,33943
7,22518
9,32078
8,32339
10,47809
2,33228
20,7003
5,38593
17,24742
17,19108
7,919
15,49959
13,37179
11,20379
13,46262
1,14937
13,16806
6,30806
14,30455
17,6627
7,46163
16,27856
7,36213
20,15780
12,42371
12,30496
3,22074
20,42585
16,40557
14,16434
16,45522
16,47522
16,49053
19,11610
13,9205
19,35052
4,30200
5,38834
18,38609
19,7541
20,37607
17,14075
6,22199
11,10048
15,16724
15,47883
10,629
8,23125
9,20945
16,16552
17,6611
17,45551
17,25605
3,31965
6,41384
3,49589
16,5117
18,37697
1,40135
4,29137
9,39010
10,3074
1,45101
16,17972
19,28055
1,29358
5,12128
16,21343
4,45643
15,47758
18,48346
12,24951
6,39978
10,9137
8,11546
15,1606
20,46189
5,22720
19,28831
9,2541
19,32249
9,37973
18,3638
8,10564
9,26760
18,38885
11,45218
17,19685
12,21176
6,25256
3,46117
16,42101
9,40882
16,2652
9,39169
3,43530
20,16875
9,18212
4,27385
9,12502
1,15392
14,24210
10,22192
4,38402
15,24404
9,47583
10,29225
20,7125
12,33923
20,2436
10,16911
15,19508
8,45253
11,28796
17,18516
14,9025
2,17559
13,40843
8,40505
18,19903
8,3663
10,46936
19,14809
8,28094
14,31476
1,47460
4,6903
15,18718
11,22279
3,22061
13,15849
1,29908
10,661
8,13331
12,27146
12,711
12,38420
15,44399
17,37363
13,23833
5,16434
16,23402
9,49586
11,44044
14,22192
18,26876
13,22567
16,16671
2,609
8,17559
15,18578
10,30321
7,48963
2,939
12,25675
3,30042
20,34778
15,46785
15,13874
5,12137
10,47871
14,2503
20,33988
4,13901
20,36913
15,43452
12,19864
9,1013
17,10825
10,20327
20,47851
19,47324
9,14910
16,48761
10,36537
7,1539
6,30555
1,40670
2,23382
7,22936
20,48356
20,45194
14,41542
9,32308
18,28900
11,19062
3,31955
20,16159
1,22002
16,3210
8,41466
10,11124
17,4362
2,25808
17,2448
12,22427
18,42222
8,41779
18,9375
17,626
3,2731
9,19505
14,2709
16,47617
2,19355
19,4358
11,17081
17,36271
1,2098
10,44437
5,18944
6,30665
9,5515
10,42646
9,35037
3,15625
15,34011
17,28443
20,25999
13,25322
13,16296
9,15251
6,20943
15,22939
12,9280
16,28623
13,34331
9,19317
2,19652
15,23950
17,35675
7,34617
7,42650
6,33327
15,39769
10,34833
5,32523
11,14075
20,38333
4,408
11,12523
20,25773
12,3918
14,22329
12,29385
20,7636
9,14725
12,14940
6,13003
3,3939
11,37684
16,18279
3,25680
12,33888
6,33706
3,21955
9,40845
16,30648
4,49685
17,8028
18,30850
11,28693
7,15697
20,39137
5,47865
3,29072
11,2293
5,28126
14,41266
13,28245
8,12137
15,46604
13,43278
3,19639
17,31199
2,44507
18,43764
10,8924
2,8656
9,26125
17,29914
8,5612
9,46454
14,47969
4,46314
9,25626
18,6212
17,22752
15,44783
20,47991
7,23116
14,2188
10,44434
7,38870
15,37621
10,25888
10,18219
4,19324
18,104
8,32348
16,20144
18,19377
5,12262
2,21173
3,14123
18,48418
7,1517
2,31884
3,8449
12,44125
5,27383
11,28443
2,46106
11,45869
6,8344
5,25591
3,7082
20,37542
8,40647
19,38899
13,40530
1,29196
15,6291
15,9460
14,41385
17,23342
12,42002
13,26851
9,30925
14,20829
1,43061
5,36963
2,31274
18,40679
1,37280
15,15045
16,42419
18,6422
17,43382
12,39839
17,18765
18,14132
19,31311
16,47487
14,28818
17,37170
14,3312
10,14088
12,2838
19,1182
20,22740
3,14177
19,1615
14,1239
6,24959
14,1641
6,5985
14,27799
6,4589
9,361
5,41461
3,25054
20,17774
19,46020
1,21704
11,13537
20,3012
8,8992
17,32673
2,24957
7,45998
9,26770
20,4478
14,12806
17,27079
4,22352
15,29246
11,23785
6,46935
6,32412
16,1088
18,44457
12,3789
8,24831
17,37074
2,2799
19,48135
6,5666
3,49327
6,37089
19,26240
12,17989
5,10629
6,26300
20,29287
5,23460
17,1585
14,7156
14,22068
10,6607
6,33865
17,14269
7,43904
3,16205
18,48728
2,39907
8,27749
14,5334
5,36248
20,38289
8,32280
13,38885
12,17524
20,40271
19,28619
4,37604
13,2007
19,42749
11,5581
7,20338
2,14228
4,12368
1,43943
7,38776
12,45286
10,32661
3,15510
6,11212
3,13553
18,40592
3,35809
13,35980
13,20862
11,31892
8,30101
12,13374
2,45700
19,38812
10,23188
18,29550
14,7297
10,11937
18,32856
3,14457
13,20453
18,9678
12,8513
4,1785
20,8415
15,34763
10,33096
18,13141
11,29844
6,49967
5,30206
11,32168
17,47628
19,1307
19,8113
15,40514
6,25293
19,17687
20,25951
10,44906
3,9918
14,2064
16,32455
9,22536
4,8098
7,29803
8,22727
5,41519
3,44290
2,12490
3,23744
13,28584
10,46979
4,5283
3,13753
5,45434
6,13675
17,18952
1,39916
3,42580
7,32758
18,32354
14,42004
13,13281
11,6961
14,29805
9,3139
6,27323
15,37066
10,24241
11,14228
1,23634
18,11722
3,1919
9,46994
19,6003
2,12721
19,28553
14,23328
6,35406
13,6332
11,22223
1,27929
3,49263
8,27364
13,31347
9,36679
2,45966
8,27933
14,5483
10,31994
11,41357
6,46553
16,39908
2,39094
1,2250
9,9981
8,36655
12,45691
11,529
15,19513
3,24639
20,6419
12,5644
2,42211
17,23456
10,17639
2,5268
5,31236
11,23361
6,48885
19,5403
13,7952
20,6968
12,6152
1,27293
2,45438
5,7649
19,372
3,30824
11,38546
15,33051
17,37511
12,35814
1,25035
20,45629
5,23489
11,6027
2,4464
11,17443
4,23869
6,27709
15,257
5,4144
20,42685
10,37444
10,7018
3,42578
17,21413
20,28114
6,32911
3,20568
18,10451
11,9540
15,15529
16,13004
10,37274
8,44910
20,26045
16,40150
3,28999
7,2482
14,22073
11,32580
7,34983
15,25332
2,30921
13,44956
13,35502
20,31858
1,37810
19,49834
2,41506
10,48787
20,29995
5,6530
19,4557
19,18732
6,6199
12,10609
20,29250
7,45067
19,26052
8,4690
14,24706
7,47552
6,32077
19,27616
16,26256
19,28298
10,5671
11,17305
7,9596
9,45244
20,31841
11,18023
12,4494
12,44461
9,18912
16,12391
5,25095
6,22983
8,24726
12,13738
14,47684
7,42054
7,9748
20,41232
20,692
17,13740
15,16978
10,41660
7,8613
6,48825
16,19069
13,47318
1,32619
1,13355
4,23558
15,44548
4,35504
13,35906
11,46908
19,16849
13,5743
17,17840
12,46958
5,30386
2,922
7,19730
20,47192
18,18510
15,3192
3,34930
1,25095
12,46289
3,8537
15,48126
20,5990
19,18134
12,7099
3,5106
11,14470
2,31094
9,40341
4,31204
20,49382
12,41183
18,36632
4,18510
19,43766
6,12751
2,35927
10,27036
4,48699
16,34945
18,46386
5,27035
13,34901
13,45670
1,10975
5,5643
10,7831
17,40065
11,23440
3,42589
14,7239
7,44629
1,46423
18,30811
20,10904
8,44642
1,15691
9,35940
17,5594
12,3123
14,48117
7,21331
4,2050
4,36007
18,45670
16,17895
15,34125
20,8758
6,23970
9,5954
4,9345
7,1097
16,29494
20,23600
17,3456
12,30371
19,25171
5,43423
13,16839
3,40507
12,25118
18,5556
19,41308
8,15452
20,41544
16,20718
4,41939
2,49191
12,22862
7,18015
7,14576
2,5489
2,44138
7,21101
16,42359
6,1086
18,8902
18,31366
5,14740
7,24791
18,9381
20,19839
12,40580
2,46879
11,15829
15,46913
19,26370
16,33209
13,45469
19,865
1,48004
16,694
12,18252
15,40948
12,29856
8,45259
15,40399
20,35036
16,4260
14,43568
13,16759
18,17999
8,32772
19,38073
1,8445
2,19437
2,27604
13,7620
5,6338
11,5260
19,22684
1,9842
8,6880
6,19071
1,27290
18,22693
10,22137
5,16668
5,18797
3,31452
10,39118
20,14411
3,14854
18,25075
7,31326
14,13268
12,37969
1,49641
12,43270
2,39393
15,46602
11,6441
6,21624
2,22016
20,33118
10,36788
13,16363
9,36774
18,34607
11,31108
17,32634
8,49491
2,28411
9,48086
11,24125
7,25175
3,40433
5,11578
17,40439
8,16224
4,45663
17,44227
16,25306
5,3730
10,8103
13,24531
7,12628
20,10328
19,18467
13,12902
15,26461
16,9158
13,30160
18,35916
18,39621
8,8174
5,37966
5,39203
4,23667
15,25467
4,19700
16,4638
12,31383
5,20084
15,21163
15,40237
4,10743
11,15052
18,30556
6,25515
4,20953
20,26733
18,21335
8,36061
5,14825
11,21947
15,5915
2,47425
6,3568
18,45831
18,19705
8,38500
12,29753
13,16966
15,14658
11,31955
16,30021
14,11944
16,24618
14,11154
6,22477
2,32896
10,36611
11,36379
13,22434
14,29456
15,31288
7,3135
2,17530
4,2790
5,24447
9,14338
11,10285
4,1215
19,26453
12,36689
17,26835
20,7267
10,23931
15,26941
3,42466
7,31815
1,38660
9,1455
19,11118
12,39666
18,8861
18,48841
16,15334
10,3921
8,45619
19,49336
8,5968
5,38760
9,36575
12,38212
17,16183
8,9069
2,2537
10,36763
16,26039
15,9317
15,5420
18,41221
2,30991
16,7097
11,29187
1,46833
8,25965
17,49439
9,44904
18,22151
18,48060
4,14349
12,17618
17,1200
13,41710
8,30169
19,44980
3,12160
11,10654
14,5672
17,9104
6,35253
1,25428
7,13896
15,17257
14,38060
12,37549
4,8654
6,34984
3,26509
19,2576
6,41368
16,37660
15,47620
13,5570
17,43184
16,49361
20,13351
3,37615
8,17315
9,32907
10,47790
6,15561
16,7314
13,47146
5,7632
19,31927
7,23371
17,10935
12,28562
3,37944
16,29304
1,607
18,33261
13,16556
19,9910
9,8798
20,42150
9,16928
9,4488
10,27301
6,48515
17,18742
10,40719
9,39934
8,36604
18,33450
17,36505
15,36525
14,14717
9,22060
19,46473
3,16356
3,5016
15,6808
7,47299
7,12979
18,47531
2,47956
9,20895
20,16930
11,40705
10,44871
3,25916
18,35320
16,7832
10,45844
12,32650
15,20139
15,25050
2,42834
13,15019
12,41141
12,1285
20,26837
5,25798
17,37326
18,20845
14,48882
11,49939
19,30584
20,34791
11,33130
3,49907
16,31811
10,35797
13,4979
5,3081
10,49998
16,41981
10,48302
16,38822
9,2447
12,21765
12,32633
19,974
12,40361
3,12049
8,38965
15,11975
1,25298
1,21615
7,16263
18,42745
14,5345
16,12598
17,4721
7,25384
16,3328
8,49816
9,41059
4,1795
12,6858
1,22163
4,35446
3,33470
1,21621
20,22591
16,17556
13,34987
1,44315
14,2132
12,33162
6,38308
15,45916
12,398
15,10861
3,46986
9,8660
9,30646
1,7589
3,13266
18,2244
2,21963
7,43501
7,825
3,32197
14,11568
15,11677
20,28494
5,16181
6,36594
5,10653
2,23042
1,34661
6,43701
7,34625
7,18685
12,21017
4,22029
7,8266
6,28315
19,30830
19,33597
12,37028
9,40955
12,14180
14,45274
6,25786
3,33259
14,47883
10,49160
15,1812
20,47030
12,11412
15,7904
15,47802
20,28127
13,24666
2,41920
20,465
17,30203
15,31229
6,48575
5,33935
9,13206
1,26490
8,9776
13,511
20,7543
5,19835
10,45740
14,27774
4,43041
19,15578
14,40728
14,4613
4,49821
17,40077
9,35246
18,8607
5,45306
7,33961
16,45999
10,23443
18,9958
17,32682
1,28726
19,49010
7,10037
9,33115
18,33742
1,25751
4,18209
2,26335
9,15680
6,32041
5,2050
14,24035
6,6159
20,14054
15,30830
12,28297
5,43494
16,7785
2,32707
5,36339
3,1093
1,6133
1,20255
10,16084
2,46639
20,41283
16,32461
7,46859
19,30277
15,15176
8,44277
12,13483
8,27331
2,22890
20,24394
14,44530
16,1220
5,33086
9,5577
14,14767
17,12385
10,23418
7,46270
11,1761
11,36263
13,23622
14,16264
13,44867
4,30893
6,18108
9,35437
14,49316
17,38371
2,46406
7,17404
10,45348
19,27115
9,37486
7,2935
14,6871
3,25006
5,12810
11,41484
19,44042
6,10355
1,24938
4,31470
2,14910
17,8415
9,32046
4,24199
12,29891
3,7157
9,47589
7,15219
20,18810
3,32724
13,27137
15,41217
2,33655
4,15569
5,35957
18,7031
8,4631
2,35844
15,1394
16,21955
10,33884
12,39030
17,41094
13,10673
15,2364
20,35967
6,32375
9,488
17,19298
18,22589
10,44077
10,8650
5,48020
16,41978
7,30301
7,24041
2,28489
17,40256
1,30845
12,12025
19,771
1,35764
18,15788
13,45454
15,44661
7,12516
10,38936
12,8170
15,49775
8,43354
8,45620
1,48108
3,32248
12,45936
20,2823
9,8506
17,40498
9,10858
15,37719
6,44420
12,40620
8,42217
16,25542
12,16590
10,18644
15,9133
15,34198
3,9336
9,7428
16,47161
6,10757
4,3577
7,34019
13,15634
7,17142
4,692
3,41417
12,44161
10,12426
5,30313
6,25994
5,10514
2,31801
6,20397
15,31298
14,36081
11,30970
5,14114
8,36815
3,34593
9,16219
12,17921
13,529
12,42817
17,26266
3,16038
13,44235
14,2275
3,27256
18,894
3,8263
11,22316
11,16706
12,17385
15,13504
14,18190
19,25365
19,43366
4,1723
19,20644
2,6612
7,40834
13,22462
14,40788
8,15035
11,27063
14,30244
8,11362
14,31193
12,47811
4,9261
1,30401
3,19499
17,39771
8,25336
7,25834
6,33075
1,25487
17,47015
16,35368
3,7106
15,29318
2,48933
7,10365
9,13708
18,12388
14,9762
7,9675
20,41472
20,41233
1,25261
13,18626
12,49236
13,8780
1,25557
14,5348
11,3376
2,28158
18,14588
9,3919
15,5948
16,33938
16,17132
5,2562
15,44049
2,9893
2,46873
18,14992
10,34717
14,4857
1,43050
2,34590
20,38048
6,49484
15,20928
12,39167
4,41176
10,34213
5,45950
19,15300
3,49835
18,21441
13,33839
19,14289
12,2258
7,31089
20,39714
14,251
6,2050
7,15891
19,46166
10,4526
8,47205
19,31622
5,29307
10,12770
5,12031
10,33802
3,9036
7,2513
16,30331
13,13425
14,17500
3,36604
10,20316
9,10805
11,4422
5,13951
5,11381
19,9233
9,5003
6,24469
7,7505
8,49294
5,10694
15,5429
5,18184
1,34933
11,46806
4,4263
12,31573
10,42609
20,33699
4,32871
1,32669
4,7109
11,20709
4,10937
16,32107
5,4544
12,40565
8,7880
8,5990
8,32116
13,32289
13,48957
17,8557
15,385
2,21942
18,18310
20,15460
7,36065
8,37576
7,41411
16,12649
1,2277
10,4910
8,12904
17,876
13,43203
7,339
8,36312
3,26198
16,15814
18,48621
15,40582
9,44251
6,41010
6,5795
17,330
7,12718
4,17608
17,13578
2,20455
16,7886
7,208
13,46790
8,19022
11,33567
2,22331
8,47890
3,2528
12,43069
1,28058
11,21896
7,42173
19,695
19,28521
14,37403
6,35671
4,37182
17,6497
8,49532
13,33880
13,46071
7,2233
7,39348
11,32510
1,46378
14,49958
17,1272
8,5046
17,44370
4,34920
15,13181
17,11695
13,9244
15,40413
20,45513
18,23064
6,16733
3,11158
12,16479
8,20121
13,36945
18,37428
8,2547
20,30112
7,33784
4,8636
5,13712
14,12698
16,32983
11,20969
9,26965
6,13206
5,20646
9,40757
12,294
7,42733
20,36796
8,33196
5,23218
7,28587
2,47294
4,47187
11,28888
13,21814
20,8318
8,3523
14,2206
9,41043
19,28410
15,33268
6,48980
5,32611
12,44711
11,47156
18,45871
14,9705
14,7106
19,43013
19,25978
12,22837
7,26635
3,21858
12,46199
2,37419
6,13535
6,34513
2,13203
10,43593
18,39066
10,9974
18,25825
8,27458
12,36508
11,2078
17,39079
3,33917
14,13034
2,23055
12,49362
14,2038
18,24913
17,42285
15,25064
6,37742
3,9810
12,13998
18,36574
11,6307
15,48547
9,743
6,14665
9,4922
18,32580
15,37430
1,42265
2,13088
18,22564
8,7717
10,13763
18,1602
16,40983
13,46549
8,20234
18,39632
20,22191
20,38663
9,48578
17,28920
9,39708
11,27230
13,32557
8,24231
6,37354
14,31188
3,38336
12,12390
19,8259
12,26215
14,40204
8,31933
11,30295
6,14993
16,43206
12,28394
10,37217
5,45896
15,8529
11,8640
18,4865
4,36290
11,41067
6,2281
10,12567
8,1063
14,26216
11,9613
14,22309
17,49996
14,25069
10,40996
3,1851
4,25441
4,24993
19,5809
16,14727
14,13401
20,15683
3,11135
4,46134
16,18857
15,14769
2,32053
6,25517
11,24964
6,36652
17,42551
8,5159
16,30479
2,24813
10,2573
19,22919
17,34719
9,45155
2,31107
14,20715
3,14165
19,36276
7,5275
19,23756
20,5663
6,47002
1,35294
8,13179
19,29859
20,42024
1,38855
14,17638
10,32352
20,6526
11,25583
20,42656
7,26087
1,8803
2,13287
17,28675
4,107
18,6671
19,37965
7,13639
13,48073
16,15425
19,24179
11,45425
20,34365
15,20812
1,389
5,29515
18,49822
11,39626
18,10787
15,3871
9,11902
17,32790
2,26798
20,45437
6,10543
12,22116
12,49784
5,49760
18,44504
6,24278
18,28840
2,10572
6,46869
5,46155
16,20524
8,23956
4,19737
16,29228
12,34811
8,1723
6,32306
12,9075
2,23985
11,15072
13,48297
10,11940
18,41403
2,48495
4,20995
12,38168
10,22113
5,21449
10,24333
8,28090
13,21341
19,13235
3,6078
3,46210
5,2802
12,34670
7,29541
20,22769
13,29312
10,15220
13,30675
3,44391
17,36329
8,19540
16,45338
3,22316
1,8144
16,38167
15,37225
16,1058
6,3661
19,14664
12,24713
20,46901
19,3332
3,38886
11,11306
6,15374
9,10032
16,46555
18,4881
8,35889
14,21099
15,43719
18,38755
18,28873
2,47005
10,31741
19,36581
6,9558
2,38318
13,20952
12,42961
12,5552
6,8440
5,44908
10,3078
8,27109
18,19066
6,19130
1,35343
16,36226
5,2376
11,46059
4,48770
19,48496
1,44549
3,44767
8,39522
2,48717
10,5383
19,20025
11,30732
11,12152
8,45947
20,38363
5,43673
14,5576
9,39495
18,40675
5,37058
18,46933
4,22505
15,35935
8,23861
7,3212
13,28621
19,14800
6,7525
8,49647
14,42598
11,17502
8,43194
1,6507
9,47762
17,40769
2,21921
2,42358
16,11475
6,26584
12,36952
5,8783
19,23479
13,47658
1,6155
18,41504
2,21637
5,15160
19,5395
14,3887
10,4403
12,39480
1,9368
12,2033
10,44361
20,1159
6,18123
11,18364
2,48816
15,32020
13,22276
18,16405
19,13546
8,22554
15,4326
11,1012
5,29843
11,22921
7,23301
6,17124
8,18916
6,12864
15,4636
16,30639
14,21077
20,22052
14,49430
18,28485
15,44288
11,46795
16,21527
3,26944
12,34409
3,14613
16,18141
18,7710
12,37436
11,19249
5,13563
11,26753
19,4672
12,17312
20,24939
16,28054
20,15168
16,30349
9,34495
18,43388
1,48188
16,20448
18,41972
9,5632
13,36765
4,42182
13,13699
16,16370
2,4157
5,4828
2,37551
17,27828
16,28440
12,39473
19,21143
2,23266
1,24120
20,36364
5,5466
14,45981
10,45818
16,42008
7,19439
12,31225
12,32304
14,37539
3,17515
4,25904
17,38616
11,48065
1,46842
18,22247
17,10839
10,48434
19,9406
7,45990
10,13378
13,34802
11,2553
8,13105
13,22082
10,20286
9,10717
13,14706
17,34951
7,15722
13,41516
15,44809
5,4562
19,1279
18,5607
19,15997
12,23242
18,29424
12,24838
13,23438
16,46416
12,32375
3,18900
2,1286
5,32827
2,3498
17,13669
15,41444
11,7535
5,28476
7,9740
6,18503
2,12450
18,16643
11,8149
3,27351
12,15534
4,36184
15,21658
6,17394
17,7036
9,10018
12,25296
4,8746
20,25964
11,37099
13,43695
2,22109
8,35346
16,19143
19,33686
17,10659
4,37055
2,45498
9,16434
12,14774
6,37227
10,34673
15,48525
6,31943
3,44074
16,224
15,22032
20,14127
5,5113
12,19890
19,4723
19,25844
14,24536
3,31978
16,34817
2,1240
10,13066
7,37112
8,43402
11,5288
1,42019
6,44432
5,16577
14,33553
12,39730
1,39135
16,19985
7,28907
8,1599
13,34124
16,24697
15,23714
3,31072
6,18772
9,25835
16,9737
10,8104
16,17107
10,12151
7,33329
16,5248
5,6498
7,19777
14,23925
8,23288
9,45397
4,9096
20,20655
15,18782
7,27289
4,44788
6,49209
3,40981
7,35949
6,29650
5,3785
4,12813
7,25145
10,17249
3,34918
6,35548
15,11234
12,41676
11,25467
2,12826
5,6534
4,20084
7,25170
7,8928
14,6993
7,7395
14,5811
13,39998
19,38650
10,23514
3,39782
1,11429
14,30965
4,17039
6,48683
12,48584
18,24218
16,27276
8,46214
1,24904
8,18355
9,2284
13,23047
15,36250
18,2576
15,22694
1,13952
1,10505
2,22031
8,11545
19,4249
18,47078
13,37098
18,23798
6,49865
3,20535
4,42894
6,21651
10,46059
19,31882
20,293
6,8789
11,2062
14,36829
11,139
11,13334
11,8507
10,25355
1,20642
8,17157
19,34624
17,44005
14,32452
1,47873
13,36684
13,9027
14,22818
14,16022
2,24526
7,11042
8,39018
5,26199
2,13398
12,34696
3,44034
4,38605
2,42485
4,26056
20,34989
16,3026
20,26638
8,33828
10,38775
20,21737
20,15320
10,16576
19,49120
2,47394
8,16743
2,21029
17,43967
4,23436
15,29369
18,34685
1,33000
16,20740
4,8907
17,39154
9,11334
7,12705
8,36984
3,48422
2,24863
16,13128
9,25260
20,19927
17,4700
15,20086
7,28351
14,49977
18,45151
20,29715
14,5479
11,9700
12,28476
19,25403
5,39078
7,35390
10,48870
18,38625
15,49651
1,37152
1,18241
9,36703
16,26977
16,30515
14,5368
7,22771
19,43587
6,45558
1,8176
10,25528
2,29729
7,46651
18,20029
11,31409
17,20929
14,15013
6,47535
17,4446
20,28136
8,10114
17,41708
13,17500
19,10142
5,31580
9,45148
1,21350
5,31739
7,2918
14,36115
18,33138
3,32691
6,12164
17,1299
19,9663
15,30658
3,23452
13,25435
5,5925
13,12687
4,45978
12,46771
4,21332
14,13507
14,22947
1,15395
1,22137
17,46422
12,31576
20,25909
6,40685
20,19913
7,11075
2,28655
9,34842
19,16686
14,44260
15,38173
11,781
2,7114
15,30608
9,49775
15,31140
4,26015
17,34882
18,35190
5,16683
5,29728
5,29312
2,235
14,16404
14,36483
18,29642
8,17127
20,30226
18,8747
12,27959
16,6112
12,32490
2,31130
9,48452
8,14126
2,39050
1,32641
8,29613
6,9882
8,29699
20,13738
7,16262
7,7637
17,13837
8,13985
3,9844
20,44545
1,1431
7,14585
7,27692
10,12283
4,45273
18,44893
12,33314
11,21379
4,17934
18,5989
19,10612
13,39146
8,3424
20,34782
20,11839
11,35018
7,27729
11,15448
13,997
20,37242
13,30929
10,14044
1,2938
11,17121
6,25021
8,49647
2,35259
8,19652
18,22119
7,19822
5,39684
14,27523
4,20475
14,47300
18,45661
2,1898
6,22570
5,4023
2,23243
12,31620
6,14184
2,5259
8,13851
8,45698
3,36868
19,46519
20,15600
5,27865
10,22468
1,232
20,37733
9,48679
6,15807
2,11269
1,28702
20,6093
14,2919
3,22923
6,19483
17,3936
13,24058
18,22351
2,29785
18,28911
20,9573
3,48745
8,26929
20,32752
4,31093
9,20725
1,8405
17,14325
17,21139
3,43796
5,28735
14,6437
10,22570
18,12219
18,26775
4,45260
6,29126
5,24534
18,1177
8,30302
20,35886
15,35429
19,1724
20,4622
15,30839
17,1244
5,3373
14,30955
7,4401
5,48303
11,26666
10,4294
13,30906
7,16503
4,13066
11,14418
12,8569
10,42073
7,39687
19,49025
18,4676
4,13529
13,40293
17,4043
19,14446
14,7146
10,37924
4,3743
12,16768
5,38156
6,32248
2,15892
6,37288
8,44353
18,20372
1,21827
18,36735
15,31947
20,43158
5,1277
20,20178
3,10798
14,11052
9,1908
15,47354
16,1388
7,15750
6,14588
5,3105
7,12614
20,37265
13,10039
5,19409
7,2414
4,48773
15,43010
6,24567
6,11090
3,18473
6,29999
16,1395
9,7908
14,23218
14,18336
16,15498
14,14754
10,47122
11,3236
17,29275
6,46656
16,27305
4,24715
6,20461
6,29112
13,25398
6,32017
19,18817
8,5846
10,468
16,20338
2,44978
5,19353
9,43305
14,49051
15,34080
7,17125
20,15262
2,15786
7,41214
19,4508
6,8810
3,40460
10,43761
10,13697
9,2065
3,14657
12,3277
14,27712
14,48929
17,33421
7,34228
20,2521
7,30682
20,23106
18,21277
3,2736
16,30509
8,13251
6,12995
7,34811
17,10928
2,36206
4,3694
2,20858
19,17921
7,12376
6,32890
10,3914
14,20709
1,3267
20,26533
11,30263
4,13281
9,23851
2,8703
20,6306
1,15062
17,43348
12,1096
5,48879
20,22635
9,2339
17,15550
15,7410
14,44560
11,37806
13,39324
11,42232
3,24996
13,32550
18,17225
7,8958
11,18628
1,13420
19,44640
15,27436
3,33444
13,11772
13,21403
14,46171
6,204
7,39307
15,25525
10,6383
5,32746
12,2012
17,39983
13,49032
4,28285
14,21291
15,39308
15,17676
13,26647
7,35083
7,12141
13,41715
2,19618
16,5834
1,13473
7,27203
8,6898
16,18371
6,34361
9,48254
12,1134
8,24008
17,42671
3,37481
17,13872
20,11256
12,1479
12,26545
1,32701
14,28232
8,25452
9,15528
11,8981
6,24900
3,14657
16,32971
15,42309
7,9455
18,4988
13,28873
6,33309
15,18743
9,18989
15,2321
3,1675
8,16094
14,7892
4,8806
3,14995
9,41114
17,41186
17,18485
19,16652
13,12014
13,47653
4,12059
9,16569
8,32148
20,48570
13,33334
7,30748
12,45718
17,22541
7,48421
19,16319
7,21483
5,29841
5,42724
8,12339
2,13294
12,18116
10,24294
1,11048
8,38379
19,8639
3,15974
17,8012
4,42743
16,48674
3,43550
12,21614
17,39406
19,43478
7,17518
3,26051
18,20819
1,18127
7,6263
12,10018
6,22851
10,6818
11,6544
7,39041
9,15035
2,6633
15,46833
19,48997
19,33409
3,43722
20,31582
5,27614
20,46730
6,12372
2,30779
7,25525
18,23889
16,8980
6,16690
19,13659
19,28363
12,45253
12,8720
11,27014
17,18883
6,33772
8,33608
16,18113
19,48729
5,25513
9,34093
10,16684
19,47328
9,30999
3,27157
2,23815
10,13384
9,29772
16,35061
19,42099
17,29787
9,8218
18,39442
8,37774
20,11739
8,27135
8,8204
20,38011
11,35984
19,43767
20,19666
18,24503
13,44655
7,48758
16,39383
2,38080
8,49175
3,27681
17,49402
10,13634
7,23949
10,18780
13,25587
2,7997
13,35455
8,23391
15,27721
19,42977
3,41995
5,10808
6,41616
8,36841
2,31950
6,157
10,13222
1,8700
11,29370
8,29034
18,21688
11,8708
18,10191
5,5480
10,35255
14,5897
14,11945
16,44231
9,5922
9,46880
11,32431
5,5288
17,40683
13,18806
20,22515
12,10943
11,26763
16,43448
11,15872
19,29581
6,11753
19,7630
19,23289
7,29496
4,9901
5,28253
16,8548
7,28163
2,6776
20,31996
17,17370
17,34622
15,47243
9,45868
9,22968
14,34838
13,33282
4,16219
4,5167
13,11363
14,28598
13,15375
18,8744
8,7880
16,21284
14,49655
2,36287
12,3009
10,41624
9,14246
11,30151
8,32486
5,18433
5,22433
4,45051
8,34951
19,47225
10,3252
12,26805
13,21717
6,27797
3,25677
16,28397
5,32103
15,3432
7,34265
5,142
8,39123
7,44860
4,35869
19,1721
3,7635
15,5401
15,45804
13,5784
1,13828
12,47339
11,12464
10,47898
3,11675
4,29618
11,37244
18,39822
3,37551
9,460
8,49334
8,28315
18,47711
10,1533
14,27786
12,19629
8,22015
4,43627
4,5877
11,21864
3,40974
1,4273
1,17037
3,23526
17,36049
5,42109
3,19663
2,47073
20,6943
19,45427
5,35956
7,32953
20,5379
20,19929
18,19305
8,10294
14,21146
9,31052
10,28425
10,2287
14,15989
14,37172
12,7322
12,19187
18,18186
20,9304
16,4360
4,24319
5,30057
5,39788
2,43856
16,28709
18,38584
14,15400
14,13486
7,27451
19,2100
14,21539
4,32059
6,20775
14,17899
15,3618
14,7037
5,44106
4,44934
17,2757
2,47173
13,37718
14,47874
13,16936
6,43812
2,8219
8,31037
2,36340
17,33573
7,35747
20,23751
14,33569
6,45212
12,1550
14,15633
14,49354
5,37088
19,43848
19,16593
18,46116
1,9436
4,11685
20,28891
6,36663
20,31395
17,43044
18,48922
11,12999
2,32338
3,29372
4,5954
18,13595
20,48298
6,16808
20,5367
7,23974
12,3927
16,31713
20,10092
15,31292
8,46409
12,7671
3,14389
7,27498
7,2259
7,27153
5,27624
18,42747
1,41624
8,2045
17,41381
10,12699
3,15848
4,35203
6,38736
3,8214
9,23323
1,31260
20,27476
7,25090
6,32677
18,23484
7,44884
7,26517
13,39559
15,5205
6,26500
10,35618
18,43682
16,2282
14,40585
4,29133
14,21335
17,38699
16,33706
14,25640
5,30559
13,12384
15,22690
8,18939
12,20957
7,3499
7,5059
1,30388
6,18880
5,36613
18,26785
9,2894
12,4559
1,18746
12,10033
3,20153
19,35388
2,30280
19,17853
11,26266
8,16167
3,14971
14,10990
14,1737
2,8463
10,43285
13,23600
5,28804
9,24174
18,36293
5,9522
17,21260
20,1810
6,44295
17,385
6,7491
12,4493
14,31872
16,49746
8,7202
16,48448
15,33067
8,35987
5,31259
20,5498
12,41676
18,34750
7,29261
3,14113
4,2874
17,2215
9,2623
8,47758
15,1700
18,15921
9,27917
6,47197
14,40371
16,6822
7,19155
7,2377
20,22853
16,38644
12,47133
1,49384
15,46147
4,17999
16,38831
14,33749
18,24714
7,32452
4,40284
13,19025
15,25367
12,35292
17,43454
3,3808
15,15233
16,45707
8,11857
5,23760
19,19092
5,43847
6,34278
19,31146
1,45526
18,40550
8,7387
4,3586
13,29548
4,23040
3,32245
9,19794
11,11947
19,37079
3,32631
13,10401
5,21712
17,48914
10,43273
18,4324
11,45996
10,28445
16,34163
6,9592
15,45372
17,20881
12,43258
15,20421
12,28640
20,13339
16,12549
17,26394
5,6071
8,46159
9,4226
20,9366
14,48754
13,43261
11,49549
16,42655
5,30833
6,34332
15,39051
9,4952
4,27231
3,24143
7,22860
18,23585
2,7684
10,32081
19,49247
2,21005
13,16897
13,36492
19,17703
19,15531
14,34674
16,4429
3,12891
16,14180
6,15341
7,1940
15,9650
10,10854
8,34626
8,29825
12,3866
17,44273
13,40987
17,29824
17,18498
19,22204
9,28744
19,14833
9,1369
16,20215
9,20425
8,28069
20,36487
18,49460
6,20138
8,12394
19,32733
1,10651
6,4941
17,242
14,32933
19,34612
15,37856
20,40616
17,10367
6,28008
18,801
17,1509
1,21954
4,21081
14,24810
2,135
18,33921
9,38697
2,45582
6,24592
6,19315
19,45984
14,31554
14,39252
16,16288
5,23495
4,14924
11,35908
13,10548
8,23375
10,39442
11,10329
7,7220
2,27028
20,10867
9,27270
1,42275
17,35428
19,46811
2,13522
2,28550
13,18492
16,14361
14,27354
4,19737
13,15762
2,36589
15,41869
19,24146
18,44645
19,32661
18,16256
13,12816
15,16419
20,1548
11,37522
11,49121
13,36048
12,32169
8,14185
10,28755
15,2303
17,4140
10,21110
3,12247
18,9111
13,27008
13,46748
10,43668
14,22192
10,48285
13,17268
5,36801
3,16873
15,48815
11,25435
1,20198
8,22403
8,44539
10,19128
19,23101
1,43780
18,29052
11,16401
14,3525
10,48991
20,21246
4,27815
12,21364
11,14244
16,8200
12,7432
2,2480
20,23955
15,46988
16,15176
8,7414
4,4687
19,38856
17,20955
20,29257
14,5652
9,3563
2,2529
12,37028
2,39855
13,41269
6,14997
17,5058
8,47992
2,15320
10,45230
7,44876
2,4145
2,27634
18,41396
3,2764
3,47114
15,40377
19,47516
17,1896
14,40107
14,8026
16,46354
14,49533
14,26139
6,44067
17,27290
11,18963
12,18227
1,49005
3,41064
17,19365
19,9146
14,18860
14,16158
16,30154
1,41425
19,45980
20,20411
20,49507
2,47397
11,10954
16,4197
3,2187
1,2652
20,42135
18,9302
20,14194
19,49177
14,21179
10,19453
2,31918
7,21455
1,20726
17,42330
5,1257
6,17489
15,23079
15,21419
6,14753
19,27421
8,18490
18,38705
2,7065
17,3837
11,12845
1,9836
17,46658
20,16720
4,39822
16,28415
19,47010
10,34732
12,48204
1,19235
12,28904
1,13759
9,28415
1,154
10,25085
17,43110
17,9960
19,45853
4,2638
5,37417
5,4148
13,30827
6,1234
4,19497
3,7440
17,37315
2,47143
18,31897
15,10350
19,40523
5,46672
16,36025
16,48397
1,10482
8,47682
4,31415
1,42012
16,25025
3,12417
3,25938
12,14124
15,26683
9,49142
4,41008
16,17763
12,34204
10,9169
15,18875
18,28539
7,18462
18,11633
9,28364
4,10154
3,14638
3,43882
14,19096
7,7430
18,10958
8,9472
19,41662
16,4207
3,4400
2,18895
13,23302
20,45164
17,17265
3,49923
18,2876
15,21041
11,26661
1,1775
10,28854
11,45578
2,9440
4,8251
16,35337
18,47739
15,48973
8,22625
17,29917
14,42199
16,37591
7,24284
16,48088
12,40518
17,34272
15,22706
16,47045
7,9037
9,40476
20,42683
9,30006
19,10996
9,11853
13,32007
7,8867
8,8548
20,13221
15,39583
7,49653
9,355
14,26071
13,12369
15,6714
9,8366
18,555
3,13489
5,5034
12,48983
13,5437
14,8465
18,42562
7,34798
9,622
13,47274
15,35327
1,21211
19,44361
6,38782
15,38033
16,19566
17,39619
4,43449
11,12720
8,11120
20,31416
13,5945
16,16540
17,2057
6,3695
4,15426
15,39656
4,38892
7,17557
19,24960
13,34416
12,31884
13,38907
20,39320
11,21603
13,911
14,10708
15,3521
1,26238
19,18560
20,29707
19,46361
15,24473
1,10146
11,29214
1,49215
11,33086
7,43321
12,43401
1,40397
15,44576
19,3458
1,27443
11,15531
3,29562
12,20047
18,42764
5,28094
13,42794
10,27373
3,23831
6,34264
5,20817
1,4947
1,8834
9,23787
4,3688
11,33908
12,24213
3,37045
15,1069
15,21930
2,42095
6,22580
14,32585
17,45340
12,34326
8,23307
13,47852
5,11287
12,23008
16,4075
3,33024
16,5767
10,49647
19,16376
9,26827
12,25123
11,5045
4,25852
14,47535
14,2372
18,6610
12,24577
16,38556
16,2730
20,41077
2,31009
6,1442
9,11964
16,30541
17,9478
2,19854
3,7213
3,16532
12,5193
9,26736
20,26944
1,40452
16,44098
10,6182
7,24419
12,28194
11,10235
1,22042
6,40696
3,11524
20,19547
1,48014
6,5182
7,23597
13,23165
11,21135
3,46001
12,10131
16,45347
4,19945
12,23519
12,11489
14,47811
3,49920
7,41148
11,29993
3,26073
14,47032
16,10960
11,2417
15,8723
10,43355
9,20917
8,4165
3,29913
15,5008
13,49297
10,12436
1,15607
19,19042
11,43457
10,34551
19,33424
14,25702
4,17243
3,6923
20,6218
2,41803
15,11280
15,31298
1,34333
18,17871
11,29449
20,39028
2,35449
20,35327
1,38280
7,45976
3,5827
20,37861
11,40111
18,37268
9,3129
2,33889
10,9200
13,41704
11,43596
4,38292
3,10399
20,33508
14,12256
20,11662
11,21679
19,17291
15,24591
20,9836
15,3295
6,4264
19,11414
10,31026
11,39102
20,27108
17,19450
1,45589
7,19756
19,48583
4,9790
14,31816
9,43079
17,32463
18,41456
9,8042
3,49277
7,8072
2,2993
18,43567
20,47500
4,19226
8,4125
6,46026
7,34282
5,19139
12,1167
3,19984
12,27840
7,33880
11,8966
11,3411
17,45408
15,21646
3,39674
15,26042
13,24641
1,41750
7,26036
4,18076
12,15953
17,26755
16,40090
7,37966
13,35834
13,8071
12,613
4,27209
5,12449
4,36232
20,32235
15,322
2,10884
7,644
12,1286
13,23515
19,39006
1,27735
2,44691
5,47223
15,5125
5,24424
5,25738
14,14228
3,46486
12,24813
4,10474
6,6921
19,49840
3,31144
13,21912
11,45739
17,12833
18,25668
12,23800
5,35703
8,24580
12,5874
17,45286
9,17011
12,41541
8,29452
4,14818
1,36165
17,32177
9,26140
16,37192
2,21508
15,16897
12,106
6,36859
18,42663
13,32798
2,45318
15,17764
13,30717
12,38178
5,6928
17,11105
12,17292
1,13152
2,23231
15,5232
16,47375
1,44636
4,35055
1,47152
16,33804
11,47391
3,24717
4,21803
1,37805
15,35097
13,16453
3,24719
3,40797
9,49482
3,14553
3,27548
5,41495
4,25790
20,45505
17,6738
10,22895
9,9395
1,29642
13,17344
10,44550
1,7333
10,17998
1,44120
11,26806
4,1066
7,16891
8,35971
7,44907
6,3086
20,21951
12,23570
6,10583
2,31171
3,12486
6,47334
15,9482
10,47254
15,21327
16,34904
1,10236
18,33025
13,39910
20,6690
19,15929
1,27585
19,44471
2,29751
17,2206
20,45435
9,488
15,22324
11,40466
15,40028
16,48087
18,5951
10,25205
10,32596
13,34751
14,42279
11,24161
16,27117
7,38735
18,38904
7,17265
14,8259
11,7799
14,27761
15,45443
13,37313
13,12608
4,37583
14,6397
7,48852
19,43054
18,39262
8,20729
1,37092
16,520
6,47896
7,43040
6,37380
16,7968
17,14675
7,7821
6,19313
16,25883
1,11182
18,35360
5,12257
7,13410
8,32996
2,22255
15,47263
6,23884
11,17106
18,13225
12,18227
12,47872
11,40763
12,6523
9,36229
19,13114
20,11185
17,18922
15,5372
8,29473
6,45446
17,35221
7,28392
18,26035
15,4904
14,33508
8,1292
20,30349
20,42208
1,47449
18,35122
18,35141
9,49643
11,15087
15,30951
11,27671
18,6809
2,20164
9,3185
1,43732
10,5957
13,4946
8,36648
6,12679
19,20205
8,17810
15,32532
14,6631
3,16679
16,33689
8,12157
20,33959
10,18585
19,43752
11,31227
5,41036
14,11506
19,29194
3,20792
10,46876
4,39284
9,2823
10,40538
14,14338
20,36062
1,31774
19,23714
15,11551
9,41029
11,17087
13,36518
18,9715
15,14215
2,40245
15,20085
14,2674
20,42017
1,16532
16,11376
8,21678
14,36333
9,31116
6,45361
12,10039
13,11771
11,39118
6,14573
2,17327
4,49688
17,44495
6,17555
6,12946
17,25935
7,7515
15,43638
11,40375
13,30792
16,16027
3,16726
7,6200
12,3000
15,45534
19,26488
13,49707
2,35236
17,47122
9,24089
4,11771
20,5643
12,7315
6,36345
19,28383
1,16240
1,44280
17,44789
10,7025
15,29058
10,49523
6,36504
14,30772
10,13045
8,8331
5,28169
1,40885
4,17537
1,18426
3,41344
12,3510
6,2119
18,19321
19,7359
11,48025
16,39727
3,11041
8,45444
10,47292
6,31490
5,4371
8,37169
18,5792
16,43749
14,22442
13,20666
14,11527
7,29530
7,35507
12,12901
18,35986
18,17017
8,4198
12,12636
6,34544
18,46015
2,36450
4,36813
16,18322
6,25544
7,40335
7,17510
19,10870
7,16557
9,16254
4,5146
1,45538
9,39864
8,30558
3,48031
9,47779
10,6138
10,2610
12,39612
9,42078
17,16758
7,11369
16,34580
5,28132
14,43772
1,1075
13,45205
5,16453
10,35397
7,39401
15,15147
12,11958
4,1224
2,41541
2,11202
8,19217
7,4515
2,26685
1,34440
14,22014
10,36900
5,37412
14,15230
15,46600
6,45104
7,38615
7,36075
4,25002
19,24984
10,19206
3,20424
13,33691
14,18878
2,19752
7,47894
3,32174
8,30751
7,26094
6,24306
19,15217
14,36925
19,49847
15,6769
1,13796
15,11615
8,47510
13,1319
3,8842
16,48809
2,9783
5,26857
4,31408
11,27056
9,11723
20,1731
19,20225
10,39430
8,36957
1,19303
11,36392
9,45044
9,4240
5,48339
1,1780
19,25228
2,46662
13,23580
15,7003
14,25626
1,13200
11,16796
7,47348
7,261
10,5894
15,48874
19,36651
19,26935
15,11339
4,29350
12,31334
12,5688
12,26568
11,1120
4,9142
12,4087
17,45759
9,6300
2,35075
19,18590
12,12521
19,33877
6,49137
8,35240
11,15595
15,13517
11,31553
10,594
1,33302
2,13215
20,37811
8,42836
6,40101
9,13234
17,47211
11,33313
13,40006
7,18918
6,22940
13,3621
15,9884
4,46184
8,38558
8,40844
12,25645
13,5671
20,830
4,11553
5,39652
8,12144
15,43399
7,35596
4,1863
1,381
4,20260
15,41527
17,21060
11,29769
16,41553
16,6453
14,27873
17,29150
4,23308
17,12765
3,12130
20,11981
15,43727
2,20882
18,12586
9,25254
7,46207
5,12980
16,5160
13,41765
17,41058
19,153
19,41891
20,49385
4,2315
14,10901
14,20088
19,44098
16,12692
2,14383
12,21476
8,36994
3,8771
17,4935
1,12592
19,35640
7,29330
15,14275
13,43461
4,13047
9,49685
19,21060
5,14094
8,36391
5,38306
9,45431
19,42849
2,20992
1,1426
5,2724
13,2140
3,38643
18,39753
8,2263
6,3243
16,37537
17,1771
14,14253
11,27099
10,1344
15,32879
14,11169
12,21378
18,33188
17,7276
10,48887
4,42902
10,3594
7,28014
7,27065
3,2879
2,44917
7,16604
17,20778
8,9186
8,38737
18,27362
9,26065
2,31647
9,48042
8,7534
16,20034
18,28891
3,41920
3,37565
6,7694
13,36928
3,45389
4,32693
17,35333
5,35889
15,20668
13,12464
19,17681
15,39208
12,30145
6,43702
10,592
8,7381
9,20408
1,33086
11,45053
8,21610
11,24059
13,20333
2,47567
19,6856
8,34199
14,12632
17,48295
2,37995
6,36303
19,37240
19,43984
6,19347
17,40504
17,34710
20,23953
1,39456
8,22983
3,38317
3,9951
1,37364
18,24982
4,39441
14,34598
13,23873
15,22155
15,17220
15,16650
3,17101
11,28976
4,47860
5,5145
17,15476
9,30415
6,3073
7,14488
11,7264
3,22436
13,1977
8,1139
18,20695
2,31023
14,42101
5,6783
20,30252
10,24894
5,37716
18,21113
1,35521
2,6462
6,30725
8,21488
17,30776
10,8175
5,49120
8,37099
19,43809
1,37105
12,20536
2,39220
12,44226
15,37703
13,5933
9,41099
7,22836
11,40027
17,28049
10,31892
15,11780
18,35146
13,9761
9,25608
16,1907
4,1715
11,36595
12,4832
14,46971
18,31169
1,36194
11,35003
17,37589
4,129
5,10690
10,34991
6,48410
17,6743
15,41808
19,25466
7,1319
12,48874
13,36834
15,40326
18,6000
7,40572
16,34994
2,8413
1,4268
15,270
14,46387
1,45987
11,39816
17,30388
11,45269
18,43477
11,15719
14,12867
7,20890
17,3717
6,22760
19,26400
1,45030
2,48828
6,42272
18,28335
1,4438
10,15278
9,1363
16,14271
19,13372
7,41873
11,30215
1,4263
20,4229
19,19146
6,480
13,14294
15,44741
10,12839
2,45303
18,25145
19,37987
5,45166
19,27854
13,12846
12,4783
9,2133
12,7942
2,26777
11,31870
16,30320
9,47085
19,48189
2,10266
18,11546
3,43735
14,40374
18,34949
18,6387
20,1799
20,44348
20,30401
12,15436
7,42984
19,42058
7,14472
15,46720
10,26042
9,9607
8,38465
1,15640
6,40666
20,43693
18,44574
5,26977
11,22889
13,32472
18,35887
2,46251
4,47488
2,40696
11,10883
1,2080
19,42887
13,1244
9,8726
19,31003
12,37112
13,26406
8,47535
20,1461
15,13227
10,49302
8,11612
6,24794
5,20052
18,15761
1,39261
13,5847
9,6591
19,28767
20,42614
13,37793
11,48290
20,7743
10,49673
5,42784
18,19231
3,5896
15,48825
5,49258
5,4873
15,43679
14,38175
20,9240
13,32530
20,22841
16,5033
16,12188
7,29486
6,4777
7,26920
7,38858
8,17793
10,39701
14,37331
17,22183
13,1326
3,39054
4,24733
2,35399
8,17940
9,43695
5,16839
11,27393
1,5451
10,36134
5,2719
6,30574
10,268
13,9363
6,6151
4,17980
14,20369
10,40588
5,30855
13,10775
1,314
13,38926
5,47005
19,34628
3,38028
18,41012
16,40380
8,34159
17,14371
20,24364
13,275
1,925
5,28452
18,39015
19,34043
13,5424
8,37443
13,42076
10,29741
3,49558
6,7467
1,16270
8,32365
20,8441
17,30274
12,35152
14,26605
4,1249
4,310
10,36633
13,29886
12,41526
20,22920
4,37560
10,7922
16,8947
18,39729
2,15614
10,15363
20,36071
9,18726
11,44494
5,10014
4,7945
19,2428
3,8566
12,591
18,49230
8,27727
20,5487
9,12090
4,27596
19,3324
14,16030
2,32815
6,49432
18,44733
6,10386
2,23026
5,44186
17,25848
14,13375
8,36838
11,34990
1,18332
4,33015
12,34369
10,10875
1,38203
18,15417
20,28694
1,2683
11,32542
9,37837
2,39678
15,3647
16,39827
18,37683
12,39759
17,9953
15,4065
10,20930
2,35404
19,12658
5,29564
8,40232
4,15710
14,13137
4,45163
11,41507
18,38069
2,43365
9,28159
5,36336
15,2970
10,21717
4,1297
5,30339
16,17409
1,4659
12,18657
1,34866
20,21830
4,43990
2,1163
9,49512
7,19311
3,33323
3,47879
19,11326
4,25054
5,41107
7,44160
8,24669
12,40953
15,14142
7,8014
9,35774
13,720
18,39399
4,12202
17,14147
18,38525
12,45750
17,29282
16,35964
14,41714
20,12307
14,41437
8,14884
3,5116
9,15354
13,1499
8,786
5,17191
16,558
12,28301
12,22387
2,26748
20,22333
18,9952
19,29860
6,48734
12,18632
10,40155
4,46694
15,11280
19,29871
19,31684
12,37684
17,5342
14,23701
2,48372
5,30001
18,39649
3,25197
20,29980
16,48342
3,7711
15,11686
3,30111
13,38058
9,27239
10,559
18,14710
16,23492
15,38338
1,39836
1,41818
14,11445
4,30234
2,8026
10,12650
9,40598
9,10392
9,38921
19,43337
15,45821
18,16579
4,8446
16,37985
7,49797
7,41236
7,34545
10,38052
4,9948
18,40227
1,16067
16,25876
20,18106
20,349
8,46419
20,5182
19,30520
16,31878
8,4632
8,12510
20,16956
7,42061
8,38353
10,3270
12,8488
8,6717
17,49021
14,17734
17,3083
14,33000
17,12209
11,14620
20,15935
18,2725
1,48131
5,6480
7,44141
6,2900
6,44522
3,4692
20,31729
13,21392
17,40180
3,43012
19,5631
7,32375
14,36415
12,42719
4,14918
12,47589
17,14534
10,11222
3,22888
6,6863
15,17793
20,26065
7,30865
9,15593
16,18348
18,38253
13,22402
9,16430
6,42438
16,36390
5,10985
5,22563
15,19450
17,2877
13,110
1,344
1,7530
3,33935
8,45144
20,39181
9,37301
9,1218
8,23443
4,40443
19,44836
8,37279
20,29365
3,48752
5,15668
19,48213
8,22811
4,42437
15,11018
15,37732
11,37893
16,8836
4,415
16,3986
4,6226
3,14930
15,45179
13,20155
7,14601
19,18829
10,45320
15,8580
17,43969
3,13696
15,28584
17,17621
13,29309
2,15315
3,7037
14,8813
12,15726
3,25470
12,19098
19,24891
5,34330
11,11588
11,27389
11,38541
3,2266
16,14427
8,15061
16,10998
19,23108
11,7593
8,34259
11,1478
2,31485
17,18030
18,20561
17,12163
14,4622
6,46767
10,29640
10,12515
11,8910
6,17428
13,37364
16,40303
1,16059
12,10008
13,2317
13,49677
20,46660
9,8650
20,27884
3,44532
19,486
3,39790
12,41247
1,30051
4,35125
7,42250
19,19585
2,13864
10,4122
9,6864
15,12689
16,7329
2,7696
8,45679
6,17110
5,11150
8,13939
7,18193
18,19446
3,4711
18,4811
16,4463
8,19715
18,20616
5,6096
8,46779
16,21217
16,38394
15,33412
9,849
18,36102
3,48700
20,41369
7,27004
9,49481
10,45947
15,49136
13,30101
8,41266
19,3643
4,40367
8,44309
7,26998
12,37876
3,40106
18,20147
8,32629
15,36451
3,27140
7,42046
4,14509
7,15295
10,3687
8,20413
5,25691
12,42566
1,27172
15,11153
17,44706
10,16035
14,8157
18,11295
15,37239
17,1339
17,49742
17,34357
3,30337
8,3277
10,153
19,39686
1,44684
4,21207
8,34780
5,21443
13,38059
11,6185
3,47993
1,7107
10,47056
11,1233
18,31233
14,33654
17,39732
1,47413
18,6536
6,49225
18,27811
12,22578
3,15760
16,47734
17,24358
5,39677
1,38163
11,28579
19,2270
6,34057
14,21828
18,10441
6,807
14,26112
10,2254
15,12965
14,28785
11,16343
4,16490
15,45062
16,49455
5,37596
5,24396
8,48462
1,23854
5,21136
10,10079
3,34008
12,29386
9,39671
7,27492
16,4457
20,6586
5,9009
8,38669
9,8934
14,34779
9,955
10,11942
8,43185
4,42807
13,42807
12,43786
7,3114
1,43162
17,4710
4,35896
12,4918
11,11619
18,18751
7,23767
20,6834
14,46725
19,6795
2,16110
14,19809
14,41360
13,44474
7,22994
14,40740
19,48842
13,40277
10,8897
15,14075
9,25568
20,3068
19,45378
7,38104
2,32723
8,44826
16,6859
4,14767
18,31915
9,1474
6,23807
6,20775
20,16546
14,42360
8,49525
8,39959
4,46493
16,13342
19,27682
11,29703
13,7814
20,16101
12,6376
7,6810
14,33004
11,34109
20,3733
11,31522
20,34063
17,23517
2,28486
13,23853
2,24356
14,38766
9,23766
8,15000
17,11487
11,33259
6,25219
4,21392
12,40911
17,11307
7,20305
14,46840
16,16988
17,48425
8,285
4,22382
3,7999
1,18626
5,12540
5,49140
14,22749
2,15076
18,25412
18,4213
15,40435
11,37379
6,4551
19,38836
12,3249
3,27059
17,17468
3,38747
7,34964
2,48347
15,49966
10,48384
10,41189
16,24286
11,16509
14,18740
14,15646
15,19602
16,13305
19,50000
15,5193
11,47696
9,5701
11,13401
7,45868
8,17823
7,44333
20,25415
14,7387
19,26022
9,23332
12,33760
13,13341
13,26379
5,42135
15,44499
7,510
2,2486
9,42429
19,49236
18,1180
15,46238
12,31680
3,44465
3,2374
2,8355
17,4735
4,49953
20,32588
6,12119
2,7429
1,35610
17,18623
2,48124
15,23933
10,3764
3,45094
8,10132
2,42557
11,611
11,11269
16,44247
18,35119
6,34572
15,44925
1,30813
7,39263
16,40209
13,15265
7,17994
8,10826
20,651
17,30159
6,37031
18,42101
13,11456
13,48667
1,46861
11,31637
7,10481
11,22350
17,49360
12,17136
4,1106
6,38994
18,26175
8,5211
11,29289
1,5755
20,46123
17,11721
6,13929
18,43892
9,4504
15,23176
2,25197
2,10630
17,16337
17,2199
1,12693
6,18457
12,45931
19,40478
1,36187
3,43856
7,26213
20,49082
14,42696
15,37834
11,35345
2,1943
8,42748
2,18831
19,39559
1,45080
3,16225
3,42272
17,34985
1,43359
16,45429
11,9951
1,5950
12,39078
16,19420
8,24219
6,19287
5,15234
7,113
4,14457
20,22197
8,19990
16,48430
18,49876
18,22368
12,11217
12,47960
15,13687
11,48653
2,14581
9,30459
5,26326
16,9754
5,21271
19,49598
20,12700
12,9417
6,40040
18,855
12,16357
16,23406
7,26654
1,12879
10,3426
11,856
20,26509
9,551
15,22786
17,13583
18,29396
12,7159
7,16306
9,41792
8,2550
9,33557
18,47549
5,31070
2,47061
17,13104
10,32736
11,31990
11,9937
11,49081
6,20474
12,21072
18,37911
9,16408
16,9887
2,48920
15,1832
7,38718
15,32329
7,28548
3,18747
17,30440
4,30676
12,12642
1,9206
19,7964
4,356
10,2887
13,32916
1,24055
1,19997
7,17907
11,14676
11,44009
20,48118
20,28389
18,17788
9,31731
5,10244
6,15697
20,2703
8,16206
4,21542
5,4960
5,31909
7,48381
1,15128
17,24919
17,8631
15,23684
12,29787
19,13901
18,40080
15,21729
15,4788
5,45752
11,38174
11,27283
12,8777
3,10098
13,5442
1,42886
20,46338
9,29465
18,10691
2,25556
1,24910
15,47030
13,48862
4,43659
8,12882
9,1858
7,26944
15,27596
13,4629
17,29208
17,637
20,18723
9,31006
5,3460
11,9337
16,13967
4,35559
2,43024
18,21825
5,44057
1,15662
14,16660
15,26606
17,8578
6,24661
6,11772
18,38931
13,34201
14,20762
5,38940
6,21700
18,8323
4,41520
11,38367
1,8443
5,17334
12,8882
10,3154
8,32165
9,15868
19,41151
3,119
14,32921
19,31048
11,28700
6,14236
14,10663
4,40883
19,26871
18,35373
18,5696
14,23397
4,23440
8,22406
7,1703
18,28721
3,25650
1,45467
5,17493
10,30561
5,31508
6,44132
12,44259
12,16548
2,31146
13,17331
3,37287
7,49079
7,22737
15,31569
17,25911
17,19688
8,6191
14,34492
12,33473
7,8607
3,25656
1,24870
2,32567
12,33325
15,45188
11,36523
5,14055
5,14444
10,47848
12,33588
4,37698
16,25942
20,21047
16,22596
14,10033
1,25598
10,4549
1,16547
11,6577
12,14435
17,139
9,5700
11,33685
11,3284
5,40285
5,16642
2,28553
9,44611
5,29777
10,2307
2,14753
3,8850
11,45252
7,29043
20,38001
10,4908
12,25322
9,28327
8,40477
14,22867
3,12288
5,38495
19,7237
12,7578
12,7287
13,32972
20,23625
20,48614
2,30441
3,4568
4,13026
13,5856
15,3059
8,8129
4,4309
1,843
14,30367
3,38860
13,35796
16,20181
19,7228
5,15364
7,42632
6,4576
3,8998
12,16012
20,27324
3,1298
2,49272
13,36578
6,8030
13,26022
10,37077
11,38837
18,8070
13,27240
5,9547
20,4329
8,48384
7,36998
3,31961
19,40340
2,4118
10,27855
12,27181
16,15764
2,16163
9,10346
6,26286
1,25853
19,34924
15,41888
20,29411
8,14874
5,20132
6,46645
17,2698
14,26041
4,39298
4,43165
8,29018
9,35272
20,3490
12,44847
18,49897
11,47292
11,17748
19,39915
7,49470
7,16052
11,14276
6,16050
5,35947
4,12850
2,41913
4,38321
6,2269
1,48425
17,31451
17,44743
19,27664
13,15444
2,35720
5,28985
1,42760
16,38060
15,43998
17,23761
2,45907
8,36197
20,5528
1,49913
10,35415
14,11610
7,26834
3,18200
18,31110
18,26334
20,19289
6,13333
12,24591
3,6237
7,1154
1,23724
19,10641
10,9607
12,48461
3,27487
3,46581
12,35875
18,42717
16,35924
16,45609
9,13153
2,23407
15,18322
18,15656
13,1053
6,7345
18,48612
8,4668
4,49953
19,23901
20,11200
13,44501
5,14395
10,12462
6,22550
1,12970
18,7212
14,44586
13,12271
11,35865
6,16927
9,33968
12,19404
18,47028
5,4452
8,23338
3,7775
9,17715
3,21326
18,33615
16,2540
1,49004
6,3124
19,21675
10,23231
1,17862
12,36244
12,16776
1,40798
12,2602
2,1962
19,45631
4,9949
9,39208
10,21479
11,6540
15,40527
4,31611
3,12330
11,32101
18,26106
13,27279
19,31260
13,34614
18,31092
18,6219
16,2726
4,45123
5,29413
15,21780
3,20769
13,49851
16,9598
4,29030
7,26305
2,28819
10,29948
12,5370
8,5619
9,30397
7,46080
1,19835
11,13049
12,24686
10,42832
12,46647
6,48898
12,22662
11,32601
6,15670
15,48717
14,12698
3,10778
5,19240
7,3026
3,45208
18,30851
11,1206
13,12799
6,3061
4,17962
13,3940
14,25951
19,6785
13,25584
1,40522
3,44283
18,11086
2,36324
14,25960
20,15520
14,4639
15,32259
17,19431
6,11031
17,25721
16,33345
14,3034
16,48565
17,11905
11,3594
7,36627
10,35087
8,20438
13,19844
18,23789
7,14461
1,44049
18,391
16,9201
13,46521
3,10366
12,24813
3,206
9,10713
9,33433
14,34933
3,46093
18,5416
1,10628
7,16599
20,9030
6,34017
6,16159
15,48241
5,45648
2,14648
4,47828
13,4397
8,16376
4,36723
17,9017
3,23605
15,33432
6,35714
17,34857
12,7381
10,43095
14,44983
17,16345
17,17090
19,4798
18,13948
13,11410
16,29977
8,16529
8,5200
4,21190
4,39054
10,21309
11,44244
8,1648
12,32193
15,20544
13,12068
10,10762
20,17459
2,28083
17,43541
10,42952
18,17582
16,39710
6,3077
5,47757
4,30886
9,44737
3,15415
2,40799
3,43822
3,14716
2,39127
9,9232
19,23717
3,18775
7,38481
14,46283
15,34998
12,28045
15,27347
16,23801
8,3802
5,22551
15,46648
15,24006
15,3874
15,17538
4,19710
17,27503
16,41578
5,1215
10,45442
14,20224
13,31131
14,36103
20,22659
5,2882
8,29794
1,35516
18,29506
19,28303
6,31489
16,18575
9,15690
9,43657
1,1783
20,29944
4,6405
17,28403
7,11077
10,44077
16,28834
8,518
4,49047
4,36755
16,32480
13,6763
5,25081
16,11706
14,5286
16,41063
9,13002
1,11203
13,15999
1,22283
4,16720
14,2291
18,27400
1,39981
2,26117
19,26901
7,39692
3,7249
5,19466
20,31830
15,48855
4,22594
18,17607
17,32527
7,36155
20,35622
8,3591
13,1480
20,28070
10,3179
2,13704
18,33117
2,8920
17,36133
1,1098
17,36264
20,46963
17,5946
3,21801
11,3794
11,34554
15,23607
12,1991
6,27555
4,16203
9,31624
16,22415
11,27012
13,28686
8,37246
3,49965
6,37318
15,29943
19,40785
10,19056
12,4586
7,41373
15,30678
13,34170
14,34175
20,19755
2,47771
7,107
18,7095
18,35473
10,4276
4,13281
19,11161
14,2704
6,16963
1,23042
5,8868
6,42370
3,22679
18,26105
3,7167
8,30013
17,21048
6,49896
4,22549
2,32232
6,27450
3,7573
14,35632
7,33177
6,21391
7,14563
4,36801
10,13387
13,34436
19,28889
16,10865
14,23723
18,40889
9,18224
3,27668
17,48200
7,10495
14,33670
2,48346
5,5468
4,18217
1,2392
5,23181
16,42970
16,43397
16,37519
13,16753
5,33932
1,48400
20,32209
13,36688
6,42382
20,13895
14,15867
9,33987
3,49062
18,44497
4,23947
18,18322
14,43676
5,20867
17,40661
15,47058
6,17571
9,515
10,47313
20,17211
11,34918
4,7299
2,47312
9,30868
16,42354
17,16095
10,45158
3,44545
12,39236
10,8846
1,34111
20,11295
1,34084
2,49141
15,43431
11,43046
15,36320
4,14797
17,17855
16,8337
1,34471
2,38772
9,21416
19,21416
2,48995
6,47717
10,44597
13,28303
9,888
2,17540
1,18567
15,43870
2,10974
3,32988
9,49544
8,44747
9,10538
8,1969
1,17449
1,20819
13,14940
13,42412
19,13155
10,18289
9,13140
2,38540
20,36630
15,14896
17,10488
14,21572
1,16056
12,4433
8,220
3,27114
11,34883
7,39513
13,26567
18,35745
7,10738
20,23531
7,40478
19,48755
10,39951
14,814
18,8253
17,8074
3,27698
9,22228
10,29647
12,12057
17,41912
14,19941
19,36680
19,32322
12,4123
11,3521
1,18171
2,24493
12,13894
14,425
12,19535
12,48881
7,31458
10,35950
19,40913
5,29758
14,36422
16,28709
4,2237
10,32527
15,30517
7,47045
13,21149
8,33533
5,49665
8,15156
3,17683
5,9426
11,37055
16,47796
2,48973
10,15327
19,4372
9,48081
18,13617
7,17233
2,30096
9,25989
10,36874
19,4240
20,18906
8,45441
4,23805
1,22222
17,37605
18,39405
10,20799
1,45281
4,31168
9,36003
9,29378
11,28293
3,40991
4,46455
5,29512
6,11457
10,29212
20,6589
11,43315
18,40183
13,28213
9,35955
14,10284
1,13641
20,18736
6,45137
3,4175
8,29572
8,37151
8,28057
12,45476
10,47403
12,8442
11,27418
17,6864
12,43256
10,26808
3,7608
13,40744
3,48510
9,22179
16,35394
1,4382
1,33569
11,48965
8,8849
15,35995
2,9334
3,42565
5,24879
12,42967
19,44525
11,24975
19,23682
2,15396
4,18736
1,26469
11,997
14,29535
4,48924
8,31073
4,3581
8,2462
8,2885
20,18612
5,22682
17,7063
18,33460
1,26483
2,11756
5,47273
8,28504
18,17211
8,4289
20,17442
14,17970
20,44897
18,22071
7,35034
14,17046
5,47440
3,24907
17,11816
19,38293
8,13545
2,6053
19,18887
19,6642
5,1256
11,42975
5,48756
6,6084
18,28755
7,12571
20,49631
4,49046
2,29457
1,4183
15,27319
19,20248
7,31965
9,36957
10,44645
6,230
4,42023
16,29869
20,2561
8,24563
13,10397
11,28521
3,3567
18,24230
14,17223
5,26717
7,42173
1,37071
19,41177
19,12688
17,19546
16,8852
19,46792
3,1279
19,10006
6,10658
3,32614
14,2646
9,26812
15,33991
17,4594
7,36083
11,13014
8,26865
2,43548
18,36048
20,21984
12,20618
6,38157
12,18119
8,3229
12,1051
18,3570
5,7840
13,27193
12,46557
2,5333
2,42996
19,19737
17,31062
12,22681
11,25517
16,27752
11,30610
11,32106
13,35228
20,14765
2,40053
1,44576
13,22854
8,24176
8,14262
5,35520
19,43052
19,8630
8,22976
17,4349
17,17601
4,16581
19,2765
6,40977
6,42770
13,46596
1,28793
9,3144
7,35464
4,34609
6,45601
6,15354
18,20363
16,10020
8,5097
1,35683
13,34358
16,41242
19,8230
8,23402
4,110
4,13650
19,43968
12,8795
14,4260
16,409
6,38190
13,9097
20,8056
2,30312
19,22408
8,35437
7,12431
8,15892
16,13857
16,1634
7,13680
11,48308
5,4623
5,31470
8,8025
2,31726
1,38757
13,33341
14,30491
18,6529
2,4064
4,42069
5,36801
17,43991
3,8537
6,32355
2,23414
13,7854
11,874
14,37003
1,19916
1,44467
2,27734
19,21120
1,48314
20,26697
2,35518
16,38252
10,24607
6,48320
14,46545
11,7526
14,33286
3,10980
11,24083
8,8896
17,5754
2,46417
2,31786
11,34972
20,38268
1,1135
9,26851
10,20106
14,9886
18,41359
5,24543
10,5087
13,22095
9,20625
15,31182
6,19374
5,15120
10,25456
16,23954
11,18776
12,25097
12,41811
18,45217
16,19039
7,12961
6,39356
10,16649
13,23743
1,34803
11,44923
15,5636
6,15884
11,37562
7,24130
19,32994
19,47712
2,11605
16,34677
9,10988
6,35841
17,1449
11,42762
4,44086
20,39028
11,14853
15,41909
4,33088
11,31447
6,48912
13,9046
15,19270
15,23119
9,48987
5,3041
12,31979
20,43926
14,8294
4,39543
19,2376
9,12501
18,32648
1,32180
18,8912
19,19186
4,5418
11,45227
10,39873
8,1831
15,37494
11,28917
19,22728
19,36742
14,27398
2,44629
20,21696
18,14762
7,35096
4,2231
18,12762
1,30540
18,270
9,35642
9,32446
4,13440
15,14650
1,23580
11,15235
1,25008
8,49431
11,26326
18,41720
5,19999
17,8038
10,2056
7,28499
15,29612
12,18306
5,8032
11,447
12,5760
3,1020
2,24036
11,24776
2,6334
19,18752
9,27723
1,14783
9,14297
18,26365
16,17287
3,48281
12,46347
11,35663
5,41721
20,41354
9,45591
10,11598
4,13482
6,27549
6,23829
6,25675
1,17452
17,27750
5,3427
10,41902
13,17384
2,25150
14,30507
14,27477
5,36686
9,378
1,36413
15,40540
2,40687
9,9225
5,1409
9,24223
14,27011
10,2269
20,32750
15,24401
15,6244
9,39841
8,41707
5,3131
15,38219
16,16270
15,43951
6,26771
4,6175
8,6675
9,46786
15,34116
10,14648
16,41131
18,41377
3,18497
14,17129
14,40480
15,37252
13,16429
2,463
20,29126
8,3276
18,34842
16,18324
13,37346
13,23763
14,19529
1,46842
13,4253
11,21118
20,18389
5,7124
9,1040
15,20093
1,26636
17,3750
2,41437
12,34715
12,44118
1,10257
5,10265
13,35421
12,15335
3,30386
10,48631
13,17354
12,27569
7,42288
15,29955
13,34463
20,20354
19,36081
1,22388
16,8334
3,29316
11,2068
6,1051
19,48295
19,175
5,21520
17,40459
9,24898
17,32150
2,8396
12,28551
13,2273
9,19368
11,15608
11,2552
9,15203
17,24074
5,26471
14,42109
9,11273
14,41313
8,40723
11,17587
6,15322
5,36570
19,19139
19,31335
6,32256
20,22641
2,42810
8,43475
16,27572
12,44287
12,1196
15,13361
13,30399
15,22689
14,31406
13,29845
2,17782
15,37623
16,42202
15,22303
1,32850
4,39488
15,7436
18,1508
8,277
11,20992
9,36221
20,25260
2,15572
18,40821
11,10829
19,7731
10,28978
8,18942
20,46490
6,2952
15,22415
6,24436
9,6243
12,36948
11,15660
6,15822
13,29455
2,1605
10,11753
20,29944
8,45200
6,15391
20,10934
3,6783
2,47646
4,13115
10,32690
2,4298
14,10622
17,30406
2,49597
18,23513
7,2198
15,44631
13,45434
15,45266
2,5159
12,22818
11,38563
13,46428
6,39912
9,33339
1,17014
12,11620
9,28169
20,25960
2,36780
16,48297
16,16460
19,16825
2,44480
11,49935
13,26353
3,43636
9,12532
3,15074
1,35753
12,15286
10,41720
12,6565
19,16570
2,16409
18,27902
4,45682
8,29547
17,18329
10,28117
7,43830
10,35020
5,16149
12,16877
4,49058
20,49692
19,29384
19,19880
10,14598
18,49394
16,35116
12,27164
19,6682
13,24357
10,6253
9,2928
14,42737
20,36466
10,20580
8,30999
7,46672
9,11999
8,14984
14,18194
18,40102
4,47732
13,39278
13,3437
18,29944
19,24993
4,24298
10,43792
8,5514
9,28180
14,21736
11,30642
5,39900
6,40286
5,33519
7,2629
7,19091
10,32812
17,3039
5,8621
7,17404
2,45074
1,2476
17,2764
17,13775
4,36577
10,39552
16,6068
16,24241
19,47279
14,41494
1,44182
6,40441
16,30483
11,43325
19,28506
3,9775
12,19746
2,33478
4,47152
16,42988
18,19401
17,5903
13,18974
14,17539
12,29283
5,41722
12,46581
17,41010
7,32672
13,2318
2,28534
11,40071
7,48580
12,2560
2,7691
18,29764
10,26379
11,16382
19,30693
11,17797
5,34627
5,38290
20,47725
14,18035
20,26599
10,26839
1,20680
18,1406
8,34533
10,16516
11,43531
13,23221
15,30360
18,28344
18,23956
14,30922
18,38519
7,7601
10,31771
9,20959
5,22396
3,39971
1,2666
4,12948
14,20435
7,16523
13,2127
16,19345
9,4832
3,37857
3,25508
13,10398
19,33886
2,35508
1,20220
4,23212
8,34445
6,149
1,26729
20,30466
16,24957
13,12076
16,40682
13,32401
6,49302
6,15572
8,16971
2,13795
6,23116
7,45267
12,3322
8,21959
16,41410
9,36509
14,841
3,43057
1,32926
7,23003
1,30858
6,8657
16,5422
13,47319
5,24610
11,9398
18,41275
4,31339
15,43343
14,9153
10,40010
14,6924
5,34397
4,42377
7,40744
2,34440
20,30332
18,24972
5,9411
16,4810
7,9425
12,31738
1,49677
18,19517
19,40501
5,35667
15,14902
12,5631
5,14613
17,13151
6,12467
2,1923
2,39501
16,35586
2,24277
1,47588
4,22030
8,40571
3,48770
4,47724
2,16481
14,19299
16,47605
14,4890
11,40851
12,15793
8,9216
1,40440
1,18699
6,19728
7,204
15,23505
3,42202
11,4001
6,12815
20,31328
14,9068
9,36144
20,40757
5,2435
15,18863
2,23717
16,15295
17,26171
12,29368
12,22462
17,33244
4,37334
11,9381
12,27698
13,49322
7,11407
11,24340
15,1537
5,8341
8,11047
7,12304
11,17546
9,33931
2,17515
16,10794
15,31756
1,13462
18,32463
10,48771
5,20393
10,47924
8,28252
20,30584
18,44004
13,33582
1,14355
11,25843
10,3255
14,319
6,31811
16,22563
6,18216
5,44037
14,47273
16,17259
11,46164
1,5102
11,1999
5,47146
4,45514
6,1196
12,44137
6,45852
16,12722
2,24735
4,11548
1,14061
17,15104
13,29401
20,4864
14,3278
11,35922
11,8658
12,17533
20,23393
13,49758
4,34057
2,23565
9,37063
20,34671
12,1216
17,24428
5,12306
12,23934
9,37884
12,47911
18,16899
12,44552
9,5383
17,10595
17,13475
12,40749
18,9799
10,10952
13,10072
14,26021
16,5328
18,29789
14,36169
5,43999
5,16284
14,48556
12,28825
12,1694
10,18131
7,16146
13,45223
6,28795
5,38606
9,31960
20,43926
15,17185
1,38741
13,24867
19,13418
20,43085
10,31981
5,620
4,46066
6,10316
17,7870
15,31222
14,33999
15,24537
15,18110
6,33916
5,27222
13,18389
4,44545
20,36453
15,40160
18,7836
9,38666
6,1276
17,24770
20,15459
14,7866
3,49900
6,30907
19,27180
12,42084
11,28644
16,29598
16,37700
5,10543
20,10266
13,14624
5,42787
17,35891
7,6251
3,17174
1,38625
6,17947
16,15830
13,25304
12,49506
8,23601
3,12185
8,38204
7,32663
16,20520
1,27865
15,30456
18,49316
20,35956
15,3116
4,32564
7,23178
6,665
19,39403
20,29254
10,14091
9,38087
10,6806
20,2032
1,34082
6,26877
20,20978
10,37055
15,49610
12,3861
8,11451
18,6936
16,30393
3,25536
7,17911
9,24748
17,47919
5,44040
6,35692
18,26757
13,42586
3,8976
6,10226
4,9326
15,25886
19,39172
5,41702
5,14582
4,30946
19,17859
20,38653
6,15065
16,43340
13,11654
2,21814
6,16297
18,46050
8,6905
11,34235
15,45498
20,46157
19,12684
2,18984
17,47210
3,8500
19,18866
10,736
3,49150
8,42508
1,4981
9,8328
2,38748
3,31954
1,9338
12,42496
14,378
19,5411
8,47053
9,22534
9,20545
6,1187
17,29020
10,45615
13,5086
10,45300
14,33002
11,657
5,25059
7,7518
4,13124
13,7105
7,14389
4,13189
17,3831
13,11563
15,46998
1,1168
16,13010
1,7985
19,9253
20,45617
9,21749
16,39953
7,7269
18,37408
16,36064
8,26042
3,19758
15,49143
18,1295
20,49352
4,21591
17,23330
19,5329
3,6884
1,6952
10,25465
5,20379
14,39475
10,26905
5,22041
19,3294
14,13658
5,24215
13,31905
1,36142
10,22696
15,17836
1,29223
13,8438
10,24734
12,47122
10,25156
12,1142
19,45695
2,37520
3,535
16,42388
15,31610
7,3547
3,43002
16,25308
6,38837
15,26913
15,36238
20,21340
5,25752
14,7644
5,7946
13,49949
15,42496
18,25624
15,38346
17,23783
5,24464
16,37616
14,13769
3,34070
1,23559
11,41645
13,506
10,31038
12,2877
17,41199
2,37081
7,8112
13,35039
19,3958
4,18254
16,3209
6,19323
11,17400
20,37149
7,42210
13,33360
6,26633
10,36963
9,2967
9,17600
13,10541
2,31950
16,43279
19,15051
12,36430
18,35698
11,5000
20,30097
5,42670
11,12493
8,10278
7,7995
3,35752
6,5913
10,24233
10,18725
7,17552
14,45766
4,18111
8,49537
14,43332
19,3288
6,12278
14,31101
20,34850
8,13340
11,1288
15,9813
12,19333
5,22378
18,8008
1,30114
5,880
9,26423
2,48573
6,43231
8,46587
4,49288
14,21290
5,49168
12,45056
6,2598
9,8313
6,10952
20,48549
8,36381
13,29999
16,40112
18,36448
7,20962
17,6555
13,4407
8,37318
8,44986
3,46986
11,2908
16,36134
11,49782
15,39596
9,25236
16,34018
11,34742
20,32146
10,14934
10,43675
1,47257
9,987
17,26334
3,999
10,14886
4,18238
7,45593
13,19361
2,32390
11,24002
2,45902
15,24443
19,29458
10,14927
3,26518
11,10947
5,25564
12,42330
2,431
5,22632
9,3982
19,29285
18,605
4,22023
20,12616
12,43596
7,1124
8,3738
13,48959
7,46411
13,8735
4,6689
17,27153
5,47640
10,13348
17,33828
13,20923
7,856
12,33665
3,37233
4,36945
8,16726
9,10469
18,16788
15,28232
4,30095
15,27486
10,8914
19,31723
20,36484
17,27694
10,49143
19,5061
2,4202
10,19209
1,29221
5,32786
20,11615
10,39627
3,33352
2,21084
4,4358
10,2327
3,31744
6,27661
17,32435
5,25231
5,7841
3,40929
13,36536
15,36931
16,22810
9,21451
14,1792
3,10844
3,33920
20,10692
12,39234
14,26001
14,38634
8,12069
16,43136
10,11063
18,15423
3,15587
4,755
14,3931
4,29902
20,28141
18,17848
7,45819
13,1796
1,34791
11,35448
9,4783
10,24353
13,31155
17,27805
10,15706
9,8323
6,1892
6,39327
11,6453
15,33354
20,9858
2,25228
7,45035
14,9064
5,10381
15,17392
10,1771
1,21667
14,43307
20,47693
3,41610
9,511
6,46643
2,2095
14,8154
5,40918
1,15160
12,13459
15,38413
1,21358
14,37408
14,14268
19,30143
7,43199
6,3939
17,28373
10,4891
17,40894
17,26480
19,14436
8,21946
6,10494
5,16789
5,18224
5,43589
12,10600
5,34309
14,21324
10,44764
5,30174
6,36430
7,28368
4,49014
19,10354
15,25570
13,24972
11,3830
14,15560
8,44088
20,25139
10,42970
16,15829
3,31787
1,25618
12,44025
13,5713
15,7915
1,42745
18,1477
9,49563
8,31796
10,3593
14,14784
10,47956
17,11330
10,12381
7,49323
1,43479
10,16979
5,2097
16,11136
14,10674
2,1467
7,4975
9,46276
12,30610
8,40332
19,45068
1,20056
3,39057
15,40562
8,26746
19,34824
18,1393
16,15012
1,37313
1,28851
6,13730
12,14498
14,44264
11,15768
11,15276
18,47680
19,46151
15,4704
14,37696
17,34388
13,42693
1,40090
12,4288
9,34114
1,49518
16,37690
20,19379
14,37583
7,37672
19,28793
2,40949
11,2367
1,1254
19,40460
4,49081
16,6562
6,45288
11,36131
8,18658
9,42273
8,37011
20,12800
5,28781
14,46545
18,16036
6,19340
17,30723
13,7945
20,41300
13,35504
14,17631
18,36794
13,42900
13,9660
15,10847
11,46716
1,16720
11,8451
17,9325
2,36935
11,22011
19,48179
4,10130
16,9227
18,39592
5,32389
17,989
8,22359
16,7154
12,34208
2,20185
4,3392
4,30286
1,29977
4,18818
11,34531
18,37881
13,11969
7,44769
20,46200
4,4609
15,21568
12,30824
14,31484
10,5306
13,47319
8,21712
13,24445
16,1926
4,19794
3,45437
6,20255
19,19239
4,35958
5,44057
1,18047
7,13991
6,33798
18,24393
10,43152
11,43176
10,1797
6,31297
11,18853
4,37072
20,16606
11,27784
3,41739
5,16895
20,9917
12,6916
18,15028
7,14874
7,43163
3,26718
14,15706
12,12717
11,39413
10,12491
2,33326
13,49908
1,3451
3,35124
11,7029
7,27380
5,45239
1,42779
14,12495
6,3280
3,22742
11,6241
13,38600
13,45927
19,16540
11,614
8,22218
13,35369
14,49898
17,35826
15,29894
7,38140
3,18387
1,32777
2,22715
1,28164
10,21430
16,2925
16,6845
6,45294
5,29771
5,24303
12,43276
1,35758
5,19712
17,41892
14,34664
6,48095
10,49578
4,4050
12,28256
13,13501
19,19084
10,49278
4,7158
5,39639
2,9729
15,47266
3,34321
7,2204
2,15232
5,42124
9,6522
18,5245
18,39938
3,640
18,37181
5,34670
2,2875
8,26513
7,32246
13,32047
19,21827
19,22507
16,18159
8,10654
1,47151
6,10351
3,44508
16,31504
6,32270
17,11603
12,19684
19,46508
18,31122
3,42349
2,10606
7,37383
5,45998
14,243
18,14845
8,34918
19,22729
4,130
3,33088
13,11354
20,39522
13,37747
5,34995
9,40410
15,39216
18,39051
11,33854
10,7654
1,1545
19,44918
1,38724
4,42342
3,9578
18,21392
8,13472
15,23902
15,49771
16,40881
5,24492
7,36138
10,10112
12,41569
1,42891
12,45617
16,29297
1,45253
7,27814
4,15966
15,45384
10,30757
5,11477
2,17071
10,34222
20,25079
17,21566
17,9116
12,9322
14,11027
13,39673
3,25231
3,7773
8,38592
16,33382
12,33964
18,4217
9,4386
15,7929
6,11983
10,22945
5,43794
7,35431
18,28924
7,8031
4,8260
16,18137
14,41793
16,44233
4,17496
13,27698
20,12641
5,41467
3,18134
4,43240
11,4799
10,38949
17,26585
19,20718
2,42872
12,20842
13,27477
15,19940
14,49500
3,6246
8,9427
7,45618
1,27050
13,6802
6,13632
16,8390
12,14087
8,16214
16,46164
3,2640
7,3196
7,10608
8,44968
16,48785
12,37862
3,10640
12,13488
9,47512
17,24171
19,12338
15,10998
19,38335
1,6331
12,18518
14,18413
4,10764
12,1958
11,14035
9,30435
17,42490
20,44239
5,10056
6,22095
19,29415
12,48306
2,1187
1,24676
4,1936
14,49855
1,17623
4,38785
16,42254
1,22698
1,6318
10,48809
20,11342
4,26238
9,34407
3,15764
12,15930
20,32782
19,38174
7,23728
11,13064
16,23684
13,47595
20,33248
6,27168
10,6599
15,24446
16,13848
13,2045
16,45087
3,26222
13,23651
17,38320
12,4896
16,31923
11,24582
17,15870
10,47057
14,25749
14,5289
4,9043
5,24599
9,44634
19,29869
19,43315
7,37712
19,2417
11,2896
9,13288
10,33170
12,35127
9,38294
4,37039
16,2700
15,25538
16,47137
16,6506
18,19682
4,23340
18,24616
6,8329
13,30974
1,37988
11,9514
12,13805
1,49687
17,40785
6,14723
18,7937
16,10631
13,7699
13,44109
15,42140
12,41194
17,3774
13,29389
15,15602
4,49137
6,17139
2,21091
10,18194
2,37359
13,11708
1,681
7,32504
4,3651
2,15881
20,21195
20,39392
14,40528
7,38233
13,24737
16,40204
6,21007
1,19354
8,39461
5,49359
3,38799
10,17634
13,13065
5,25043
2,49399
2,9133
2,1663
1,1707
9,13614
12,3486
1,44766
15,49498
8,35245
9,46273
6,9340
5,20623
16,42532
19,47600
2,6269
4,9823
18,12903
6,43091
5,6176
11,49564
11,22956
20,12479
9,47717
11,14719
13,5072
12,13984
17,47011
7,35702
11,12626
20,39668
7,39734
8,29888
1,1148
19,28754
4,47662
2,30991
20,6168
8,37434
4,33945
13,27062
17,27343
18,2079
12,21796
20,12508
1,1880
12,48493
4,23916
17,21261
7,12392
17,18460
12,13743
15,41408
18,21196
8,16230
15,13273
13,38750
19,33583
15,22648
3,22173
18,17760
11,8021
1,27519
19,7306
8,13354
19,14523
12,417
1,22548
19,29064
3,38885
1,21618
8,43131
9,23149
5,6262
7,33466
12,4499
6,37501
6,10158
18,42214
14,14380
8,37002
17,2810
8,40800
8,33577
3,2275
9,39447
19,45502
10,41756
18,18829
19,47326
5,11408
1,13193
9,32219
1,29699
7,34534
4,20799
19,19117
14,18903
16,22784
20,8579
9,37012
1,12468
15,48858
3,4608
11,25069
16,37146
8,32747
10,32450
4,9115
13,48506
2,32270
8,9640
16,14913
14,17113
3,35776
13,22600
6,18676
5,23163
8,13485
12,10074
11,1536
16,26300
3,28366
1,44937
5,43807
11,2136
15,40570
6,24391
5,39683
12,36919
1,15544
10,26425
3,23880
5,861
10,44162
13,34608
11,36487
20,43962
5,29083
3,28766
14,40359
2,18163
11,15930
9,4083
4,29678
6,4433
3,25669
12,20264
13,13424
15,47946
17,43240
12,47157
12,43792
19,34654
19,31555
9,16132
17,31276
13,10848
14,21337
14,8363
11,2930
16,18191
3,11955
3,9303
11,42647
4,654
19,45367
12,30856
18,19502
10,44700
8,2596
10,31747
6,34860
6,2708
12,45975
18,47661
9,17135
18,35569
5,19218
14,27845
19,39163
2,33829
2,20416
3,25033
6,24378
6,34203
3,13766
18,48254
12,18867
3,49781
3,16782
14,742
9,43333
12,32250
16,137
5,29589
8,17429
2,10879
11,40229
11,48400
7,22094
2,38785
17,19232
7,24189
20,2171
12,42369
19,38747
19,22650
3,14197
7,3191
16,5798
16,34567
19,37602
8,30198
19,46945
6,27164
3,28409
6,11720
8,14279
9,21448
5,31045
7,26662
1,18301
15,2598
3,4889
4,16994
7,2362
5,46762
15,19541
19,38433
15,36655
11,9232
1,18843
17,14957
15,46745
17,3718
3,40155
11,43343
20,2673
10,43155
20,16029
15,28948
9,37792
12,11612
6,38746
17,17657
16,44121
18,26835
20,32799
13,10928
7,41336
4,15503
7,3112
4,38026
18,27431
6,37588
15,19852
2,30495
4,36846
14,4776
8,3140
9,4866
11,2326
4,37045
20,31309
5,8679
2,19920
20,11019
1,19614
8,41553
17,46880
3,27324
17,11730
7,17057
17,19599
4,20060
3,17645
4,42931
8,17134
13,26360
10,16335
19,42374
18,34691
1,44339
11,43157
16,26370
20,17715
15,30616
10,2965
17,41103
9,39145
5,38899
12,49650
15,41307
8,29638
15,35402
16,41794
2,26482
3,5300
2,38134
19,16109
11,47916
16,34456
20,9673
18,47700
2,9027
9,23293
20,24615
19,16562
10,47606
13,17447
11,49891
13,2581
10,26299
1,46663
13,12208
19,48602
17,31167
3,6320
7,10583
18,48469
20,26545
13,41295
17,998
17,3770
7,267
2,44117
9,19496
19,14011
5,4782
17,3139
9,34886
5,35050
11,9434
13,37930
18,46653
17,46941
1,45732
1,44733
2,45597
12,202
14,44314
13,3634
18,46309
12,10342
12,9598
15,45898
18,18381
14,5706
19,49869
16,33675
3,9788
1,29592
10,22576
19,18515
18,41938
7,17305
7,16893
18,38993
2,49885
18,6119
7,2167
13,14031
9,37620
11,14019
5,30316
6,9528
13,2096
9,19230
19,4686
9,23477
7,9519
17,8200
1,21819
20,18836
19,35982
8,17479
19,48552
16,39883
7,40337
12,19025
18,24127
11,2362
12,40787
7,40030
17,46740
11,28088
7,2210
2,32574
5,24858
16,17297
4,40214
17,17151
12,12797
9,26671
11,39769
19,14072
11,16479
5,21301
6,30240
10,48285
6,43501
17,4623
13,12851
19,26939
10,46224
11,25210
12,35376
12,12550
9,29151
4,28594
19,23104
18,7513
2,35031
15,32427
4,47520
10,8979
19,17394
11,18749
9,32119
13,5465
17,20083
3,29795
14,38801
16,41046
20,1689
5,21612
2,17829
9,5213
17,5807
7,37945
5,41548
7,44991
18,26084
9,12458
18,5134
5,927
7,35628
20,20070
12,46844
20,38869
17,41860
4,45302
7,33831
19,41170
8,19398
19,24481
2,33006
20,41463
10,39824
14,28759
8,43175
15,45803
14,8601
1,1963
17,31081
19,11818
15,26989
16,14065
15,28243
18,16563
15,28782
18,17698
10,40439
16,36913
15,9148
2,49963
7,46724
16,39629
15,549
19,26158
9,31935
3,17836
17,33991
12,723
12,34097
18,44693
15,16992
6,3242
5,33848
12,47531
20,30152
8,3728
4,19595
9,10141
17,28679
15,19572
14,42527
20,13156
8,6581
10,35494
4,19924
3,1597
3,23366
18,38007
8,38352
18,18320
5,12064
9,39552
11,37498
14,28987
19,6759
16,18568
16,3974
9,38468
13,10779
19,5653
11,36821
15,9809
11,24527
19,27060
8,46153
2,41379
6,13862
20,48331
10,39903
14,15178
13,41044
9,29197
11,8419
20,17158
15,45800
17,46702
3,32051
4,16537
1,26798
15,515
10,43947
5,42400
8,44397
2,2863
6,12008
3,41969
19,28688
5,1391
10,11351
2,31120
12,6533
10,23217
2,15215
9,15648
3,7037
5,2087
13,16470
14,19133
19,18178
6,49237
13,10352
13,3336
10,22032
4,26792
8,10834
19,2395
4,41565
16,27250
11,9768
5,40033
20,8602
9,37540
15,45013
5,21143
3,26430
1,48138
4,34961
11,37244
2,18880
9,2180
8,45381
4,43239
20,28058
20,28731
19,16358
1,28355
17,48730
4,19180
9,40392
6,17527
6,36020
12,18192
19,33245
8,26760
15,2678
2,22084
19,22995
6,19689
11,9951
13,45398
7,33743
19,46874
5,30308
9,35214
7,47686
10,40554
3,16037
5,18598
20,12930
3,27488
15,43301
11,15856
16,10556
9,764
2,48300
6,40877
19,27309
8,34510
12,33245
10,23626
10,44013
13,48442
9,34390
15,45557
13,44375
2,35730
11,19478
17,36120
7,7645
2,3905
13,34780
8,36332
8,6276
19,26525
12,13360
6,6206
3,31073
1,15251
2,3965
13,24646
2,47628
2,22912
19,39274
14,10033
18,1629
2,19789
12,41876
12,20997
4,23121
5,27024
11,23070
20,35996
8,14229
10,14492
10,45047
3,12085
18,36718
7,49253
5,24339
16,33784
2,6573
2,49236
5,40339
8,48194
3,37178
16,48200
6,23435
1,12851
9,8553
15,25140
17,16329
8,42172
15,42713
12,39891
1,19905
8,32279
3,37530
16,29684
18,38045
6,47320
12,764
15,41664
20,29977
20,1936
2,41239
8,1100
4,12772
19,18131
20,39390
6,15170
12,34472
7,25905
6,13855
15,48313
18,23123
8,45530
16,8193
16,24804
10,2292
19,25935
6,34676
12,5107
15,16527
18,7505
16,41075
13,10253
2,41034
18,47462
13,13839
10,11633
18,34003
19,4184
20,10835
10,48523
18,17542
20,13127
14,16991
14,36004
9,12024
1,43378
18,36330
20,33511
9,3043
19,41501
16,5306
7,32653
2,28862
3,42266
20,12923
19,34028
10,5489
11,23130
3,42753
17,10970
11,36240
7,46585
20,44227
8,43160
7,31074
12,17990
11,41055
11,40417
2,49162
16,25100
11,11636
15,32139
8,3327
15,27497
7,4357
14,38390
8,16080
14,22610
12,35037
6,29815
13,31605
16,25723
9,32213
5,18834
14,29794
16,34184
9,14883
18,45866
11,48975
14,25052
8,41533
6,13315
5,48659
9,36829
10,28283
17,23579
5,2638
17,7746
5,5591
10,46841
15,35194
2,32890
8,7347
10,46161
4,37871
4,37679
18,5678
2,44270
10,48402
12,21704
6,24871
14,1493
10,32406
6,24651
8,30151
3,8890
11,29924
9,11123
17,38351
15,47238
13,2920
8,11779
6,31448
19,41150
6,40771
1,22764
13,21025
12,48685
2,18420
4,2561
19,46790
6,48726
6,39820
17,1626
2,37275
16,16410
19,19109
16,19810
2,34300
16,34773
19,2798
18,26834
5,14378
7,25639
10,47614
12,28048
6,13000
11,26813
16,39835
14,15845
8,4566
20,13133
5,40984
12,44790
5,20321
2,8765
9,19000
2,27488
13,26005
9,34144
19,43661
11,5421
19,25128
13,119
14,14985
19,18544
16,11568
2,24109
5,3160
9,48083
8,40814
12,4270
15,15856
3,7223
18,26132
13,15878
1,28785
20,40597
6,25651
17,26551
4,5548
20,2437
1,10399
9,47802
9,27898
19,40939
3,12885
11,27202
17,6788
9,22080
14,24364
1,34101
9,3779
19,27192
16,20158
16,48564
6,39109
13,19928
18,28697
3,48632
15,40810
14,23040
9,37917
5,1340
15,29657
19,27557
7,25346
9,24439
7,8704
6,5816
12,43130
12,46906
19,15188
14,1961
18,45090
7,2310
19,11463
13,16514
19,44366
14,39351
7,5514
10,38682
17,12014
4,33783
5,28627
4,32557
2,40657
14,28187
16,19075
15,8242
7,12529
14,27040
15,37253
5,21507
11,25318
18,6040
15,37241
8,26406
19,13310
5,28269
7,19693
7,5478
3,42008
9,17327
19,20068
13,17430
5,43812
5,1832
16,27875
9,41185
6,16112
18,46097
16,44369
3,12640
14,37498
6,19539
16,3386
14,6876
16,13202
5,17199
18,38266
13,14245
3,11452
20,13336
4,15459
16,439
15,13440
3,168
15,49606
5,19528
13,6536
1,37083
5,8832
3,4041
14,29644
10,18591
15,47229
12,37978
11,47756
17,19843
3,31267
12,11676
13,4997
2,47118
7,9111
11,16367
11,20535
1,32014
13,10018
6,16721
17,26926
15,1751
15,32024
6,38536
1,26674
12,15588
17,13476
10,39899
9,214
20,18633
6,3311
2,12382
9,38215
18,14239
17,11927
3,1379
19,35870
4,21662
7,27195
10,22424
8,4234
6,12089
11,27148
1,47678
8,5885
18,1366
2,14919
6,1914
1,28298
17,5684
18,15403
4,12754
9,36258
15,41189
8,49903
12,33984
5,42503
18,48009
11,29664
4,49258
5,42492
16,48078
9,11757
9,43649
10,17858
12,15466
19,46962
2,22395
11,49960
8,7086
17,13353
10,215
5,37033
2,46535
17,19983
18,515
3,6594
3,20004
10,17348
3,33819
9,32504
6,45920
10,18378
4,2765
2,24685
5,24723
20,14253
14,31850
5,36732
8,46446
16,26043
8,15708
11,35986
18,14661
16,21153
8,17092
12,25883
17,15020
19,41169
1,40090
10,6303
3,37247
4,16903
12,17287
8,10780
19,10888
19,41630
12,37258
6,26579
14,28293
13,49289
1,29994
1,30442
10,47973
3,14033
1,36575
17,23267
6,4536
12,9277
20,26746
3,17307
16,12539
7,44496
3,31881
14,24718
20,20071
18,2850
20,6584
5,4919
8,20811
7,9786
1,39819
18,42243
2,7675
13,34093
12,3818
6,41800
1,38494
1,27751
18,36102
20,25032
13,15107
16,39475
7,28357
17,30155
4,22371
5,13584
8,28071
10,45898
11,4933
10,44792
12,37178
19,4017
1,6441
18,6240
8,6088
18,48173
6,19422
6,36943
7,13761
14,42044
11,34748
7,11412
8,30769
1,47068
3,799
8,15155
2,23099
1,1198
13,9833
19,42829
11,36446
17,21285
2,34026
17,27688
12,33606
6,5852
1,47467
15,41844
9,43636
6,43158
4,21440
14,39235
19,27775
19,15326
2,13607
8,49622
8,14913
20,17881
17,39541
11,6440
18,44069
7,18058
17,38506
20,41383
17,41981
2,43359
1,22760
17,33654
15,1728
6,21162
19,49013
9,43068
15,35917
5,4539
18,14633
16,37599
4,15176
7,16615
10,45268
16,13708
15,26321
12,29271
13,5894
11,26211
14,568
16,14205
3,22418
19,30718
3,43696
2,49767
10,41116
7,8459
8,37872
2,39391
4,48145
19,21888
14,23528
15,20637
3,9849
5,14358
9,24063
7,38096
2,28243
4,46851
6,28037
1,4486
11,44187
13,12166
10,14407
11,12129
7,24682
14,17678
8,16969
7,17352
9,9301
10,17770
20,18099
15,3022
15,32930
4,48102
3,16955
10,13118
9,7402
17,14152
5,28181
7,4086
18,18971
17,15242
15,46178
16,15191
7,32200
11,18575
2,28893
6,38880
8,41095
19,40793
15,24870
4,45868
8,8544
15,39360
8,35502
20,18123
19,40998
7,11366
8,16361
19,1112
11,36905
20,45119
1,8862
11,5075
1,24960
4,46670
9,33097
10,19104
8,4033
5,26807
8,38055
5,24700
5,32386
12,46202
13,10105
5,13570
11,15713
17,32980
8,9200
18,43366
4,44967
14,1552
1,27480
8,30505
14,22988
10,8190
1,40793
7,23981
8,33890
15,16118
15,18245
20,29548
20,32201
5,34929
15,47417
15,13920
11,3907
13,28634
6,48271
2,6926
11,34707
2,42838
17,8083
13,45038
11,20986
17,42280
3,10237
18,7730
5,9522
12,25229
16,4103
1,33888
10,413
5,16427
18,36600
10,5339
11,44194
6,49574
17,9247
10,3572
1,48260
20,19867
12,26429
8,9026
9,46773
17,38941
19,35045
1,11184
3,3195
15,44822
9,48513
4,22623
14,3654
1,23964
16,46016
17,1780
5,13731
13,12797
17,36483
9,26763
3,31899
2,48963
13,43945
5,39625
14,41695
15,41336
17,41777
12,9182
12,947
9,17165
6,659
13,32441
19,11543
6,8454
11,30633
17,28340
15,49916
7,35573
18,49663
14,24417
17,21664
17,777
9,32494
6,4502
1,7514
3,11686
3,3973
3,21662
7,1534
10,5157
10,12462
2,14002
17,38082
2,39578
2,39655
5,12406
7,30874
19,38415
7,33666
1,34250
13,14660
2,32185
7,11800
8,40270
8,27872
10,6365
11,12969
16,5388
17,7253
14,15300
19,3094
4,6572
13,20511
13,20631
12,7966
12,10863
20,34306
1,22621
9,17266
20,47528
15,28469
5,23309
16,39826
13,39773
17,43657
11,17270
12,31223
7,26446
19,39125
13,989
5,4759
5,14000
20,26813
17,31889
18,1153
19,3936
5,41007
5,2742
2,15922
4,11185
14,12472
1,34104
13,171
1,11473
16,8447
13,32890
19,2090
14,42783
9,38301
1,48400
19,1182
18,22686
11,27894
18,35450
6,24254
2,23593
14,45060
16,47888
8,5767
19,9905
3,47918
20,4011
7,44896
9,15931
13,48044
10,5039
9,17871
7,17663
15,4288
19,9442
12,14863
9,14372
8,12209
8,15031
20,1713
20,39337
10,24158
18,18882
9,38925
14,9026
8,37595
12,27992
18,36255
3,10482
8,42473
13,33634
6,39938
6,8995
12,32371
12,21846
11,17409
6,47921
16,6052
9,14717
2,18371
13,38054
17,21599
14,41939
11,15781
7,19028
18,4821
13,30543
2,8256
2,44529
8,42874
10,9773
11,34486
4,41962
6,32794
20,9016
1,32999
11,5361
18,10949
15,31306
12,39117
18,49507
16,31587
19,7860
19,3256
20,39670
7,48620
1,36037
7,36907
10,1466
4,14203
17,36408
12,13702
19,16975
4,25512
7,19107
19,30746
6,41924
1,28002
18,13376
2,27097
5,25403
13,4511
12,7422
1,2649
7,14106
16,22133
13,9860
19,1372
20,15928
16,33802
14,12085
1,2128
4,28568
4,48231
20,22700
9,29404
18,31497
13,45206
20,9572
14,29966
4,16202
5,45246
18,46995
4,5129
18,25842
3,12092
18,16275
16,40796
14,29399
2,2096
14,7937
9,6586
2,13487
16,43905
20,794
1,32709
3,31870
3,16264
20,47896
13,17803
12,36963
13,17375
10,31165
1,13960
16,40213
4,30138
7,32686
13,21539
18,42346
8,40873
13,28725
3,23800
17,41654
4,33983
8,22351
8,48468
1,43580
7,41896
13,28179
4,39419
16,24373
17,36459
20,16385
16,25431
1,16939
4,4253
6,18391
13,21019
7,31253
3,12474
9,37349
8,18625
14,34878
13,34351
14,14688
20,20001
19,20280
15,46580
1,11245
4,5861
12,27961
5,22595
9,21651
1,43224
5,44830
6,48430
3,21175
8,29375
3,21808
18,8678
18,44623
7,44744
4,26195
7,29995
5,47358
11,40142
4,42294
8,32308
18,18426
10,23435
5,9685
12,46187
20,46695
14,10796
6,43568
13,44397
13,42509
19,26687
8,41235
18,28954
12,5818
13,12253
6,20778
3,17954
10,41383
2,817
4,15611
14,45029
5,42416
17,40185
17,46477
1,30100
9,7257
11,29141
5,31231
16,32919
19,19398
10,11741
20,26424
3,49534
20,41052
1,16962
5,11243
1,2063
13,19115
10,18090
17,43966
19,13537
10,1046
16,45022
9,3593
6,25695
11,47102
13,29520
13,33465
3,9514
2,1234
4,46318
1,9195
20,46728
2,46722
2,31430
19,34687
5,46286
4,27243
9,45140
8,14730
1,44114
19,9614
17,18728
12,33267
20,19777
2,3720
3,12051
1,18953
13,4244
9,27132
13,4065
17,27872
19,13037
7,26186
14,3810
19,22832
14,25373
11,103
2,22081
1,8279
13,19209
3,34937
15,46962
6,19535
15,41356
17,5046
12,1298
14,11864
17,27913
17,21227
2,35811
1,41010
6,13320
12,18336
1,11603
1,32078
11,32058
20,38334
3,24843
15,20907
19,37934
6,20394
20,25304
20,27997
14,16158
9,23623
14,11538
8,46396
15,22888
11,6699
7,44800
13,35343
5,31586
19,25341
16,10886
5,40958
18,26848
2,5147
7,19787
10,35982
18,41708
6,1945
13,33979
14,37330
4,46188
3,33214
3,30156
15,25945
5,29989
16,12806
17,16281
6,16023
13,49711
17,27249
20,14588
19,36725
12,42811
6,25897
4,44845
7,21542
19,3612
20,8131
2,44813
8,7728
20,18011
5,44516
6,27550
1,35985
11,20045
15,23676
3,34538
6,30874
11,39102
7,25275
17,19363
18,37528
18,19305
10,11441
19,1608
9,15628
12,46757
5,41926
10,47412
15,42046
7,49693
5,38049
12,44727
17,19513
14,29332
10,38799
7,36477
5,28432
14,17064
9,35346
20,10824
5,15334
5,18827
5,36574
2,2866
9,15151
1,48009
1,699
14,7497
13,10475
5,8287
20,35742
5,26491
20,43639
4,32561
17,1684
9,32572
20,9595
17,40713
3,26352
17,42338
14,39902
2,9878
20,13294
20,17448
6,125
4,25420
2,6398
18,23928
10,13543
10,8331
4,32087
16,33162
16,24387
18,17230
11,3078
5,36932
2,18763
18,1168
17,37741
14,34277
14,17831
4,19159
13,36484
16,14220
9,14934
4,29969
8,437
10,43786
10,14042
20,8060
15,4153
16,26898
16,47741
17,7493
20,2379
8,33254
12,27937
14,27775
17,40444
16,41624
13,13967
4,27592
14,2141
1,46430
8,35850
9,47527
3,20425
13,49351
18,47408
3,29579
8,27145
20,16325
10,13609
7,21992
8,20620
13,5815
15,30321
19,10613
7,33805
4,3519
2,46861
17,36781
5,34985
6,49433
18,47120
9,3004
15,16527
5,16144
12,37464
4,20329
19,18081
14,40886
5,44454
5,27736
3,13269
16,27229
12,17275
19,671
4,43389
12,842
7,625
5,22648
1,1139
8,47083
7,14224
18,28466
16,6794
5,28790
18,25957
14,19744
16,19243
2,8335
4,4956
12,48095
18,2936
4,5661
19,3991
4,16006
13,35845
19,47827
1,42079
17,46017
19,44009
20,42064
15,13386
2,9457
20,32527
11,31097
2,3198
16,166
7,24271
10,20939
18,13761
19,22807
10,35028
1,4434
13,9580
19,17792
7,30856
9,22036
20,49142
7,38062
9,16351
17,48040
1,32061
13,3524
2,6867
11,24004
17,33654
15,6376
20,16858
11,13109
10,27255
5,9984
1,49180
2,43518
5,35795
15,21188
3,48764
13,7876
10,47307
20,15198
15,3291
15,42872
14,6554
7,100
11,6153
15,34540
2,15231
18,29761
18,13407
8,40819
13,45046
20,32874
8,32171
15,6476
1,30515
20,43123
2,46445
5,47713
20,44590
18,31942
15,23390
7,5350
1,587
8,707
7,23158
10,47854
2,26386
11,35601
16,14525
13,4761
2,48697
13,29208
2,37523
3,42217
4,39389
14,26175
19,27342
6,7332
11,22774
8,33248
14,15138
17,47296
10,39198
9,42687
7,8172
15,22057
7,20501
3,5083
20,38604
13,14427
20,41181
12,32611
16,19320
12,10881
5,30560
16,44587
6,5345
10,18067
3,2310
9,42605
12,5206
4,31916
7,39376
18,443
12,35324
16,3447
16,26189
4,25371
12,48470
18,10811
19,18759
9,13430
15,24937
1,49406
16,33243
3,46501
13,4540
14,45197
15,37796
4,7466
4,9101
15,46577
8,28343
10,37867
17,18833
12,26626
18,18686
14,34348
4,30493
14,5761
1,15978
4,595
7,17995
11,30029
9,36291
14,754
12,28608
12,36203
20,40713
17,1276
9,38623
13,6625
18,35850
3,27839
17,16151
16,554
15,42268
4,24753
14,11427
4,20050
11,40271
6,17227
9,19068
4,15092
4,45445
12,41280
9,47190
11,45355
13,5055
2,32478
7,24585
2,13509
11,37376
19,20317
2,21473
1,31908
13,37654
3,8731
6,7677
15,25438
3,19339
6,12445
19,34731
7,27566
9,890
17,15029
14,25507
12,850
17,19643
2,8810
17,35033
17,47931
1,42839
16,43052
6,12493
20,19793
1,15888
6,5305
15,21215
17,2155
15,33877
18,29936
15,10849
16,13293
4,44970
13,37000
8,47243
13,17367
9,31076
15,20823
2,32843
13,19739
7,8394
4,42613
16,24568
14,31178
17,38051
18,9425
11,10792
5,1880
14,35330
11,9491
4,28759
8,24734
9,30896
3,13566
2,46528
17,27346
16,19222
19,44321
12,7114
17,21325
19,14075
18,25010
12,47704
18,17760
4,28530
20,48472
12,23095
8,43150
4,14729
6,36542
16,48143
17,13745
14,5276
17,9510
17,45571
18,42128
1,978
7,15291
4,13373
3,11684
9,15677
11,40825
10,4107
5,24458
18,13971
4,5273
4,27727
8,22877
5,44254
5,30105
18,35791
4,13348
1,23729
5,38477
2,32502
15,46810
10,10199
4,2136
11,46943
2,27122
19,23362
10,7060
3,46578
10,24073
9,9481
8,12155
20,4403
11,21352
3,33478
8,12551
8,21639
12,29436
3,37074
10,39290
4,17602
9,34542
11,41676
8,16042
16,7385
13,9760
10,5603
12,3476
1,15804
17,18566
15,25299
14,17467
17,33755
10,19742
17,39161
2,32975
8,37900
9,15274
11,32070
16,46735
4,47966
10,35325
11,2820
4,18111
18,32795
13,40083
11,18026
6,39575
19,7514
18,27979
19,33503
8,8965
14,38735
5,36879
20,32390
3,43130
14,32445
8,11252
10,24259
11,8085
2,39275
16,19755
2,22695
1,20373
6,25428
13,34727
1,36745
2,30600
8,7905
9,46017
20,11786
1,31061
9,48985
6,42929
14,16287
14,30966
10,39526
6,39091
11,24317
16,10821
19,8990
17,14399
12,3501
1,1539
5,40513
7,23903
3,16492
3,19999
8,14605
13,12174
1,43304
1,32144
17,4056
16,3075
2,28390
9,32418
14,4687
2,6378
19,11873
2,42624
9,24893
9,44471
15,32194
8,20909
5,44525
3,46554
16,30327
9,37922
14,29025
17,19119
10,18790
16,2593
14,11871
20,28866
11,22686
10,7409
4,14143
20,9072
8,39339
8,710
7,31491
7,29790
13,41013
13,43238
10,5043
3,28783
6,43042
8,9560
14,35155
19,30516
2,16057
7,32075
18,30933
15,28664
3,21285
11,41008
18,18763
3,4859
8,6456
2,6081
13,26017
1,46548
2,37311
4,40398
17,46470
7,44945
11,18752
10,1334
5,37739
6,2945
7,12948
16,31873
9,26471
19,45567
2,21470
1,21757
11,5061
17,34643
19,27569
8,4480
14,34306
5,5497
9,36480
20,38583
8,25753
20,30192
9,40837
17,43004
13,38797
2,47114
8,3967
4,33751
10,14937
12,42723
12,21128
17,20470
10,26942
1,4598
18,39074
20,4797
10,37880
15,25141
20,9646
4,43093
12,30663
3,23776
14,25350
12,25457
3,5755
16,29457
13,36117
16,29013
3,18803
12,45116
10,31272
8,40534
2,5533
15,2530
20,14761
16,762
13,42498
14,19565
3,23090
6,44426
19,3134
10,49560
3,48239
3,14410
12,37461
9,29579
17,17121
10,14642
4,22613
7,43708
18,8190
13,9848
6,46478
15,26111
6,49258
17,1374
1,24538
14,10470
11,18244
1,27656
9,47531
8,46095
12,20516
13,49311
6,45065
18,24410
18,46759
11,21315
10,18248
14,27078
4,19177
1,44165
16,46033
11,33890
20,18309
17,24790
1,9406
12,10512
12,34143
11,8478
7,23520
11,4090
1,45002
1,40128
18,38125
14,22828
11,18799
2,1809
4,39803
4,19818
7,27899
4,7414
18,8177
4,39803
11,28222
16,32337
1,15453
2,24759
2,47491
6,12727
8,7863
6,10974
1,10566
16,13473
5,44194
8,45850
7,28697
12,26168
6,15251
2,37903
17,44591
12,13828
16,36069
5,49050
5,22633
8,29084
4,14020
8,44661
15,20020
12,35871
6,48259
17,31810
18,39909
20,42991
4,39523
7,24903
16,39442
15,30833
13,23637
14,36603
20,7857
2,47440
6,32036
2,16340
3,34622
15,4472
16,43303
6,18988
4,49123
14,41358
13,45250
14,41108
7,25395
14,19294
8,18204
5,288
10,29560
4,31181
20,43627
2,8169
2,4565
2,40160
14,20416
4,17653
15,10487
14,41878
14,29782
13,8529
20,14188
18,878
19,20476
12,48776
20,20824
4,14041
5,20641
17,36538
16,32503
17,42938
14,49186
7,981
19,20122
7,31101
6,22915
9,14988
7,14029
7,44274
15,7890
20,3395
1,7849
1,11631
3,3493
18,29234
4,44084
10,2519
15,1947
3,44208
11,8040
9,28258
5,47888
20,33337
1,10789
10,16285
19,42039
16,33998
17,48295
16,42250
19,39115
6,3056
5,16969
16,11777
20,9507
1,44780
3,38519
8,44289
12,39912
18,42014
4,47499
11,15227
10,41721
9,16455
15,39160
20,34204
9,6297
8,15071
3,49773
3,25462
2,18441
16,26694
8,29493
9,21550
18,1336
12,33332
13,40705
10,22865
10,40065
4,17927
12,26220
20,32565
10,36039
4,2190
15,44900
16,33707
15,9391
4,22874
3,47263
18,11995
9,6806
3,29374
1,37802
12,22764
6,18900
15,14273
8,10240
4,14600
9,4981
19,3809
20,44970
18,45314
12,31268
17,485
16,25693
18,49272
3,47283
20,26056
1,43233
10,23603
10,28848
2,31638
15,49903
18,9365
16,16373
1,24558
16,19237
9,17087
9,19969
1,44206
20,16571
20,15980
8,6045
20,43106
4,34498
9,12342
14,43149
4,46998
5,37438
3,7323
8,11101
12,26227
7,6299
15,29745
7,44493
13,9978
19,4620
13,8809
2,48128
19,42226
18,13241
18,40254
12,31977
10,10826
15,5958
8,26819
18,4594
16,42011
18,15448
8,42060
12,19957
11,38179
20,33195
9,7738
18,1735
20,1679
5,25109
1,38368
16,48526
12,8669
14,35003
16,30863
2,3998
17,44151
16,44182
12,14699
8,27935
3,38723
17,40795
12,31549
13,1072
8,43678
9,10003
15,22499
16,36748
1,7075
12,33437
8,2376
6,20307
2,48208
8,3423
8,12974
10,19081
14,6130
5,20772
7,44767
4,5186
1,20950
10,8473
3,6802
12,9165
5,26371
13,6629
20,16454
3,33853
6,20783
6,12360
17,39480
20,3270
13,46461
6,47751
9,36898
10,48644
1,24874
3,31971
5,26936
17,26550
15,13351
13,24776
20,29370
11,35182
2,11143
4,17411
20,16410
17,23413
13,22876
5,45202
6,37386
13,37290
9,1049
15,3694
3,47724
1,6544
18,10876
12,5237
2,46042
17,6921
16,3753
1,49452
17,13163
20,21064
18,48218
8,19179
3,10877
19,19345
9,896
9,1146
13,41748
18,3459
6,41221
17,24644
13,30870
6,24986
13,2344
18,49135
3,7311
3,8994
13,192
16,34106
6,1421
11,9175
8,30209
7,29946
18,4125
4,37260
8,6030
8,18675
2,29560
7,31758
20,6735
3,24949
3,45340
6,43888
14,19875
2,2486
18,32531
6,27111
10,2583
2,41945
2,37010
20,12881
6,45022
6,32095
15,35578
14,26853
7,36854
15,40193
11,20012
11,24474
7,12189
14,33864
16,18628
5,33670
5,40782
7,23116
7,14530
5,32232
5,19387
15,14607
13,43147
2,36104
15,3947
5,9558
9,2310
14,43196
17,49842
4,21631
14,41369
18,1301
19,41642
8,17001
19,22381
5,3499
20,5313
20,44882
10,11138
19,48034
2,8492
16,4468
4,47008
18,37508
9,42615
19,42511
10,12156
10,28748
8,17480
5,25411
12,44404
15,30219
4,2992
6,34110
7,35348
19,13645
14,20499
15,39205
5,6041
2,33092
7,26069
16,277
6,47890
12,46526
1,16109
18,25795
5,2695
19,39471
8,41897
2,18360
13,13535
9,21608
18,40666
3,11929
13,46575
19,26517
6,29540
6,49137
18,42819
5,22525
16,1191
18,33702
13,10963
15,8851
18,38387
4,4687
19,23355
20,26033
20,613
20,46886
1,34216
14,33963
20,45009
9,21420
4,42856
6,28502
4,16314
13,26481
5,39207
6,48857
9,1727
13,5101
2,48483
3,45033
11,46432
9,4875
10,35864
20,43286
13,23159
19,41016
7,49249
4,42300
17,6937
7,22542
16,4129
1,21828
18,2240
14,5295
19,4545
8,37339
4,12003
4,10200
5,19338
3,14355
3,16528
6,2559
11,17165
19,118
16,41843
7,40404
19,27183
5,32737
15,46098
18,2352
5,1989
9,19012
2,8394
14,17132
12,31954
12,40183
17,15932
1,24885
3,13360
5,32555
17,44256
9,3565
8,859
8,19574
14,24404
13,30543
15,34932
5,36101
7,37313
12,36776
15,27935
15,33752
1,32225
9,15474
10,47852
17,25425
8,10793
14,11258
16,9923
2,305
18,13951
7,40585
15,28200
17,9762
18,46632
8,15946
13,3245
17,18305
18,49724
19,16639
15,23754
5,42043
6,19119
1,16168
19,4444
20,33562
7,4126
3,46037
18,4844
13,41550
11,37049
12,5947
5,7885
10,41512
8,28097
2,47182
13,16497
7,48393
17,13733
15,34411
5,2059
17,40306
18,11661
11,41120
17,43001
5,27982
5,41699
3,34541
16,47156
3,24883
16,494
18,46855
18,10722
14,44723
6,30170
18,2047
9,14603
20,32460
9,8966
2,38842
11,3523
5,31598
6,22383
8,20718
10,16814
15,10179
19,22335
7,27107
14,12727
15,8757
6,45613
2,7981
6,46323
3,21256
10,18697
16,28874
15,14789
6,5577
17,36204
17,18288
14,25531
2,44801
12,13052
7,27160
10,42581
11,49756
9,35855
4,12741
14,30457
20,10742
7,971
13,39889
11,9622
4,41779
18,37312
8,44862
11,2172
6,6592
11,24468
11,26592
10,13209
1,37291
7,27238
13,39430
17,2336
6,42429
2,17947
20,19342
11,20034
19,9527
8,19427
20,14098
7,31566
3,36158
9,44862
7,14482
6,30029
8,10341
9,36666
15,32573
9,9086
19,21332
7,15121
2,23439
19,16677
17,40741
18,1962
7,14906
3,36580
9,5016
20,41239
17,17810
12,2625
6,12350
11,33070
3,20327
13,3893
16,1443
13,10668
11,39997
4,19355
8,36628
7,42958
10,28522
20,27591
2,33361
19,25775
14,29762
19,1209
16,49464
7,41931
7,35841
9,30377
12,15138
20,29646
8,13101
17,18143
11,36221
17,23770
5,42835
17,40397
8,20145
8,35896
12,21123
10,44696
18,21689
8,692
4,26659
12,40785
3,38822
7,25552
10,25196
16,13730
7,21168
8,44628
6,31830
8,45308
16,32335
10,17875
5,26524
10,1177
11,31774
4,45049
9,1438
18,13405
10,28385
19,45006
20,49976
13,22016
10,14509
2,16312
10,30059
9,44822
15,49072
1,21943
14,43295
11,20469
19,25553
20,872
7,4498
13,19718
18,16406
1,44301
1,6594
19,24417
16,9299
12,10385
7,23897
14,6767
8,11233
3,19029
9,34305
18,40509
10,45325
13,42221
10,12133
20,1902
8,49949
15,5543
18,22092
15,7746
9,37188
13,48301
4,29012
7,41449
20,40452
14,47308
1,13631
17,11159
15,43474
18,12301
11,20789
10,39904
4,34865
13,42382
16,42986
1,33677
13,49129
10,4613
6,14144
1,2738
7,33194
9,16033
11,7845
6,43446
5,47359
10,17836
18,693
13,47150
5,28365
17,13063
6,5892
9,3281
6,33635
12,534
17,8889
10,35588
3,37700
13,44393
4,2182
13,27750
2,414
14,9998
20,48085
16,17090
12,7924
3,43359
17,25795
1,31357
5,6303
10,44471
13,18976
12,35285
12,2391
20,17333
3,16140
16,11524
13,11788
5,3877
4,15930
8,460
18,4338
20,34888
13,31731
8,3750
18,19663
19,14259
11,17998
6,40597
2,1746
7,26699
12,13770
13,39534
13,6927
10,26944
1,6788
12,41961
16,5735
9,43178
14,20211
12,19112
18,32901
16,329
3,17648
7,29459
18,39333
18,31747
12,37158
7,5865
1,2272
20,15018
17,38240
4,11042
9,37533
13,41132
16,34398
19,20675
6,42187
16,33379
1,28473
7,19764
12,17499
12,18006
5,46065
8,34729
20,28166
9,23705
17,44659
1,34542
12,32688
6,12079
5,43102
5,1978
5,49743
2,22237
6,1549
6,3552
19,15460
12,26877
10,23454
15,17730
19,22082
15,37422
18,35641
9,13556
2,23995
19,32976
18,36326
13,44929
14,33640
1,23333
9,32997
20,30762
19,11259
15,40492
17,31926
4,12804
15,30342
16,18176
10,13681
14,36424
11,26547
20,37378
17,17651
3,31858
15,16937
8,5761
9,35620
9,25944
5,4803
14,18878
7,7220
11,1003
12,13618
18,15102
3,48492
20,29011
10,25522
19,41952
16,8564
1,32086
16,7677
9,20169
16,34459
10,43486
20,47753
17,31439
15,40513
2,15343
7,38526
15,34751
18,49892
15,1613
3,25015
3,43222
17,12231
4,693
4,10995
12,20445
9,46499
1,6051
13,17042
3,4716
10,35937
14,33002
2,19196
18,32609
11,47487
15,14970
10,30272
14,6455
7,42791
3,38960
11,42010
2,12597
17,41988
11,30711
14,38204
15,43806
6,4876
1,15447
12,20734
6,12466
3,20357
20,49364
16,6369
9,45647
12,37763
4,670
13,30189
16,48876
17,41770
2,13846
17,12544
17,20887
19,34261
8,27984
7,48059
14,7388
13,8034
19,23750
19,21603
9,26141
10,41264
15,44965
11,30944
8,41802
9,34087
9,8318
8,15600
5,8756
10,18948
9,279
1,32614
7,37817
5,25890
1,7919
16,592
7,23310
7,6217
7,14451
3,23304
13,8484
15,4094
7,18813
3,43176
2,38327
11,40963
15,42375
19,29216
2,14086
17,19100
6,6530
14,20398
8,28270
7,27178
11,38234
20,5957
13,4466
19,33721
1,19437
18,24374
4,13007
17,46929
7,49404
1,15639
2,37938
6,35433
8,47501
7,8614
13,1745
9,43095
11,29715
6,7343
1,47512
5,48285
8,32796
3,38072
17,27010
20,44264
12,35384
1,10967
10,35785
19,19359
3,13553
5,11615
20,17715
6,16253
9,15569
9,12317
5,31154
17,1947
14,9028
10,4029
12,30852
7,44806
20,30746
3,25552
4,17106
18,29386
19,31584
5,9274
17,35166
13,28289
7,37895
18,42606
10,11212
2,32195
14,20334
2,5780
16,19988
2,49758
15,44072
20,12969
6,48546
15,32005
18,23567
14,19362
15,22319
4,31085
10,3313
6,9135
4,49223
16,42032
3,45567
19,46211
12,38154
11,42226
4,660
1,32693
3,9133
9,21544
14,30727
11,5009
3,9996
9,8361
19,14390
11,24388
20,34922
5,36534
4,903
5,34152
11,41886
12,27406
18,41068
16,29832
1,6521
17,31744
19,7000
15,38614
14,39156
20,18139
11,14304
9,43487
6,13932
11,23228
16,5147
18,48952
5,47582
3,35086
15,48702
14,489
9,40617
9,23474
6,20555
14,48012
5,43134
3,13985
6,30254
5,11586
5,42645
4,19005
12,10001
9,49943
3,8092
9,47640
14,8161
6,42259
4,6188
9,49280
8,45776
10,22003
1,29722
6,10007
11,8446
4,26083
10,34515
1,45905
2,45355
5,28860
8,11054
11,22522
5,14736
12,13125
16,39970
8,9425
19,9340
18,47305
3,26437
15,49465
10,35215
17,22197
11,28776
1,37921
11,14748
19,2128
17,42773
11,22430
7,1818
15,5462
19,32679
2,8187
4,25052
15,9853
19,18478
10,38777
16,19139
12,25868
6,18594
19,19666
18,23156
1,37495
16,12469
20,9444
14,237
16,36170
14,24375
3,28487
3,22822
19,36067
15,21007
7,43621
8,41571
17,20768
8,1569
20,48686
14,13400
20,8436
11,10742
14,33462
18,30533
2,18673
11,3117
15,22684
14,35997
19,12597
5,15676
5,5427
8,2685
16,39084
18,16401
20,38165
4,21343
3,33034
19,5683
14,19856
9,13866
9,47738
12,43363
14,25859
19,17506
5,19766
20,42510
2,24905
10,43075
3,5636
5,25073
7,30247
20,14678
7,42679
10,28045
2,4045
16,32560
9,46586
3,17432
18,21798
15,24719
8,16157
7,49075
16,43741
2,12007
7,23916
10,43813
6,29453
15,14170
15,22670
11,31853
18,30162
6,21890
17,6694
10,5901
10,12751
7,29022
5,44581
12,26916
1,10437
15,13451
5,213
17,7072
5,37278
16,3550
14,38249
16,17079
16,28969
20,19061
19,23220
9,13091
4,21353
1,42949
3,30804
14,6070
17,19647
2,24041
2,39834
7,25801
16,49707
5,41399
5,10913
16,3877
11,39400
3,36017
18,8675
5,22513
1,26233
5,18570
17,16784
6,9191
15,38949
2,18351
8,39397
7,32804
4,17440
20,48252
19,9814
9,1734
12,9634
15,34023
20,30115
5,37278
17,46906
14,17631
5,16371
14,8475
2,6402
19,7815
2,2436
2,5450
11,26056
20,46164
17,21963
20,14981
5,6118
5,28446
8,35170
11,31965
10,9199
15,19561
19,24156
15,15168
8,49429
14,21560
18,49514
16,44928
19,36251
4,27011
19,18793
20,46995
14,29594
15,28236
8,32014
15,36666
16,24601
7,33870
19,41499
9,15124
12,46281
19,22347
10,49527
18,25838
13,26348
9,1584
15,31139
8,45489
9,14490
20,17931
8,24756
1,43156
18,22620
2,2754
6,32630
8,29219
16,20284
20,49720
1,26928
4,11548
11,5715
1,48663
14,40452
4,40812
20,31240
1,7691
14,6165
3,35520
6,47716
15,30925
10,20591
3,41296
1,2996
3,33538
18,46676
3,39546
9,31781
4,3808
6,23915
18,10387
3,32391
1,9530
20,38858
13,31154
9,21778
6,39834
9,4435
19,25321
9,16750
10,47504
16,23216
4,11183
6,39569
19,30506
2,45865
8,5327
3,14968
14,31589
8,25467
15,43335
9,21336
20,32890
5,33536
14,1507
2,5455
3,33337
16,22528
2,12526
15,33852
9,37986
15,25586
2,36895
6,37548
20,33130
13,41250
1,18392
11,44938
17,9048
15,46510
9,8476
3,16988
17,34721
5,14806
5,16991
6,40546
4,35135
14,6385
6,32397
20,13313
16,46611
19,18245
13,16527
17,23612
4,23856
1,1565
9,25087
19,21800
3,16839
3,5951
4,43346
1,12847
10,47791
13,30921
19,44001
12,524
7,40526
11,9337
5,21200
15,49723
12,27380
11,2269
15,42407
15,39587
1,3742
9,3556
18,29280
14,11392
17,35978
8,13760
18,12443
6,41464
19,10931
15,37930
13,16540
17,19157
9,4322
1,15765
5,22222
5,17566
17,37937
4,38790
10,38411
17,39376
1,45492
11,48007
12,49990
7,35126
4,34461
8,21445
5,33638
19,8328
14,34268
15,31381
3,17351
5,25912
3,1892
6,12315
7,18523
19,31291
4,46998
7,5600
16,13850
17,15484
3,48592
8,48929
5,7685
14,26018
1,16801
18,8101
15,17464
14,25991
7,31989
5,1199
14,32257
13,32608
7,4715
16,31178
9,7230
12,30418
12,8270
8,8935
9,9471
8,23528
11,14614
12,224
3,22773
5,18109
12,31903
2,37268
18,7025
4,34263
17,33637
20,8659
16,8560
10,37476
16,26229
10,39100
10,37051
3,38148
16,5093
15,6576
18,25050
7,44286
13,27245
18,10789
10,28117
15,10094
15,24973
12,41431
16,30762
15,41296
4,35068
1,38584
5,22287
20,2658
17,48545
15,22544
1,19296
6,10528
17,4683
10,13380
13,42286
16,10581
4,47930
15,33672
5,28198
9,27671
17,23007
8,37070
16,47679
3,10131
18,26574
6,23201
18,41932
19,20791
14,11511
10,19094
3,13191
7,36051
8,30041
3,21745
4,39535
13,43760
9,43389
1,8110
7,31483
8,37570
12,15651
8,6130
17,49522
4,1657
13,30130
11,39533
16,24302
13,41491
15,4629
8,43900
2,11380
8,24551
5,4302
14,11116
20,36771
9,19882
19,47621
19,20447
3,6681
7,22253
19,41556
14,45442
15,44656
16,43508
3,2282
1,28265
15,42803
11,34446
4,31852
14,43206
19,20388
2,1906
2,38561
16,10734
1,48015
20,48580
13,34651
4,3834
8,4989
19,35619
17,22346
16,45465
1,20951
9,29520
1,19450
5,47682
17,24095
15,41884
18,3864
18,16276
13,39550
7,33482
9,42605
16,24165
11,30409
19,17316
3,25815
16,40571
14,28263
6,1268
12,39946
17,7243
9,20986
19,15219
11,6157
18,36572
2,16403
6,48149
13,2178
12,4944
16,47089
9,18198
9,16753
3,26979
4,1051
12,7143
16,29042
12,20391
9,14980
7,44664
19,24887
15,43985
6,25823
7,31436
7,1281
20,46532
15,13442
3,7309
12,26315
7,38955
12,46634
17,40842
20,39008
6,11527
2,18969
19,19612
1,23565
16,11486
4,2103
2,37304
9,13606
14,22025
12,37040
1,20206
6,49893
13,23815
19,14368
19,19228
3,5875
4,16771
18,43138
11,43052
1,27068
15,46777
3,45386
4,5018
2,153
9,155
18,20273
8,37175
4,42088
20,48248
4,48659
9,4209
1,30623
11,42496
18,35657
10,1167
20,8964
13,33532
1,4011
3,3304
14,5056
17,2840
1,44333
14,46134
11,38496
18,38649
7,3694
14,21929
8,5006
17,15745
3,10095
17,9405
2,3917
6,5685
3,10009
13,23329
9,32711
17,19880
13,10580
18,11679
1,14856
3,17062
6,2946
15,11162
12,11583
11,16533
10,36963
19,18052
4,20567
8,2118
3,19832
15,38139
13,576
4,47635
14,40851
13,9186
12,33528
15,44732
2,36927
9,18065
4,13713
15,7497
3,35585
20,25817
2,27693
4,845
17,14558
4,11343
16,6868
13,40791
10,25594
1,37892
7,46199
19,14144
1,15142
10,4407
11,5697
19,25689
3,1363
15,22320
14,21584
6,29277
19,45947
1,16594
13,4522
5,533
13,37288
7,28130
15,16020
16,17136
14,13539
6,44628
16,7896
6,7602
5,33038
6,6315
14,47623
18,2639
17,21967
18,5148
20,21294
19,5026
14,103
5,46463
12,20104
12,11151
4,44101
6,30196
1,43366
14,40671
20,1766
17,15375
19,33199
7,30166
11,26553
3,27211
9,1929
5,2332
17,5249
2,27835
15,43018
20,5201
7,23453
15,46532
18,48353
20,11709
5,38593
2,46488
4,45900
9,18379
9,29389
2,27032
18,24601
3,20513
10,11220
2,13383
1,15653
11,13783
16,32021
18,22280
6,42968
3,18450
19,3491
1,872
4,21435
19,31877
11,30478
14,37914
17,37612
4,20616
19,10642
19,14507
10,7686
13,20241
13,19856
12,22562
20,930
2,1777
7,25806
10,20531
4,21204
3,13627
15,8924
6,1876
1,48818
10,44326
2,23209
11,12584
6,42427
17,38105
11,10986
6,2167
9,43900
5,17873
6,49027
14,34681
5,41648
18,20066
20,1266
11,23288
1,49411
18,10155
12,36694
14,905
9,38125
20,2038
18,7601
20,6568
11,31237
5,7019
11,23520
9,20041
5,19946
13,36938
9,3951
11,10314
2,25660
7,41286
14,35623
20,39222
3,27355
18,27196
8,17151
11,43685
7,18471
16,46205
8,13747
13,34316
17,5492
16,28990
9,19294
10,31847
10,18702
3,32329
13,3273
11,44817
6,11617
20,27622
18,10001
19,23735
18,6101
12,19820
8,6432
2,6352
12,21226
20,35289
2,27660
10,21060
19,49339
9,35804
13,28027
1,44022
17,40177
20,37737
9,9980
13,4111
7,41386
10,17549
16,10395
19,8194
5,29856
17,25555
17,1378
19,15512
16,3717
15,8537
7,15988
12,44173
3,10965
8,8324
13,1504
9,23724
15,18089
5,18107
11,41250
6,21016
1,21742
13,47565
6,26125
9,12230
17,41282
8,10338
16,20172
6,42805
6,30598
4,3092
9,28181
20,12160
12,5872
10,6871
10,17125
15,34639
10,27629
5,35985
10,12349
5,10886
8,27607
9,30847
12,15071
1,14570
2,48476
19,47754
9,40311
4,3594
1,7413
5,37620
18,49176
1,9436
20,48894
8,2576
10,6618
18,25333
7,25340
17,48743
2,10105
9,48844
18,26986
12,35175
3,14619
16,2678
7,9082
4,36795
1,32336
7,8816
14,12015
9,32827
8,940
2,49827
10,26406
12,35897
18,2687
17,11415
9,33581
3,8971
10,19464
16,15743
5,42164
16,11831
3,43026
14,33543
8,3765
4,43636
19,36166
14,48179
8,23031
18,20729
3,6088
20,38130
3,13024
17,17956
9,45931
3,47567
2,504
18,7474
13,30093
12,22014
12,44428
13,22565
5,1998
12,42787
18,48304
10,30989
2,42717
1,8826
17,45388
7,3093
15,22278
2,11024
13,35572
20,8460
4,24905
2,43881
10,27299
5,42211
1,38531
14,36507
3,30389
14,1877
11,18087
1,38838
5,10531
14,25534
20,48863
2,22852
14,21610
19,45045
4,40489
18,3075
11,46692
5,44169
16,18989
7,24984
9,9889
15,22834
10,47205
12,14112
5,20263
17,13895
17,48924
12,43354
8,45204
18,10256
14,2572
14,10822
3,17797
8,7802
19,38808
14,17209
17,37427
19,345
20,35133
18,1170
9,48932
8,25479
19,3898
10,3505
4,6957
2,20832
4,1203
9,28608
10,8104
10,9831
8,28844
14,26772
18,37823
11,8441
16,13241
19,44077
17,23112
14,31337
19,23391
19,40560
18,21316
3,32017
12,45953
10,41188
6,31428
17,18521
17,17622
19,23123
9,18466
12,19627
17,22082
11,49458
15,4632
13,19968
19,3161
19,18773
18,47709
20,24916
12,2773
17,9066
9,25691
4,21887
2,16718
8,45717
20,41609
8,12681
8,1879
14,18318
17,32258
2,25364
15,149
4,45400
17,3076
19,48877
16,44379
12,34196
9,24138
15,38164
8,23874
3,24878
9,32364
4,49752
4,33518
5,23506
6,7194
17,48403
6,23559
13,20475
11,10730
6,4742
15,22213
9,13272
18,25212
7,38686
19,44217
12,8302
3,35744
20,23099
6,24379
8,36332
3,46681
16,6016
2,31681
1,8257
15,8080
14,44577
15,1210
19,7101
10,36722
7,2803
7,4701
2,32092
16,19044
18,47206
2,6795
14,40522
20,26678
13,26851
2,37248
9,10789
5,46764
13,29654
6,29732
3,46052
3,42377
10,29671
15,29521
4,29439
16,28431
19,4223
1,44904
12,34144
1,27702
2,12542
6,27137
11,165
3,39812
5,46606
15,46581
9,42296
14,38856
19,15357
14,25770
11,30348
12,46213
19,3928
20,14536
12,26321
6,21124
6,9442
10,16720
1,41843
20,30844
9,8890
14,44296
3,36288
14,12152
8,10070
10,13753
14,31767
17,32315
4,2299
5,2149
8,6695
4,7609
13,37899
1,14177
4,4688
8,9540
20,40025
20,33901
8,42046
12,35071
9,29506
17,15285
14,8777
8,13904
6,3664
18,6662
7,13228
20,17158
7,39732
16,45557
7,31509
9,23916
9,35750
2,43296
8,818
16,24793
4,46002
1,21586
2,31483
11,23351
8,44484
19,41501
13,19634
4,1142
11,28337
18,2735
10,17578
9,42259
7,26373
7,42299
15,23246
19,4907
5,16628
13,19234
15,14937
2,33618
19,13490
10,10132
10,7686
1,35853
2,41679
8,19339
3,41769
14,10199
17,44620
4,21230
17,41427
13,28892
19,14467
20,27765
17,28734
2,1946
11,26870
12,28924
9,42662
12,24921
11,45454
16,4411
14,34120
12,25158
10,29923
20,48580
8,16592
12,15282
16,25823
7,11374
10,1064
1,24957
16,48399
11,29019
10,4698
16,384
8,15420
13,23379
9,40694
17,36962
13,48174
4,20333
6,25159
20,25343
5,49995
7,41668
20,4161
18,33921
19,23440
12,45664
5,25789
18,39334
4,16500
12,31917
19,36464
12,12052
17,14303
2,5981
20,29262
9,18291
3,45442
7,48351
7,47148
20,35637
12,49910
1,28752
7,5233
13,15045
13,29856
6,31631
17,17978
3,9680
10,39560
14,49532
16,6977
18,6660
2,7702
17,2463
20,42079
16,7226
7,14107
8,18685
6,23071
17,37983
16,18915
15,17770
6,46703
14,28577
10,31746
5,33802
8,21804
13,45101
12,24884
14,45520
3,26141
12,1005
7,12503
15,20624
1,15146
9,27953
10,41519
20,12999
10,26786
8,24031
6,10285
14,22693
2,36334
17,26762
3,32023
3,23049
12,34361
12,17236
19,10200
14,998
6,31133
19,42065
4,38228
18,40714
13,46088
10,25979
5,41083
12,3893
7,13687
3,16977
3,35443
13,25708
9,34323
13,28613
5,12873
2,46484
15,16484
15,801
17,37901
20,34060
17,30933
14,13714
1,39192
3,23248
4,44192
12,16091
20,33631
1,34276
12,10078
19,33217
12,29016
16,24642
4,41314
4,33001
19,21624
16,20661
20,18737
18,17538
1,366
12,29815
18,16522
17,29409
10,23193
2,2460
20,21948
17,30807
19,35110
17,32217
13,38615
7,38752
13,42425
11,25716
10,21083
13,28605
13,44270
7,23981
19,45627
6,47766
4,43335
16,3747
5,1589
8,48145
3,11919
3,13500
14,3853
8,40102
6,15507
14,23358
9,31861
7,25436
15,13499
5,44079
4,26016
11,9139
1,207
12,40271
1,15588
4,11461
4,4374
9,9543
7,41216
3,32533
3,15910
9,929
12,42899
9,179
3,38445
11,38563
1,11733
12,33233
18,43792
2,20752
20,3524
11,26379
13,10694
17,7528
6,44070
5,49346
12,35539
12,40746
18,35808
12,10931
5,4483
6,16505
9,27753
20,39228
17,25265
16,34883
18,4496
16,2862
14,26974
10,30122
19,23667
15,13781
5,31893
11,37521
17,19646
2,48698
17,26836
2,37058
3,24495
12,24162
7,19272
6,28240
10,46019
14,24822
14,30612
5,16751
12,4340
11,46214
1,19729
17,36011
12,766
14,5529
12,47608
11,34181
3,32292
8,677
9,186
17,26942
9,5062
9,403
6,43603
4,19697
9,28874
7,24489
8,389
19,28981
16,18498
3,3566
6,18274
11,43966
9,29796
20,28774
8,26851
4,8315
9,43000
5,122
9,17428
4,36677
18,10069
6,29049
2,19224
5,12757
16,26565
12,18136
15,7581
17,39144
4,27477
11,49618
6,30597
8,31289
10,10400
14,4080
8,36309
5,23116
20,16471
15,18983
2,31885
15,22818
12,24398
11,35916
1,49343
20,7766
12,9070
5,34376
3,37055
10,15424
8,14474
18,10442
16,16644
9,2423
4,16445
9,35016
1,26173
18,23600
13,27935
7,10248
7,41246
8,7355
9,20198
13,34179
15,31725
11,3875
8,17225
6,40695
19,37016
12,38650
2,31564
20,17954
9,9489
15,6365
16,34555
12,46138
14,6016
12,21808
3,35135
14,27644
17,23515
16,21311
5,39732
2,44022
7,26726
17,15502
9,44185
6,45082
14,37456
14,41045
16,28945
3,20863
19,31038
16,23415
9,10499
13,34240
19,36808
12,28247
13,45030
13,26898
3,21680
20,12283
4,35197
18,44520
19,5016
19,29221
15,13834
10,43801
11,22834
4,44869
9,49065
2,19249
11,24017
5,31350
2,38942
11,39303
18,21021
2,27540
14,48937
3,48477
19,20346
10,14896
20,21485
6,21363
15,9231
10,3508
12,47343
6,26130
2,36890
1,7079
2,34830
5,3012
7,48084
15,16333
14,21683
7,34850
9,25905
5,40818
7,31808
16,48463
9,39398
15,18851
14,34530
17,3867
7,4857
14,44331
11,30827
13,30443
19,33881
12,19930
4,16410
9,43384
12,34502
17,49853
19,35199
12,30537
7,15485
1,31226
13,28884
18,45827
12,36068
18,31364
3,34335
5,12234
10,37739
13,11250
19,41862
16,6288
3,9995
6,2942
15,45716
17,34812
5,45240
9,24027
20,20983
16,35648
12,42967
13,10041
4,35362
12,47301
11,3678
2,40971
6,27489
11,23731
13,41570
6,16031
14,6202
16,26393
9,18627
9,41673
14,4858
16,3256
16,20067
16,46716
6,12753
14,18482
5,13846
13,45309
6,35766
7,29595
20,21878
13,42272
12,27922
18,1034
6,19260
2,12026
1,10009
8,34366
10,7319
14,31410
3,44943
17,12857
13,29366
6,16006
12,7428
16,37624
8,22577
16,47004
2,46882
8,34595
5,11234
17,24360
12,39964
11,28953
9,31489
3,39986
16,10390
8,26918
13,47403
16,39893
14,24292
13,44274
6,10480
15,9501
19,24639
5,8447
2,3581
12,1271
16,38083
18,9431
7,33502
11,4002
4,15604
2,15469
20,27234
12,4100
1,7710
14,9385
18,30773
11,1679
17,47428
6,8536
11,37981
12,45635
3,35911
16,26688
19,1581
1,31792
7,49143
14,47738
9,46990
15,11109
3,44949
7,3440
11,30029
10,30019
6,19890
9,27396
11,24567
2,8902
4,26912
5,34951
14,32206
17,2061
5,16981
14,48453
6,32131
13,44285
9,33338
19,24870
1,41857
2,19064
12,15223
15,6140
19,28122
3,2184
10,46636
15,35132
7,38141
14,9469
11,4225
5,5201
5,36238
5,31691
1,41658
6,47310
14,32869
8,18805
12,46032
3,48138
19,36451
16,34972
16,11564
6,39892
11,48134
13,20899
13,36346
4,4392
19,33288
3,46669
5,3269
20,19467
12,41769
9,25887
13,32860
15,19537
5,9671
15,21448
6,23517
15,19018
1,25485
11,37192
3,10851
6,5103
10,2527
2,10714
17,40235
16,41784
5,8639
12,13914
11,37493
18,36750
6,727
18,8893
2,25569
9,6022
4,457
11,13097
4,49710
3,15842
9,20056
19,46062
9,13243
4,9108
9,17475
18,6699
16,45062
1,40702
19,17692
16,204
14,31691
11,47317
11,30308
19,8505
20,35430
6,38695
16,11055
15,28683
19,18141
12,6612
17,44782
6,38589
6,16991
13,45685
19,3981
3,34549
3,9931
17,27249
16,27299
8,11847
20,43470
15,48420
6,214
8,4135
5,19044
14,41745
15,11788
13,45218
19,48195
3,8526
19,6311
4,21596
3,41577
16,14153
12,23394
14,43541
2,47859
11,35787
3,44161
6,48010
1,19624
16,30292
10,36212
1,33288
17,38897
1,20767
13,32181
8,22257
12,19094
6,12614
19,49679
14,22313
20,17197
8,2487
16,16032
4,30196
4,35694
10,44466
19,831
20,15365
20,5469
14,831
14,27807
12,25344
8,34052
4,3255
7,29318
3,33686
17,40514
2,2846
1,5577
19,1588
15,1195
7,43730
1,47610
7,18221
17,720
4,44764
16,36168
2,45843
8,35590
18,4862
10,37583
13,4174
7,10998
20,20457
9,27493
5,26286
13,47803
13,22258
8,26494
9,35327
7,45197
4,18064
10,49946
17,33146
16,21132
12,32115
7,31319
11,37495
1,24836
4,5844
14,22032
19,44688
7,19691
17,38662
1,30891
1,47737
2,2396
4,26182
9,1753
7,7460
6,34068
3,41819
10,13296
6,49454
3,22704
17,37361
8,46136
11,35154
7,13922
19,31267
13,49132
13,35728
8,3850
18,44932
4,13708
6,5736
13,45521
10,42549
13,853
11,42882
20,431
6,47950
10,40011
2,6913
13,40336
12,4549
4,36387
16,7731
15,31154
5,7526
6,18791
4,31784
2,18510
5,39772
5,13420
4,16481
2,19644
18,12761
3,502
17,35880
13,3924
9,22496
19,16603
18,49682
20,39464
16,34742
18,18570
4,36654
16,26209
4,14870
17,8337
20,35054
7,46646
6,8827
10,17696
12,4957
3,24337
11,1339
1,24650
13,30398
18,17898
5,1235
12,7390
19,14441
10,37161
17,5704
18,4324
3,42310
14,37394
18,34852
6,6286
16,1100
1,36782
5,12617
11,4432
17,33777
4,23415
14,42159
6,7513
6,1062
13,39065
16,28989
8,28304
10,17665
14,24328
5,15615
13,24751
17,40262
1,33534
19,42072
4,1530
14,20191
11,21939
6,29349
1,6253
6,4114
17,305
17,37074
6,24954
9,31552
16,16123
14,11991
1,32135
1,14457
2,26897
12,26157
8,42550
12,19154
16,44088
5,24796
7,3395
6,43939
7,30385
16,42083
4,13276
13,13538
4,43644
8,49019
18,31416
1,26973
9,42212
5,3730
1,42625
12,45364
8,39780
9,19169
2,17614
18,4051
15,33776
4,47055
4,40767
10,21003
20,19426
1,25368
11,17521
8,47378
10,29019
5,21673
1,277
8,41854
18,15046
20,43008
16,32677
9,4102
14,49997
11,2045
11,40425
3,10108
11,31457
5,3824
5,47453
8,47257
4,1954
10,36976
13,45950
20,513
13,11238
19,23809
12,21897
13,551
12,8907
2,2605
10,8282
3,15823
20,32482
16,2633
19,34016
7,8126
6,29525
17,26950
18,32004
15,8916
13,7212
10,20111
14,34656
4,3656
19,31686
19,33545
1,17586
8,6019
7,4014
14,32784
8,27693
12,39346
2,2333
19,29795
18,6800
15,10065
12,16361
19,22963
20,786
5,27636
14,34179
15,49406
1,47350
2,28258
10,8286
6,8049
9,17111
6,23400
12,22812
14,10156
18,454
20,23917
19,436
14,23641
13,34949
6,27895
15,5903
11,23297
11,47564
1,8762
16,40178
10,28744
10,41245
4,16607
16,2480
18,44659
17,10080
14,48172
7,16694
4,13461
6,5917
19,11302
17,11055
14,3651
18,27672
6,25109
3,47194
15,2218
4,6617
18,18142
16,48977
5,4707
20,47167
20,12638
6,22159
13,10753
18,29518
10,36737
19,21837
12,28774
20,17861
13,4633
12,13950
11,1562
11,20903
16,30022
15,3391
8,34280
20,22643
12,32348
1,12851
17,39550
15,11560
4,14741
5,10839
12,44660
16,27342
16,17398
10,3197
1,45656
11,46706
10,22139
16,13968
12,14783
6,18453
11,21182
1,16653
13,12965
3,19701
16,31238
4,38316
12,15972
17,43909
12,2454
17,12064
1,3331
2,12606
20,28651
14,7908
15,29487
20,18506
10,39664
8,44265
9,26555
5,13033
12,33875
9,21041
15,15130
17,16392
11,45796
5,17100
9,21584
1,43158
2,43075
19,19807
14,24049
12,9715
20,25948
20,4434
12,21919
3,34544
7,12682
10,42456
13,27792
16,42025
15,33475
9,34464
19,18388
2,2987
12,48262
19,47598
20,11037
1,37317
13,31893
14,23967
7,11570
3,33671
6,20975
19,28149
15,1090
5,31961
7,28316
3,43609
13,22898
1,23164
13,37539
14,39056
20,1512
9,45971
14,18589
15,33022
5,37024
11,4997
17,37294
18,43038
8,6387
15,18418
7,48656
3,43267
14,231
9,15558
15,8423
11,49312
8,47300
2,21911
1,17203
12,18503
20,8043
14,26789
9,39923
16,23015
10,2853
20,48326
17,18407
3,31688
11,21424
14,24612
11,2017
15,24917
14,22022
15,20982
20,2655
3,2421
10,2390
10,803
10,14982
8,23220
14,15748
15,33198
18,35069
4,27173
5,28902
6,29504
12,22923
5,8187
4,13122
17,34734
1,121
11,39935
19,32853
12,27794
9,4343
8,1935
7,29448
11,15749
18,8035
3,24349
20,45745
5,13114
13,21253
2,13943
1,41047
4,32455
9,47889
20,30288
12,12564
9,34977
19,28865
8,42580
19,6322
16,4790
6,29374
13,30703
6,13984
5,5738
20,35852
5,9161
9,18082
13,49785
17,25904
14,22217
14,12048
11,35666
13,3985
11,19283
13,48290
3,22919
3,24217
5,45430
14,38312
11,21054
3,20386
10,19210
10,12885
7,16279
5,18264
10,39444
20,42436
16,46386
10,47225
14,38369
13,43082
16,44154
15,29293
16,12674
1,2800
4,25454
3,43676
12,48840
7,26367
14,44461
3,27796
11,30684
13,6108
18,33620
8,24861
14,24506
10,48489
4,37021
5,40542
6,15108
19,44412
5,1725
2,40999
19,36227
17,5126
8,11517
19,28833
16,15775
12,40494
17,40842
11,37747
9,28514
4,17938
11,24781
17,6634
12,35727
10,46542
10,25636
10,26217
18,23673
5,38834
4,3167
6,21345
2,45985
5,15367
9,38252
10,34031
10,17001
14,32452
4,34157
7,42965
17,22440
2,6300
3,18033
3,39989
5,41808
1,47898
1,19177
11,45239
16,20799
8,44776
13,8785
11,24082
20,22868
18,28300
9,43239
4,31200
7,8661
1,18451
10,39994
9,21604
10,48775
6,13813
3,5206
2,10189
15,8950
7,44122
1,34504
1,41933
9,4576
1,40885
5,10838
18,17872
15,36563
1,37242
18,36778
7,22570
14,7920
11,34046
13,21508
5,7770
3,4093
2,8099
10,16215
17,19715
1,7745
7,9299
15,33775
10,12426
3,25998
13,21291
8,40493
13,17507
2,46965
13,23912
4,35690
7,19443
3,22233
17,25486
5,14964
13,34051
17,39321
20,3734
8,15895
9,26065
18,15532
13,43782
19,1829
19,15903
1,31109
17,19041
8,2080
3,41302
10,6736
2,21883
7,47466
8,35113
4,32982
12,25791
20,2683
15,12599
13,20860
13,37621
16,7319
3,11074
10,13409
4,12179
17,47584
14,37670
9,34084
15,8752
2,16912
7,47207
15,40301
7,24108
15,35696
1,34861
7,43502
7,29351
14,31372
7,40738
20,33808
8,38168
11,5660
17,47315
5,16616
17,45734
20,25839
20,12051
16,34237
11,576
7,26542
14,19101
16,14468
4,36636
8,28135
13,44605
15,12102
5,3448
7,12192
13,14505
1,6775
12,19663
10,10504
5,16667
5,13239
8,2679
8,19910
11,10907
17,14319
1,25657
4,7577
16,14418
19,17091
4,7001
7,30666
18,4966
13,10139
18,33973
10,48525
13,4691
14,38137
19,42808
16,25500
3,24240
7,27727
5,31750
12,9660
17,35147
20,39369
5,3253
18,14225
9,12607
7,42122
18,9821
8,23907
5,37951
13,14677
16,47107
11,25062
19,18248
15,9363
20,14254
7,17044
17,35902
14,3983
9,14966
3,10383
7,45070
3,42563
13,37419
18,7668
17,44970
20,38164
19,4489
18,9622
5,46737
9,1388
12,40605
14,22348
14,37188
13,20733
2,24854
10,43945
15,31321
19,41380
8,28664
18,5980
17,45253
20,3944
18,17440
20,5174
15,43008
7,24126
20,45411
9,12919
13,16439
2,30467
7,38978
10,1322
6,23403
1,20278
17,48531
19,26648
2,35335
12,40558
20,1122
17,30698
4,30262
11,35158
1,6763
15,4399
14,43780
4,2569
1,24114
7,3452
3,13296
7,38866
11,38665
16,30403
2,11586
10,23023
14,31807
14,41043
5,8212
1,45594
15,22841
16,31754
13,7295
16,38401
18,39015
14,48620
10,16550
20,30514
4,47706
14,17225
17,35064
19,47680
12,22566
19,33270
16,28188
11,2392
7,38277
15,30012
14,24882
2,31398
6,35250
18,40289
12,49998
19,30274
1,4244
8,49062
11,26325
11,42402
6,38151
1,24639
19,31847
9,30894
4,10932
12,43438
1,10554
13,33044
14,19608
17,31057
9,15227
1,20476
7,17986
2,41056
13,1753
17,42686
15,745
12,29636
17,18683
4,17575
16,29053
14,24875
13,16604
16,10267
7,8985
6,47288
10,35320
18,49108
9,17067
13,3989
10,15426
7,9489
19,18069
13,23718
14,41148
17,27246
13,13781
18,15221
9,36823
2,28043
17,18570
9,1171
12,44774
7,47218
10,27453
11,32930
1,11005
4,9212
4,47712
12,20234
7,5522
1,39589
9,3053
12,47168
6,27864
18,7592
2,29019
16,31608
9,11547
17,49764
13,43752
19,25193
11,27728
1,33476
14,46456
11,10614
2,47502
18,20737
14,14319
9,31322
19,37829
9,17927
15,24699
18,43369
10,27791
12,15025
6,26190
17,34346
8,7936
17,18096
20,19761
17,30778
20,28881
15,44102
15,38928
7,46012
18,35831
12,34345
16,25003
14,34833
3,3681
18,34188
15,33896
7,36586
3,7995
5,23462
1,6720
2,24491
8,2789
10,8900
18,41959
5,2593
10,12455
7,32579
18,49974
17,4572
6,5432
10,35950
13,42869
16,15200
18,10991
1,20990
11,21308
8,2830
18,8082
14,45150
13,47828
14,29163
2,3508
10,10217
9,49641
18,22917
2,48459
3,10861
16,46713
13,16004
1,19140
11,49043
11,31050
1,8564
1,720
6,10154
14,41446
6,1236
16,38983
16,28710
3,18353
18,45227
11,15203
5,15290
1,40519
12,23007
1,45152
13,3890
14,32353
9,9777
2,31731
6,47822
20,13707
7,9364
10,14298
15,48233
3,16171
14,36435
3,17601
11,294
15,40904
4,46158
13,1355
2,42074
11,41729
15,13535
9,46902
15,778
5,14691
5,48740
6,16523
14,31164
19,22113
20,36086
11,46652
8,18474
18,13799
19,6736
20,49491
20,15731
13,34968
10,15929
16,18147
7,14532
7,17803
19,41706
14,14522
12,26381
9,27551
9,18515
13,47335
17,42620
11,6478
18,1821
11,33080
10,17929
3,43365
5,24981
20,25691
6,33291
16,28402
17,7459
13,47757
14,31922
4,44557
17,17200
14,38931
6,49498
11,41852
6,35995
6,31671
14,43386
10,17768
20,29362
1,21757
19,20729
15,48542
8,7947
14,20711
3,45007
14,34602
11,24391
7,42507
10,22651
15,25379
2,41156
15,22940
1,49830
7,8084
15,20667
12,35578
17,30308
17,34655
19,9976
9,44466
7,41503
5,21061
6,32610
9,16510
2,39781
11,20507
12,9278
2,48233
6,35247
16,20022
16,36989
9,28298
17,19731
16,47944
10,49369
8,31950
12,3232
8,11283
8,40481
7,7144
19,22343
5,15589
15,33472
13,42050
1,20911
20,44529
9,31412
7,10609
17,23330
17,1158
4,36964
5,19140
1,49622
5,28131
9,42502
10,20491
3,32825
17,32713
5,9680
7,36853
14,6141
12,18977
11,46113
11,9722
18,47316
2,40272
12,24806
10,2882
7,16983
1,2491
2,48506
15,21871
12,32430
17,36399
17,47787
12,6687
18,23437
9,14695
16,31156
14,24026
13,35786
7,7783
3,1751
9,36622
3,29000
20,15394
1,24334
3,9352
11,48353
8,42257
13,17842
8,18601
15,43156
13,49864
19,20423
14,23829
18,25559
16,4081
20,36437
7,8268
15,16289
2,31160
13,14320
11,29820
9,3573
9,29736
3,29187
8,22207
8,22615
14,16697
19,33203
19,34945
5,40617
2,35018
16,40033
16,20846
5,35572
15,43216
13,36011
19,9805
18,22807
3,30952
3,27759
10,2751
3,24959
3,30224
1,47209
10,28634
16,20185
3,38365
11,34667
12,20004
17,25940
20,43187
4,2483
20,19107
7,19500
4,20467
11,21514
13,32178
10,17137
17,9841
20,7160
9,2643
13,46068
8,20282
13,11823
4,28018
5,860
11,49964
11,17979
8,43034
8,11669
17,21490
10,27500
4,7273
3,21965
11,37949
9,16168
9,41783
2,38937
12,34618
19,14960
5,34935
15,15449
4,14531
1,48114
14,4315
3,38168
12,23915
20,7510
19,17877
15,24887
14,41717
7,35540
18,42301
19,17180
7,45045
17,20348
6,38717
18,35101
18,17763
14,35712
16,45268
17,22407
9,41694
8,41798
8,44931
5,22030
4,37764
5,39298
7,3787
11,8564
16,25944
14,35939
16,1328
7,48728
3,25967
11,8099
8,32126
16,43581
10,26500
2,28958
5,33810
5,29409
15,46132
12,35443
6,28170
7,46493
4,33981
7,37949
1,31933
19,35249
13,31761
8,25283
5,5938
4,30813
9,43473
3,1822
2,17718
2,8371
15,22177
16,39189
11,18114
2,18104
5,43744
12,25602
20,14287
6,1502
2,43306
1,48880
7,28014
2,4371
19,26315
12,36542
6,36806
20,21124
18,8950
7,48253
7,17142
14,28987
10,8804
6,1570
9,25688
5,5066
7,16439
16,36412
4,25858
18,5229
5,44172
10,39048
4,18921
11,24087
16,29710
11,612
8,6768
19,16630
17,11496
17,12255
11,2194
2,618
10,43257
16,9901
5,42643
7,24498
13,14137
15,8626
14,13518
5,21359
19,36794
6,20908
5,1881
4,24978
7,25979
5,21420
14,38225
19,24661
15,43243
2,39168
3,20139
15,49220
7,35200
3,10732
2,9667
20,36204
14,26280
11,15350
3,19818
17,49085
18,4280
9,31715
7,24403
17,28995
19,40498
13,48819
7,33644
2,41185
9,9864
5,28823
15,3164
17,21747
5,22235
12,32455
6,12275
7,23514
18,41435
11,14075
7,23028
11,18531
10,24693
19,16000
2,4631
18,39129
12,22797
3,23336
18,30449
17,26870
4,32851
9,42665
4,32779
8,27508
11,8776
10,44781
8,32385
16,28205
19,28612
13,44491
5,45017
15,7201
19,45041
11,26209
9,25121
20,45964
11,32858
3,20960
14,13811
17,26023
12,45030
15,45118
5,37664
20,29966
14,4075
5,29541
7,26850
18,16171
12,7638
7,17482
3,6827
17,12510
6,24068
15,48205
19,6372
1,32325
4,32252
11,32106
16,22861
15,5316
14,28664
3,7662
16,15296
18,23144
7,8932
9,41686
16,37405
16,11420
4,13771
1,32564
17,32777
9,20006
5,35296
10,48973
5,31537
5,10366
4,41650
9,29728
14,20309
10,11756
11,20077
13,20346
8,32941
14,1836
4,5158
14,25786
10,5207
1,17961
15,13654
5,10828
11,37118
7,14066
16,38394
2,2388
5,39328
9,19483
4,839
17,13120
19,7175
4,36758
14,11473
20,3833
20,30272
3,43462
20,36852
18,13804
8,29537
9,17520
7,48176
1,46978
13,15315
20,21540
7,35438
9,41247
1,27486
17,36603
8,10891
5,23155
1,44220
17,16053
3,29902
20,23849
16,32982
9,33447
7,12586
14,33446
11,45844
14,47949
2,45309
6,6570
1,30357
13,37121
13,9608
15,32180
3,20253
12,29793
3,43578
20,43373
1,12915
12,32181
12,9914
2,25587
5,2309
18,40330
15,23481
18,25543
1,4146
7,32246
18,36185
5,18614
8,29682
1,19636
15,47001
15,44833
13,30283
20,47581
6,47585
3,7526
2,6463
7,48280
17,43150
10,235
15,4183
10,48105
1,48098
20,33409
18,13241
16,12149
9,42489
9,32387
7,44009
1,48363
14,2828
1,14010
18,14173
12,32558
8,18890
5,14382
10,7831
1,9088
18,25355
13,43061
9,35274
7,35205
13,47261
11,38166
16,1581
5,182
18,16301
1,31505
9,34495
10,41859
13,26563
5,24847
5,46968
14,9659
16,44806
6,32414
9,5584
11,8340
4,47519
18,46702
6,29968
12,16800
19,43273
17,33443
10,30261
7,47823
7,31860
1,37806
16,29985
2,16853
6,18613
8,49775
10,47650
12,3641
6,18687
5,25511
4,48852
16,26205
19,1292
13,23909
16,33617
6,9908
4,19487
18,1282
8,39129
12,49146
15,48348
8,24364
9,2633
14,29002
5,21091
15,19636
1,16084
10,11596
17,7900
10,3851
4,42490
11,16477
8,12742
4,21004
1,13356
19,48839
15,36289
17,21761
4,34489
20,48371
9,13981
19,43105
6,5934
3,23324
2,2084
14,30353
20,33608
14,2183
13,6438
6,9715
5,9789
2,9114
12,43790
16,26835
13,37684
4,5333
15,10376
12,10492
15,4939
1,3562
6,21813
12,300
6,32029
15,23887
12,35439
1,36530
20,33350
17,14633
12,23734
18,25190
1,20558
17,34439
19,46631
8,29238
7,29703
20,20089
14,7698
17,40321
20,14447
9,42109
12,39847
17,19039
19,40969
2,44180
14,6170
11,36335
15,14855
1,14037
19,45114
11,34410
20,867
18,5700
1,47228
7,47369
2,21071
9,8809
20,36732
11,25717
4,34159
15,15577
8,13069
9,4023
2,41544
15,5024
18,45351
4,9890
5,3400
7,41308
5,33752
1,19615
12,43917
20,14495
8,25612
8,24939
5,21331
20,23565
7,41207
20,21144
9,31861
19,28551
9,39783
15,39105
13,9533
14,34187
6,35816
9,25574
10,14917
14,10228
17,48940
14,36044
4,33049
3,48669
17,3157
4,36818
4,40317
14,29909
4,25927
16,12512
13,4755
4,35991
6,24028
1,37414
11,2368
15,26126
7,17914
20,14850
14,8350
4,48600
7,49726
9,7146
3,48378
15,32029
1,14626
6,45994
6,32560
11,35436
2,17317
16,45082
8,37730
7,41376
5,8538
12,3836
11,38052
18,10665
13,46984
1,3786
11,21355
13,44635
20,44082
13,11208
8,8976
6,36160
15,6797
7,15422
5,37258
9,26930
3,41294
10,18315
10,48934
9,39511
7,36914
10,28210
12,12285
1,43085
1,48341
1,36344
11,39951
11,4349
11,41735
14,45208
8,36640
20,31660
11,925
15,41734
15,17394
20,4793
13,19300
6,15499
18,41498
18,24976
12,19302
17,37742
9,35537
10,9588
19,8755
4,27514
5,15827
19,13460
18,34864
2,2498
16,9218
11,38814
5,31321
10,1202
5,6327
19,2688
17,702
19,6140
19,32115
3,19121
18,46936
16,35018
20,37310
14,34609
11,48609
13,49069
4,19523
10,3546
9,22774
8,27524
11,42845
9,21247
10,45482
10,21250
16,7505
2,14909
8,15950
2,15678
10,20783
17,30843
8,5234
15,8092
17,43764
20,18992
19,33639
2,4671
11,13051
9,17812
1,32069
3,43240
1,21872
12,35175
15,4551
5,22963
6,44283
14,1893
5,6901
9,24662
20,21331
9,38992
17,44424
17,198
2,16784
2,27403
12,39268
3,23887
19,13568
14,49492
7,16727
16,45585
10,27799
1,46061
11,43386
6,48658
18,18085
6,26196
9,16930
2,6895
17,19691
10,39722
12,36048
10,19060
19,26419
14,13214
18,5122
19,34253
11,11409
13,41675
2,12170
4,16503
7,6433
12,20267
2,43011
2,3469
5,17053
8,27745
11,32550
14,36352
2,9953
2,24290
6,22357
1,20599
5,25225
9,6272
4,31954
18,39425
1,14279
19,42301
16,34197
9,37251
3,27101
17,25616
13,15759
8,44613
10,2554
14,42126
18,28601
18,22002
15,42787
10,36166
15,4734
1,4602
10,39586
2,39443
12,21145
5,17263
20,5459
20,33749
8,34143
17,35759
16,47734
15,14757
9,17464
5,40664
16,49301
15,24712
17,36956
9,19701
18,33935
6,27944
16,40766
5,19080
1,28785
14,45021
15,45571
15,26819
13,765
19,48573
12,45215
12,47143
8,38514
4,9400
2,25283
10,13656
6,26371
10,24685
20,29732
2,37537
11,26782
3,4024
4,49574
19,10517
6,31728
19,20830
6,11579
3,10357
16,3618
11,40644
2,6740
13,31288
3,26994
11,26299
4,40284
8,30924
13,12019
15,35052
19,20746
16,20656
5,46044
17,31255
2,15992
2,18294
10,32723
15,32562
16,6598
20,34831
16,14791
15,34844
1,18855
14,20370
7,18793
11,49135
6,44155
6,24513
8,14288
10,37596
20,24196
9,23213
10,38910
19,31537
11,19436
7,3897
3,15362
20,11667
12,3881
20,38688
15,4773
3,8278
1,34280
6,10954
19,12774
1,32535
13,22901
3,1024
1,18480
18,27383
4,9907
11,40651
20,15488
4,17358
8,2790
2,1531
5,24948
7,28564
16,19809
13,40355
18,49137
15,49355
20,42200
11,22057
1,28276
3,3817
12,42718
6,45792
15,28680
8,1246
6,33703
2,14281
15,26247
4,21649
20,31361
4,23487
7,10734
18,1424
10,3565
14,45106
13,31253
15,2529
15,39628
4,36156
4,8926
13,26176
11,20030
13,31941
17,46622
3,38360
18,37760
6,15809
12,45403
19,30991
4,8683
16,41658
20,16510
16,8006
12,33152
17,14776
10,22793
16,27394
15,18261
13,20400
13,20078
2,10317
1,19114
8,34938
10,34687
4,46093
2,47046
11,19719
1,46960
13,26968
11,41286
9,21033
5,24913
7,49915
9,32647
13,18347
14,24170
9,47733
5,2397
7,42514
1,49770
12,28153
11,27020
11,46528
10,46941
17,2051
20,25698
2,37796
20,13815
15,1008
17,43884
13,7107
2,24395
4,27553
1,7094
20,3542
11,15614
1,7120
4,16296
3,26791
5,24221
16,29961
18,15064
7,42631
1,24121
14,28059
14,9697
7,14772
13,17710
5,33981
1,46481
13,34958
12,42513
14,414
6,48327
16,37701
7,37597
11,39618
18,14101
10,17788
17,32393
14,22206
1,18316
18,6334
14,27628
1,24745
16,34854
14,17782
1,15290
17,41614
20,13038
4,29949
4,32283
15,18779
12,35496
3,14037
3,41053
12,26551
11,35640
17,31378
8,25619
7,10093
16,39881
18,20610
1,20415
19,47824
14,11412
9,28321
12,38874
16,47930
5,48725
1,44422
15,43882
4,3503
13,25104
13,40096
16,33674
3,29112
20,16383
2,26022
15,6313
5,7078
3,41425
1,37290
11,15872
18,48622
11,25255
14,15279
19,37192
15,21759
15,26265
11,42112
3,45003
6,4013
8,31003
7,33609
11,19018
13,445
8,46764
2,36071
13,34457
18,42411
2,28357
13,6452
3,46656
16,2033
8,37181
14,28137
13,23396
14,42235
12,5009
9,31451
3,932
14,18188
6,8222
16,19893
7,44644
11,15978
17,5318
10,33243
12,24690
4,15719
12,27297
16,17584
19,37555
1,11082
13,23918
14,40496
10,43548
5,20832
13,12489
12,5484
8,6086
14,748
1,17581
10,29497
3,47876
9,48114
11,36452
17,40232
18,24738
15,4128
2,9977
7,9400
8,47216
13,13354
14,6706
18,46183
10,30523
4,49269
18,19191
17,13177
7,16200
2,35720
10,13809
8,48004
14,33103
8,29282
3,35014
5,33204
11,22095
3,38991
4,21910
3,12381
15,12398
5,16633
6,13540
2,27835
3,22167
19,3491
10,36345
8,24699
6,48068
8,41342
11,48976
20,26701
1,12650
15,22188
17,20411
12,11984
17,34068
12,34405
16,23916
17,37891
11,30687
20,35948
10,39596
6,19991
4,46240
8,27881
16,46055
14,29688
17,34721
7,21731
13,3969
5,29917
18,40072
11,28245
17,19298
4,2604
4,38580
7,7823
13,43350
20,31964
16,27267
5,40425
11,36786
17,25822
4,4244
3,12843
19,23486
15,19776
19,21035
3,21671
20,16533
13,3845
6,47776
8,5760
19,31381
12,7199
11,9842
17,11085
9,522
10,23038
3,30822
13,44006
19,3268
7,23287
8,3515
4,23544
15,29722
2,26769
20,40288
4,19498
6,38210
10,20217
20,15027
15,583
20,21585
8,37299
18,26446
16,34912
5,45316
14,48741
3,45295
13,5805
6,49742
17,38345
19,4014
16,25332
15,1608
15,34751
14,21014
3,22464
4,33313
1,11406
18,45841
5,46786
5,19016
7,5323
18,10815
4,13415
12,46499
13,31580
2,25221
19,25608
5,11569
14,13439
8,8943
4,49554
20,1648
1,48922
18,30900
1,29145
1,26044
7,40154
7,43323
5,26368
13,2617
16,8219
3,3321
15,26270
7,26417
9,3590
12,12315
18,46614
11,32691
12,25116
3,43420
10,21728
6,34364
14,12988
20,11731
7,43861
6,14636
15,7755
16,25702
16,284
20,18212
15,38702
5,2176
10,16183
19,11660
2,35927
8,37551
1,46025
20,24075
1,35237
20,24809
2,43287
14,49493
9,4312
3,48842
20,23142
3,45413
18,29981
12,25097
4,6994
20,35700
9,30732
14,42494
12,10487
2,37825
12,29068
13,22427
5,4987
10,13839
13,49562
3,651
12,9567
13,31411
1,37999
9,35912
5,38132
18,34633
1,48550
6,37872
20,13791
8,8124
12,28229
11,34969
2,8437
20,2831
3,41009
11,27295
6,19240
20,32731
17,47254
1,31579
18,15651
11,27413
5,41301
19,39300
11,6622
10,10621
7,42533
2,971
20,33867
13,18911
8,18783
2,25194
19,17718
18,18388
1,25157
8,36306
13,28850
18,42979
18,19657
19,38525
11,3784
16,22829
13,31735
17,13759
16,19028
20,25585
18,47154
3,37480
13,30315
7,26050
13,23063
6,34614
14,44460
10,18750
5,17914
5,3193
3,14082
16,19894
6,1844
18,40571
11,40116
20,46936
17,20199
2,9806
5,11261
6,19159
1,46964
7,34671
4,18581
12,35335
5,16451
2,23720
9,48623
8,5863
19,29275
17,18133
1,31974
3,45595
13,48695
4,20346
3,32977
18,19686
1,37097
9,38834
5,8704
18,39404
4,30445
6,1407
2,32323
18,23911
5,30097
2,26436
2,7796
17,31455
13,24107
5,14732
19,36737
11,11226
10,3348
3,28024
13,1411
9,43794
17,23968
8,49947
9,41926
5,41435
4,25026
12,48700
15,38713
15,45801
4,44588
6,4428
6,38711
9,43649
4,48838
2,34959
20,39770
11,4491
16,43330
4,5445
16,41771
10,48081
11,32779
7,17395
3,32804
7,27828
5,1784
12,418
19,36028
19,22085
17,28322
6,39127
3,27622
2,23135
14,19906
3,38662
12,18973
15,28179
2,35896
11,49103
17,8276
10,21790
11,20335
16,41250
4,29688
9,9702
15,39109
18,3205
15,26581
15,24488
1,23802
19,17169
13,43261
18,15476
12,20976
1,8967
3,41082
10,15510
10,6887
4,47407
11,47970
14,49607
16,43109
3,26729
10,7702
19,9977
10,30721
7,14725
12,21633
15,38717
14,37341
15,19457
5,40594
20,30361
20,33649
3,39209
17,20787
19,18648
2,19748
2,22605
12,40733
9,8099
13,2905
16,33409
12,20386
8,39251
5,3400
8,37174
9,49272
17,26396
19,42513
13,45541
18,11674
5,20046
8,8063
9,7254
14,20755
17,625
8,44487
4,24178
15,45019
19,41662
6,13745
5,13023
2,49380
19,24658
1,44577
4,4723
2,18694
12,31978
8,38864
18,7015
9,44608
17,31653
2,26132
3,32058
15,25559
6,658
14,25768
18,46538
5,47507
11,36776
12,13352
9,21176
5,20551
12,24953
6,36007
1,14913
5,422
20,35600
10,1164
13,24637
12,49821
7,40028
12,9931
13,10464
10,39537
8,29008
4,37678
19,28157
15,47929
9,20605
14,14822
11,2945
11,28565
7,9145
13,46084
1,12717
3,19609
5,43551
12,2164
7,37760
17,10252
14,46678
13,44120
5,33364
18,18475
12,10431
12,23539
3,17012
1,10219
9,38964
5,44387
4,12341
18,40731
11,36088
4,28854
8,29854
2,25424
7,6533
15,42172
6,39407
14,19442
16,26691
18,46429
20,5980
17,10603
14,12992
3,23524
20,30459
13,17072
12,17174
19,26966
4,23241
1,27734
14,24975
19,15064
15,44593
10,19235
8,18578
14,18914
2,25760
6,4614
4,14426
6,2862
3,39603
2,24624
6,17534
13,22478
4,40249
19,38249
4,20317
20,1889
18,35220
7,49059
10,16411
2,42111
8,43768
11,20411
10,35016
1,20198
16,17045
7,26666
16,18415
6,4457
6,23361
13,35180
1,7951
2,34368
8,30169
18,11190
14,36908
6,2161
15,10707
18,1130
7,6792
14,49942
2,31691
8,35120
4,24231
1,44611
18,31830
2,46154
8,17865
11,42347
5,8085
15,21242
9,44088
19,21752
5,8076
17,47607
9,25129
8,3347
13,744
14,16254
10,12141
7,11187
8,18894
3,28069
16,49663
13,2120
4,39630
8,46204
5,38369
14,20169
19,3126
12,10735
19,47833
16,343
7,20274
16,46352
17,12586
8,43980
18,30589
20,42585
3,19120
6,36328
13,32095
2,29249
16,49552
16,10469
10,17337
7,6000
9,32325
16,26600
9,4440
10,2522
10,23064
3,44266
20,19636
12,6804
7,28928
2,36996
10,3425
8,15441
15,14659
15,35153
3,14566
8,5853
9,38891
19,190
7,25671
18,15943
17,17291
20,41316
13,11657
9,13468
12,3450
5,23225
2,41623
16,34218
12,37219
2,21328
10,2437
17,3329
15,152
4,24873
15,43785
6,1586
11,4767
12,22154
5,32078
3,46142
20,33753
6,37877
15,5480
16,18865
1,15492
8,33328
5,28218
10,24706
2,47907
6,33462
16,49143
19,6186
19,40619
9,3173
2,44217
2,33673
6,35823
7,35246
12,45476
18,41245
6,47393
3,10925
6,16104
19,48730
11,36116
3,14481
5,38228
20,17394
3,4152
4,13662
18,9102
5,29390
16,17770
3,33897
15,28327
9,46304
1,25502
6,31936
11,35303
16,21571
17,1248
8,26715
18,43335
12,386
6,30338
19,10157
20,15951
14,4759
4,20446
6,6798
6,4686
17,39195
8,23496
17,7672
10,34928
6,42378
9,43431
17,15099
16,38303
9,49340
16,7402
13,35650
15,43844
6,13256
13,49760
12,356
19,16273
19,17275
13,41968
2,44261
10,39896
20,8786
5,9879
8,5316
17,11257
12,20335
13,15248
18,18642
15,41556
3,48719
1,29230
12,44531
10,9307
10,2553
17,19791
1,37776
9,23136
10,14401
12,33935
10,4370
2,16136
5,38273
3,10285
19,28250
9,7164
12,24016
2,22986
6,17285
16,32373
9,44837
14,27936
19,40187
3,1572
5,12317
3,25494
1,48907
17,20548
7,19113
1,13723
2,16289
5,33266
3,41514
13,30810
8,37171
3,29769
15,49644
12,32445
17,19794
4,2975
15,44594
5,25973
12,5567
15,29372
12,17161
13,7843
5,22259
11,7095
12,6605
15,8210
3,31728
16,14085
18,21467
11,38400
7,31555
8,24728
2,15367
14,1764
2,34802
4,27204
20,2262
3,10385
19,40695
12,38325
10,9690
12,36577
1,24909
7,10356
13,19448
12,37411
4,41842
8,8070
2,17411
16,48168
2,37797
10,47641
8,47711
15,22024
6,36470
1,3154
6,42654
15,26210
18,46584
6,45153
15,2521
5,49987
4,28317
6,24487
7,18873
9,7574
7,6358
20,16275
12,36175
12,36188
9,6145
7,7405
20,2141
16,39391
19,9400
9,8793
6,41314
3,33938
5,15113
6,23926
19,11420
2,3621
19,25073
20,19927
7,11363
16,38894
5,14888
6,3645
4,31503
13,46430
20,36224
12,702
12,43462
14,26362
15,20746
17,23016
7,31408
3,31620
12,11150
4,37728
11,36920
7,21911
15,31705
2,13715
12,48823
6,28077
11,27134
4,14618
7,42347
14,936
5,8897
8,5213
5,46532
3,9206
14,9182
1,33422
20,30076
15,48208
20,25636
13,30281
20,18900
10,48781
7,10223
7,37888
4,47713
10,10490
11,11874
11,46825
17,607
11,15224
17,6877
2,10196
13,41481
20,27378
4,44369
6,38249
12,19575
13,34392
12,359
13,39663
7,8049
7,3055
12,32495
5,49673
1,35106
16,29450
14,49939
17,4992
20,32246
11,21810
1,42289
17,30381
5,24580
8,15839
3,7205
15,48410
9,12995
10,33817
13,1057
17,43463
19,16189
1,25447
15,12310
12,11704
2,20860
10,20027
10,43665
5,7272
3,24690
13,31729
7,32849
10,27389
19,49238
12,37198
9,3842
14,13176
7,46561
20,18818
6,32712
7,6765
5,21453
11,12608
2,34768
8,7625
11,34992
3,39847
19,45164
17,41286
15,18965
17,23513
19,49105
6,8864
3,45878
9,43604
5,45883
11,41229
1,48663
2,12930
19,1803
13,9511
2,13534
20,28214
18,25561
4,39302
17,5157
12,10000
4,3071
17,16579
15,9071
7,15487
13,10273
14,19024
11,24913
17,28327
6,25268
2,114
14,11633
2,16606
8,38147
11,18519
4,257
13,19146
17,46508
6,42019
5,46349
12,47106
6,46645
4,40508
14,11668
9,24400
17,36748
4,41983
9,30922
14,29235
8,29178
19,32864
19,20543
3,40621
5,39816
18,44622
2,48994
14,17898
19,30618
8,2016
3,22517
6,38606
10,5542
14,21476
8,31388
11,30883
5,9194
7,23636
13,25375
10,37887
16,35744
17,15667
2,18351
17,6192
10,2045
19,13772
20,29986
11,16865
3,43727
20,24106
20,7193
11,3506
11,20308
6,17792
2,7612
1,8817
7,40652
18,17188
14,32330
3,7235
14,32506
2,25670
9,32209
13,36302
18,18774
1,10515
5,19190
12,14513
5,30147
13,49880
17,49959
8,6630
19,22293
7,9950
7,31231
4,46221
3,7529
19,1218
8,11523
19,33564
4,45398
1,21184
7,25561
11,23775
10,49220
12,36902
20,26593
20,10320
16,48071
18,32826
4,12920
7,5437
9,18044
5,39694
13,37320
5,22582
1,25220
9,47513
14,48771
5,12062
9,2182
14,11476
7,20332
3,41506
4,24428
18,46972
7,48442
6,9264
10,33062
19,673
20,4525
17,30414
9,7010
4,8909
1,7551
6,8095
18,36313
12,3157
19,30327
10,24730
6,21393
18,41793
16,17697
15,31271
4,43924
2,37730
15,12447
4,36950
18,41414
9,44408
2,39221
9,22977
10,17586
10,18852
15,20340
2,37584
17,22159
17,16028
6,11292
12,14008
10,22200
7,26348
17,11948
9,28667
1,710
20,13922
16,47893
18,8678
7,37745
7,46700
2,33991
1,40132
20,27723
18,43113
11,26628
11,23443
20,30623
15,42143
15,15196
7,8502
20,11146
7,28958
2,34139
10,12795
17,7889
2,36649
18,42338
12,43948
19,49322
12,39616
18,31071
19,8794
6,40377
6,7635
12,3803
2,32350
3,30213
13,10621
7,13960
18,9077
4,36961
17,29236
6,30357
13,13319
9,7063
8,11080
18,4038
18,13211
13,1216
14,10648
1,47735
3,32546
19,23220
5,14272
17,348
13,48326
2,48405
9,26859
5,27069
10,46323
13,47132
1,38114
5,6469
11,48714
11,12591
12,7886
7,6522
12,29885
6,39985
4,21329
9,37749
2,25145
19,19034
20,24358
7,36145
16,39844
6,23826
18,13654
10,10751
19,27905
9,40344
13,19041
6,43785
8,43348
15,44580
18,43359
15,28634
19,45749
14,30344
7,16253
8,14332
20,26346
17,34053
14,17042
11,32116
1,7304
12,478
3,4826
2,45164
12,46427
7,49785
6,16461
16,27828
12,14181
16,3853
5,41948
3,43898
18,29655
11,44485
15,29519
20,27477
8,3527
10,16298
9,18582
15,43997
5,14617
9,3482
13,5723
1,26520
15,17290
13,21502
2,7429
7,47275
6,30975
3,33318
1,17262
1,42157
2,6314
17,40019
4,23787
20,9619
10,48819
14,48886
16,21941
4,31913
18,16112
7,15007
13,47286
17,1525
12,43502
17,37647
18,10449
3,47378
14,27132
15,43308
11,1876
1,20480
18,46313
8,18031
1,33577
8,10211
12,37072
12,41575
4,10737
16,40188
11,23648
19,13061
15,49639
17,16396
11,15350
6,7753
4,18606
3,40788
7,28312
19,42213
13,28864
3,31600
14,20016
8,37278
5,6072
5,10506
20,9219
12,17932
17,41242
19,10672
11,2817
18,39075
11,38656
2,24410
18,34817
12,41084
8,18537
6,45525
13,48309
10,42302
6,13274
2,37942
13,12596
17,46641
3,38819
15,36112
5,2826
2,20202
5,23804
3,44502
19,38920
1,38662
20,27345
16,40300
10,21022
7,33495
20,33869
1,42924
9,48354
3,23429
14,41519
2,45388
20,34895
15,35409
10,31432
16,41990
4,9443
5,31008
6,34878
20,16753
1,28494
19,10889
10,8144
7,11279
15,13496
14,33818
18,28566
2,7729
3,5129
16,33472
3,47429
7,36951
20,21280
2,29595
5,39749
14,5330
2,8024
13,25476
6,13208
15,28547
10,30208
9,10804
20,12421
20,24242
4,26612
6,22141
2,31722
1,43576
15,3714
18,29331
8,43151
17,8038
13,14961
5,11632
11,7638
16,18609
9,25349
19,28952
4,19094
17,5161
20,28411
12,7469
12,15161
16,48687
18,29573
5,11676
10,7734
16,15371
13,8862
7,2172
7,39664
6,15799
12,41014
19,21504
6,12974
19,48003
13,25343
18,19871
7,23434
13,43615
12,41041
19,28930
14,19295
12,29965
16,6970
3,33058
1,39050
17,23501
1,15295
4,24725
17,48652
18,15311
13,6054
12,15733
16,8349
9,13042
9,32722
1,25158
9,19469
15,32877
18,29445
9,8985
17,49521
15,9689
15,38260
7,6598
6,17878
7,16169
16,48918
3,31515
20,20442
14,45196
8,7518
9,16735
14,20158
15,30137
5,2259
4,32060
5,26480
6,26878
12,21731
15,32221
10,19706
17,16466
12,35030
9,17308
5,18810
18,8109
14,43311
4,6731
19,1021
17,6074
10,43871
11,39699
1,28253
13,2981
13,2959
2,30537
13,11923
6,20106
16,25360
11,8036
13,33172
8,9461
7,40982
8,1403
10,2821
7,9373
18,45251
15,16390
6,15121
10,7212
11,37157
20,19475
19,33454
20,28064
5,25960
12,15509
18,47303
14,9954
5,8233
3,13703
12,11669
14,35084
12,15144
11,22681
17,22608
16,24463
9,28929
10,35924
6,18185
19,38724
5,17257
10,38305
3,36447
10,3849
2,45980
14,35632
11,47000
2,17951
20,10656
7,3732
3,28706
11,30530
12,7641
15,20917
4,45340
18,8371
5,37517
20,41206
15,28299
14,30894
20,15038
4,47452
9,5441
16,31868
11,29679
17,35358
17,9165
17,44862
5,26941
18,372
7,43093
14,34309
19,43563
19,2014
17,36457
18,26706
14,483
14,15888
2,32664
16,825
8,13872
14,42579
13,47442
10,35141
2,11648
14,31528
5,23990
2,43923
2,5233
13,25334
13,48744
20,11984
17,33871
12,48002
16,2204
6,38467
16,23157
16,10349
9,46071
2,21779
9,4995
18,38828
19,37335
10,37025
8,29819
16,47821
17,47400
18,34267
17,36803
11,16356
12,6440
9,13930
6,7949
16,20913
12,40934
12,30159
20,25771
19,21506
10,21515
12,44358
18,10577
6,36644
6,33238
10,41608
9,10485
14,32189
4,1712
1,36026
1,30734
1,45411
16,37225
13,39057
4,22851
9,37563
12,41913
19,41427
8,12200
1,35514
5,46344
6,41339
15,45740
10,44622
6,29378
17,3648
19,15672
10,7729
18,6763
13,15917
1,13987
6,21844
5,31853
1,47470
1,21956
19,39853
20,41382
13,2684
6,43961
3,18810
2,12878
15,23060
6,18615
15,32503
11,23200
10,23786
7,33609
19,10435
20,30879
20,26134
17,45119
18,35153
19,17323
3,8397
3,29228
15,4101
3,18723
5,8481
5,28674
2,8005
10,5028
4,35557
13,7874
6,27051
4,14679
12,40441
7,28110
4,6527
2,19241
4,7265
4,22298
6,6002
20,21394
9,17351
4,4983
7,13578
12,37817
4,35267
3,7380
9,31793
16,5523
16,28347
16,42472
8,36025
4,39538
14,13513
12,17463
16,13456
4,12279
1,2381
17,2230
6,47299
11,48786
16,32297
15,47548
8,42755
17,21269
1,4150
1,2780
9,33624
13,32222
10,21841
8,24416
16,12023
16,27899
20,43714
12,11016
20,49332
6,11804
3,20803
19,33539
20,49336
3,28250
17,18170
15,6564
6,26200
1,33252
2,45885
10,38601
17,4944
3,32238
16,34390
4,37946
16,46281
8,44796
9,28231
20,17796
18,9694
15,37842
7,44084
5,40711
14,49585
15,37550
6,17995
11,12865
17,47082
2,28210
10,4887
11,22449
11,203
1,40623
18,6917
7,21822
7,42502
13,36829
4,28785
5,41728
18,38368
17,12198
15,3183
9,8176
1,45362
1,7772
5,23460
6,45552
1,20170
12,14333
4,17616
1,18316
5,47866
10,34212
6,37095
2,17125
12,10733
3,9213
10,34007
16,29778
18,24071
5,14231
1,34742
17,9110
19,10483
14,14912
10,47251
5,9884
19,9213
7,11965
6,32740
6,4542
17,23755
16,2787
20,4513
3,38085
19,16361
14,31670
8,26985
7,44318
12,18198
9,6156
15,9347
12,9647
5,42269
3,10437
16,48597
10,47360
14,10571
11,26769
11,18539
2,36183
19,23327
10,26273
13,27707
20,35475
6,20756
17,10335
14,10586
5,12167
18,23673
19,14062
9,40000
2,14578
6,19354
16,19342
20,3838
2,19656
9,37763
9,31556
1,45655
11,46149
16,31924
8,44115
12,3390
20,40672
10,38260
11,24596
13,15694
1,36150
11,36336
12,30588
18,49296
5,25897
8,2349
5,4887
8,47631
14,29771
12,21363
13,16422
5,26634
16,49981
20,49846
18,17771
6,2922
13,15501
12,49050
7,30936
5,16754
9,15547
4,30578
2,42353
16,41654
3,27792
4,44435
16,31541
16,40506
13,43862
15,44588
13,47543
4,7193
6,1068
18,15820
8,22788
18,29891
9,38297
15,21744
18,38802
19,41016
13,19902
12,21667
10,9406
10,40894
19,5593
18,7139
9,12097
20,43059
5,2673
6,37592
15,28850
11,36808
18,40907
19,10983
6,5534
2,8932
5,31613
1,49826
12,24584
12,26449
12,37741
9,1064
10,23586
15,7904
8,8226
15,36526
10,22969
12,20936
1,41993
1,29206
20,23182
12,47880
2,9406
8,25632
18,8144
4,15815
1,41266
16,12894
7,37622
8,29920
6,43043
3,36984
18,43866
14,25383
9,6962
19,40358
7,34539
5,14721
3,30471
8,9402
20,31851
3,10912
3,16415
9,35098
7,29298
5,24285
1,40626
13,44522
6,239
3,37318
6,42074
7,27977
15,20269
16,36884
13,32934
10,3406
9,47881
3,36251
6,37598
12,8525
6,34870
8,41674
18,32011
10,24869
5,252
2,17035
12,7386
14,45080
12,35194
12,43709
5,33343
18,20573
4,18599
9,44283
19,24670
7,38602
6,47882
14,39950
8,11892
2,16044
12,42233
7,826
5,40917
20,16763
19,140
20,38943
13,17283
5,34351
8,31847
20,33083
7,30833
6,15746
15,44185
11,2224
6,29696
20,16758
12,48369
7,35275
4,43776
8,32134
20,17078
16,44859
20,4541
18,17271
1,46293
20,37527
4,8933
6,13461
14,33096
8,23457
1,34961
17,36694
9,22557
18,41847
12,15269
15,34909
17,39305
14,41613
12,27538
12,9058
12,1509
5,15447
13,44328
5,34462
13,19495
15,41586
1,32337
16,41237
4,11625
7,37673
20,42809
15,35668
15,8687
16,33402
2,32901
15,39062
16,27942
19,33767
16,691
16,45838
18,13042
4,11540
1,49049
5,8217
8,22688
4,26425
2,23442
7,46686
2,11986
19,19690
2,44688
12,34941
2,43570
5,14918
15,30013
3,12882
2,11077
17,5400
20,6436
9,8301
10,16328
17,40678
1,27115
8,5082
12,14856
3,22649
7,12258
5,4704
17,34036
2,14162
8,27901
16,6267
20,22324
11,31460
18,37673
20,38045
8,2190
1,49611
9,33244
11,15489
18,26239
14,48919
17,34426
20,1481
4,3100
18,3786
8,6544
20,35725
15,9516
2,5519
4,42964
11,15307
16,40093
5,23634
19,34821
17,37170
19,10348
6,16301
16,7530
8,15693
4,9200
16,1840
18,20876
19,45045
1,33655
7,19203
16,25820
4,42590
18,24694
2,5617
12,7067
20,49839
6,6345
10,34338
15,19202
5,20656
5,29803
6,1976
13,9087
12,18658
10,8565
16,12324
18,15517
11,13976
15,5509
4,32930
19,13208
20,28944
20,40416
15,36777
14,20430
16,8065
16,47277
7,25758
1,29869
14,32014
8,14754
4,6691
1,32664
2,14001
16,41958
4,48465
7,1509
3,26425
8,10662
2,35714
20,24952
8,19072
17,40182
9,10897
1,41666
13,45850
15,25452
17,43314
16,7905
6,24750
4,48777
8,17745
12,29845
10,9723
13,41487
14,33895
6,21644
8,9246
15,33205
18,22888
7,6329
20,13854
5,15820
9,10929
8,40901
8,24086
7,46566
6,45060
1,1730
17,43424
11,10345
20,38137
16,19688
15,24344
3,30763
14,41500
2,10794
10,49467
10,11184
12,31134
14,16793
9,13382
3,1245
16,35053
15,15956
19,47100
15,48027
7,44285
4,5447
19,41096
10,47338
10,17838
8,1430
4,4997
17,21973
6,13490
9,48130
20,23402
4,24074
12,8661
15,12109
5,25177
10,6099
5,36342
13,13246
10,30251
10,23630
13,30397
16,17215
5,49163
16,28005
17,21049
13,36479
17,38334
16,7849
17,30488
8,26963
20,16585
3,25113
9,11722
14,45024
7,13654
19,7463
17,12943
13,32111
1,29524
19,23461
11,19200
8,45121
1,35475
5,28165
20,16696
10,28884
17,6089
1,17413
7,6268
8,41284
20,29374
18,45954
17,8290
11,16810
10,36161
11,10319
10,7215
2,11689
14,27811
15,10935
1,43410
11,46211
13,41563
1,14297
7,18062
4,8328
4,4922
13,31587
4,19685
1,33601
14,4964
11,12241
16,35551
14,46363
2,44459
4,14813
10,24122
16,9197
10,27045
14,15093
3,22013
12,15088
1,8341
17,47967
7,20731
1,9767
18,23123
20,17586
5,41516
2,19384
12,20595
10,11994
14,20295
6,22113
16,27273
7,15974
12,48584
8,43056
13,3702
8,35814
7,21044
18,39181
15,4303
5,48217
11,29481
9,40337
15,23997
4,25410
17,45568
1,42867
15,47877
17,34801
15,45280
12,486
17,41493
19,10976
15,48364
11,25863
16,31782
13,42415
11,38013
4,35562
15,49179
16,45814
4,48920
13,39739
2,31716
3,47562
8,29878
18,38562
13,33439
17,33852
4,18963
1,10176
1,18611
3,13609
15,19199
20,38479
17,11667
19,28968
7,34981
16,7212
16,43276
16,22207
19,38993
18,12770
2,36311
9,2315
6,43180
8,3001
3,34979
10,9798
16,5940
20,49346
8,31730
3,18682
16,6178
18,23709
16,27147
18,47911
19,12808
5,26854
12,17972
9,3326
1,25199
20,2180
3,16841
5,39547
8,28259
15,18629
18,32181
15,44594
15,8316
17,17616
3,40516
17,41161
17,39531
9,38208
13,22842
9,10016
2,2218
7,28870
4,36288
1,36370
12,15644
2,12091
16,46772
3,31271
5,19891
9,38910
10,32827
10,16350
6,5824
13,43970
17,17322
14,2447
16,44739
20,18034
3,15125
2,366
6,49240
19,12988
16,21495
2,23723
5,46602
8,3153
4,42179
5,18235
9,13336
16,43483
1,20340
10,33347
6,16307
4,16996
5,12482
14,27148
3,2850
13,17521
7,38080
4,25674
4,47217
20,4568
15,19095
20,6122
19,35692
1,42412
2,37509
16,34136
9,8023
1,2937
6,2401
16,8905
4,2096
8,32096
8,43677
11,48409
2,32508
8,2432
17,49309
18,18279
20,1953
9,49458
17,29515
1,32573
10,17371
20,18766
14,26996
18,37939
4,16985
12,24745
18,30050
11,12264
18,37262
17,37272
1,15901
14,1167
2,14227
3,12710
20,43688
9,24391
19,36539
9,35111
6,13321
16,26546
14,30971
2,5327
18,9298
1,21252
8,44233
1,47008
11,9361
13,36503
10,8912
17,20666
17,5288
9,24259
11,31058
8,5311
19,44520
7,47528
20,34508
12,11846
9,7270
13,3158
9,12333
17,12618
20,11627
3,27897
6,10031
9,17329
4,46753
10,44801
2,6478
9,39176
10,42977
4,19211
20,49399
18,48753
12,43226
4,46287
6,48899
19,4791
14,35125
6,44551
13,32842
9,1763
18,21633
14,38448
3,34638
15,4426
19,13103
11,43461
19,3008
1,13129
8,2099
6,16731
6,49791
15,44375
2,44126
5,44884
15,25324
20,47043
8,32746
20,38666
14,21872
4,48211
6,11548
20,10493
2,27819
17,40785
17,29891
9,28020
18,35659
20,20218
3,12873
2,23035
18,7403
8,28258
3,31354
14,41235
4,43029
12,22570
4,46981
6,27046
6,41362
5,451
12,13914
4,4464
3,24135
5,18542
16,12688
7,7904
17,13063
1,44840
6,19759
19,25165
8,44680
18,32439
15,36857
18,49460
17,46809
10,14137
20,34497
20,45517
13,43681
13,26013
2,15367
18,46908
17,2764
3,22560
5,10981
3,27730
1,26844
12,43281
12,25535
13,30981
6,21120
11,8972
16,15799
18,13452
16,8171
4,27913
16,3269
17,4737
1,23363
4,30139
4,34052
8,4167
18,32461
4,15952
17,16662
12,17183
3,4555
16,25465
17,44381
2,7614
9,22572
13,49492
2,17405
17,42215
15,845
8,28296
20,10179
10,13830
18,6228
1,13903
16,11552
14,16297
5,10940
5,34526
13,25399
14,48880
2,17421
14,28941
6,31098
15,17595
16,32523
19,47985
17,7967
12,43419
17,19473
18,5671
8,20034
5,35720
18,5035
13,25308
3,27720
3,5249
16,9692
8,18555
10,48066
3,17469
7,675
14,28504
17,16634
2,8757
11,26095
18,44018
9,36195
1,23980
10,6586
5,4440
8,44043
11,14812
3,43932
16,41959
18,48194
19,21067
3,46143
1,9597
19,34232
10,28304
5,5282
7,39072
18,48812
18,29712
20,24801
20,18098
8,25030
14,4593
17,49358
5,39223
20,26324
6,44646
4,43095
7,16332
8,40654
4,9714
11,28094
20,23415
9,24730
20,16120
13,25742
8,33732
2,5102
11,25969
2,21629
13,8750
4,21611
1,43112
15,33156
13,5547
10,48895
8,43444
8,12652
10,49027
3,49949
15,22680
10,35499
12,24496
8,1205
13,42288
15,41543
7,4228
1,49505
3,40499
9,3321
10,37229
18,30774
14,2298
13,39881
19,42125
9,29592
7,5936
9,48680
9,43788
17,25730
1,22986
10,43386
16,16253
1,8583
5,4360
13,15983
14,6195
18,43590
8,34898
3,46688
7,9729
17,43142
6,10789
17,28918
15,14150
12,16116
15,30660
5,2407
3,1675
2,17504
3,8429
16,48211
4,8170
15,42836
15,46309
2,37291
13,41004
1,37879
5,33182
4,23910
10,2992
12,48707
20,21564
6,17849
20,43610
6,15300
15,1140
1,27093
14,11606
19,46587
10,5067
6,32070
16,18600
16,9344
15,45769
8,16368
11,9718
19,38497
15,36758
19,3592
7,13949
4,28963
17,15297
18,21984
18,36320
15,26947
6,1401
4,30365
17,37767
7,28170
13,45687
15,10417
20,17763
3,3600
7,5199
14,47459
3,6828
4,5425
9,48200
6,31493
13,17319
13,34342
12,36553
10,24285
18,345
16,25265
13,45596
10,19643
7,17308
18,23064
16,990
12,46137
1,22990
18,39681
3,12035
2,41724
17,17169
11,30452
10,7564
3,7915
5,27776
8,45780
15,49578
20,45800
8,14761
11,19874
13,20674
15,47756
18,15960
5,27495
14,13771
9,49533
8,15403
20,25543
19,4863
11,30583
2,18803
10,9802
9,15501
15,45276
14,46999
10,27729
1,13619
3,17518
3,35639
8,15854
11,46381
11,31159
10,30268
3,14829
17,17340
5,2690
3,21259
1,36631
18,45460
15,44964
16,23934
11,17424
3,13384
4,36564
3,44836
5,26022
14,14381
12,2114
16,35518
13,27075
14,36973
14,2937
1,29349
2,30637
1,37602
8,26792
17,7968
5,16102
9,43155
5,45043
1,12709
2,33636
5,15477
7,36845
1,44187
7,8775
15,4014
13,41975
12,21580
10,24441
19,29449
10,15074
12,39373
17,29529
7,22912
20,11257
1,41300
7,40017
8,3642
8,13481
14,29382
4,7351
20,31380
15,37603
13,47188
7,46106
12,40085
18,44935
15,45161
20,21519
4,14049
9,43163
8,45733
10,37435
10,20898
7,43460
14,28620
20,33734
1,2007
6,39718
16,11550
18,4595
11,34155
15,19438
9,9229
8,45709
16,9222
20,42993
15,33531
12,22962
17,25488
1,36885
5,10499
12,36423
7,38970
1,15743
16,12379
5,33667
2,14550
15,1533
7,26682
11,21822
15,20993
19,26328
11,25222
4,1432
10,14379
6,26465
5,37054
17,46374
15,22992
20,47578
10,5752
7,18327
10,23042
18,17274
10,18078
6,9389
9,46812
4,4528
8,3495
8,28321
16,16442
18,28498
19,17790
17,18594
5,2459
3,3372
19,17520
4,35282
15,26211
12,12765
10,27807
20,32226
15,7465
15,26544
4,31700
4,20252
11,29781
18,46480
16,47049
6,19706
8,41141
12,19997
1,1461
1,650
1,16662
6,24351
15,38442
6,20810
20,9891
9,5127
13,35953
15,33387
9,44079
4,27493
3,17500
5,2877
3,21324
17,3277
13,11716
17,21116
15,49797
10,1501
18,21835
17,7751
11,18940
2,40507
12,36381
17,34469
17,18228
10,8981
14,41218
10,3967
12,18769
16,18399
12,44804
5,19809
3,923
17,38165
3,28815
3,36466
5,35749
4,38765
2,38121
19,36928
14,42694
18,19693
3,16350
3,11567
14,19569
7,27396
12,29092
16,40056
19,7401
7,42793
11,49157
3,2661
14,23793
8,47678
1,44432
12,8405
3,26072
19,11421
11,2692
9,11899
7,180
16,18492
14,18689
9,10949
18,46787
4,12167
10,10866
7,9195
19,9780
6,11572
18,14931
13,25035
3,15523
3,44636
10,28397
15,39168
3,48316
8,49859
13,24317
7,9426
2,12221
9,31632
11,37621
1,34944
16,16668
17,24808
13,12948
18,31121
7,36285
5,20812
9,40630
5,3684
10,22946
8,42939
19,1424
8,12524
6,11101
8,21366
1,10864
17,12634
9,26864
19,14034
12,7382
11,36699
5,18254
6,23524
12,37275
8,46685
4,27207
19,8607
20,49661
14,10127
10,37946
1,48398
16,8066
4,17086
15,37257
14,36959
14,6696
10,42127
6,23765
16,19819
18,26482
18,38827
9,2893
16,26366
7,37079
4,15332
8,27387
12,23609
12,33935
12,11970
14,19472
11,37651
8,5368
1,10109
6,523
15,18342
2,7193
11,21257
6,29295
17,36259
19,42603
3,1215
12,24874
1,28493
14,11748
10,48031
19,21678
15,2226
19,16823
9,26608
20,917
11,11418
12,2155
18,26152
15,11641
9,39499
12,40439
16,44259
2,32615
9,33003
19,26957
5,5042
17,7803
6,21204
1,42640
6,2519
3,39674
2,43294
4,34812
9,31477
17,4788
1,23078
20,9846
6,46489
20,38892
20,36635
4,48907
4,29682
16,14701
2,11549
13,1257
3,1034
19,23726
5,22814
7,27751
11,33377
17,9735
18,568
19,42608
14,27037
4,38965
20,14352
18,41051
12,46793
13,4327
5,33540
17,29622
20,2407
13,29180
17,27011
1,21347
6,20116
18,35301
17,48090
3,3133
3,12706
4,2996
11,37406
13,41632
8,12298
11,7504
12,29705
2,6390
6,39572
1,7292
9,30297
10,44340
6,17829
2,22129
6,28914
20,44892
17,25605
5,6111
14,39114
3,3414
5,41901
15,32873
18,32106
3,44014
9,33394
15,28586
12,21527
4,2989
2,12475
3,29901
5,42853
5,16427
3,48832
1,21948
15,396
17,27151
2,30328
10,24712
2,4845
7,37348
18,10672
11,45152
6,21320
8,42970
9,33035
7,44446
6,17410
5,39093
3,35515
14,6625
3,13517
1,30765
12,11727
4,41764
8,20357
4,2072
12,7922
13,15525
15,29213
7,17402
16,33901
5,48247
19,7738
5,12892
10,22763
4,22797
18,32227
10,43012
5,37326
5,11523
14,14521
11,10923
1,4171
17,48739
3,5358
7,2048
17,31104
19,13829
18,29183
4,35246
14,252
6,20019
18,47038
7,41945
16,32292
15,26911
13,21298
8,39606
15,49349
14,45139
18,13264
3,31582
4,20591
10,10630
1,7238
14,25854
5,1691
1,31021
15,12213
17,40149
19,48426
15,15871
19,13465
19,12965
19,28372
18,28198
7,27975
18,15929
8,47607
14,36592
17,32383
3,5219
18,24190
7,25960
8,33024
2,35486
15,6465
9,46330
9,20086
5,40811
11,2043
9,12040
2,41197
18,14702
2,17247
7,23358
19,25387
16,37037
4,32128
10,14755
9,39548
6,43239
1,37112
16,30344
10,32419
4,34827
1,34960
4,17004
13,32499
17,12137
19,49368
7,38926
9,36993
11,21791
20,39490
6,43623
14,9604
7,20289
16,23119
18,9441
10,38513
16,1209
14,32369
10,41002
19,22614
14,27776
17,28872
3,17524
16,20552
8,22843
3,4380
16,630
7,45523
1,27812
14,33468
10,44419
8,1920
2,11484
20,25344
14,26106
14,40979
4,39611
15,16757
19,27888
20,24630
18,32846
3,15594
10,48295
14,25589
3,42895
15,8392
12,994
10,3349
20,41370
1,45561
8,24089
1,2492
7,46150
3,38154
16,33118
13,38209
14,41276
14,30778
18,18048
16,10502
20,41384
19,21031
15,25660
3,12895
8,41251
10,15853
15,20246
11,46789
15,36829
15,27543
14,14225
4,30779
7,25149
1,28919
11,40029
17,42698
18,38638
10,15326
17,43053
4,12661
20,33338
2,36706
20,1405
18,4999
19,44612
4,13820
4,20765
5,43907
10,43860
8,49582
17,35228
9,9735
1,10880
17,34643
20,40187
17,34960
17,10982
1,17565
8,41457
3,44625
3,44154
20,33128
20,42588
5,2483
11,38959
2,32090
12,21293
16,17714
8,49237
12,40273
19,26940
8,33115
17,33560
6,35405
18,4456
5,22431
7,20574
15,17816
7,12974
16,747
7,1888
19,10923
13,25123
2,3662
7,7028
3,11052
6,23078
1,28733
2,12074
19,8733
17,41178
1,16352
7,25142
9,20527
7,33957
6,17418
8,5306
19,13043
13,46044
15,42661
7,17497
2,16088
18,27108
18,10031
15,7797
17,41978
12,28725
15,1517
6,849
9,48495
6,46663
7,26109
16,22734
16,32010
7,43832
5,2987
16,26670
9,15402
13,23197
4,4688
15,19880
16,31192
16,19185
4,16260
20,38869
18,42090
11,40339
2,7902
11,38082
11,39123
3,44495
16,16536
17,17829
5,18319
1,15746
13,1293
8,42524
7,36137
15,9778
19,37087
9,17204
15,35295
16,33443
7,20040
19,49188
15,29308
11,32814
4,48585
19,43333
20,30184
18,36385
15,42746
3,33847
10,48533
14,23135
17,6767
5,31561
13,26306
2,20103
5,46194
8,18025
16,48548
2,32258
18,29583
3,7259
2,40856
7,41421
14,14515
19,13815
13,9082
20,42475
4,35926
15,7640
8,35822
20,35939
13,31871
17,13562
17,27039
9,18283
13,20358
5,5334
11,46012
6,28279
12,46988
10,21777
5,49925
20,23174
19,47679
16,4495
7,12493
12,9442
2,33467
17,48440
12,34955
13,36163
8,26656
17,14324
3,23599
5,24900
2,16440
10,17640
19,48445
19,49109
16,38653
12,18626
3,44734
8,45313
14,36575
8,25665
14,18631
13,33321
14,44192
16,49847
12,8076
18,3366
18,42952
3,15216
15,35142
11,35396
8,26278
18,10412
2,40411
19,35158
2,6229
13,1623
4,13384
18,29504
19,24779
14,13428
6,41235
20,35067
9,31110
17,28904
15,44328
15,18032
7,24078
10,385
16,3548
7,5139
20,14256
14,9768
4,351
15,11315
12,12398
2,39791
17,25225
10,20281
5,21841
19,44242
10,13548
17,10087
1,19885
6,29394
20,25809
3,44443
15,15893
20,11413
2,13622
15,48306
11,19867
6,38444
19,32816
7,9271
3,47995
17,48886
13,39786
20,24421
6,43952
1,7395
16,4577
12,38172
16,18940
9,6531
8,25725
2,1755
2,42578
5,40107
8,21589
7,11741
4,42479
10,48530
4,14410
13,22330
17,19690
1,334
8,36205
15,21963
14,40946
12,26532
16,44206
18,25389
15,42723
13,26683
1,12040
12,22297
13,35288
1,10462
15,4041
4,34668
15,14165
17,47230
11,3627
2,15191
18,27032
15,19888
11,19791
15,10607
3,15690
2,41812
7,25062
11,37062
8,22448
14,17219
1,19172
5,23003
6,12917
19,46134
16,38518
16,45450
19,47735
19,6238
8,33224
14,13681
10,38498
13,32377
20,40691
19,19245
8,9121
18,43714
15,13420
14,6921
20,45497
1,11756
3,44314
7,29249
20,39902
7,47280
12,19608
20,10792
5,23157
19,43693
7,6429
13,29139
20,33914
13,28602
15,46773
14,2205
3,3758
1,5471
20,5475
12,20958
6,15373
15,26723
9,4382
9,10046
12,31792
2,46573
6,29752
2,9935
1,31498
10,1367
12,866
9,17258
17,9170
12,2329
9,26124
8,44785
16,28575
7,25257
19,36455
16,32007
7,41042
13,13273
12,24421
12,6048
13,44466
3,3478
9,36802
10,38598
20,48902
13,38738
3,39713
4,44038
1,32682
18,9618
6,4402
18,26966
5,17720
13,45381
2,46697
9,5198
1,49524
4,36946
6,43710
12,3767
2,46427
7,1780
4,30962
18,1315
14,42927
3,47788
5,29039
3,17948
12,25888
3,46441
18,21907
8,38220
4,33359
16,41650
11,44852
17,10711
13,47825
4,29511
10,15656
16,30736
8,30249
4,27114
16,43580
4,7840
13,27551
12,38533
1,28477
4,42441
9,5422
7,23781
1,18801
10,27333
2,29978
6,38923
6,12887
17,24738
15,6838
5,37702
13,39186
5,23621
4,5278
17,39436
7,14819
19,39068
15,7360
3,20896
14,12048
5,12031
17,6490
20,48606
10,25325
14,2596
10,35609
12,11001
8,41782
9,24205
10,18917
10,29571
7,31406
11,20923
14,22972
3,31776
14,17293
17,48288
9,2025
2,45027
18,39000
6,45977
13,31212
2,38251
6,28900
17,18301
13,11504
16,16681
14,10740
15,21266
7,49172
9,44368
7,7699
17,42692
1,19769
4,13055
3,26330
14,10089
11,19053
11,40440
11,19172
16,43908
11,44145
17,36096
4,20688
14,20302
13,23952
4,22231
13,43202
20,6043
7,24311
6,18376
8,22816
15,31860
17,15134
2,20837
19,42842
17,4568
3,30696
1,37684
3,19760
9,36101
13,28667
8,41840
11,42428
16,20994
20,35891
6,9639
1,1000
18,6796
4,17503
10,43858
10,26609
7,32979
2,44517
1,5483
7,47967
4,5138
8,37561
7,5951
16,32413
13,10275
9,3226
16,9438
1,12448
20,30402
8,27548
18,43005
10,13781
4,4394
11,36327
3,40423
18,21919
19,10339
15,20354
15,40097
17,49731
5,5671
16,44931
7,15982
20,29051
17,21825
1,43778
9,7666
12,9573
6,2745
11,36196
9,34963
1,8267
17,42846
5,32946
14,27015
9,13691
20,36873
15,8915
3,32345
4,47140
3,23685
8,48929
8,9401
12,21695
9,14711
11,7606
20,48651
10,267
6,30910
12,1078
12,15061
7,33828
4,49715
15,36216
15,6701
16,36440
5,4747
7,18100
10,41056
11,6115
2,33309
5,43649
4,6446
2,34906
17,4462
12,35864
9,32603
15,22096
7,23720
4,37330
10,9497
8,38347
17,31831
20,6880
2,10695
2,45339
15,22747
14,41493
8,43207
16,12584
4,28446
19,3691
12,16285
13,28263
6,11081
15,41542
16,44011
19,22751
15,48894
17,3932
4,22445
13,48117
20,16168
17,37256
7,9383
16,41450
8,27389
10,30948
11,26478
12,10763
2,40659
10,10083
5,26252
19,5766
16,30226
13,15907
1,48240
16,45709
20,33574
16,39968
19,47916
3,6299
16,49341
5,36231
4,19149
10,43665
12,49443
18,563
17,16787
18,35369
10,38075
9,42147
7,185
2,3889
6,13722
13,44756
19,7615
19,16530
5,113
2,11725
3,16484
7,43716
16,45752
5,40660
8,30430
2,26549
4,20378
6,32859
10,20184
8,31979
1,45635
3,35167
14,25264
11,24898
20,39790
12,3988
19,33595
5,3220
11,12179
7,4845
13,14060
19,15108
13,2437
7,37079
3,49360
10,27926
3,45182
3,28938
11,929
11,26148
12,47527
7,40353
13,16277
8,530
17,38772
6,43604
4,23489
5,9106
15,15448
12,785
19,23025
9,8125
2,24416
3,20340
8,43161
15,43952
12,6809
19,6033
7,32945
7,12212
10,2491
15,10773
19,3495
8,45233
20,11694
6,6084
16,501
16,1646
4,33515
19,19563
19,776
17,42402
2,49483
3,41795
11,4767
3,32249
13,23955
11,44736
14,21180
5,33415
15,13358
7,971
1,47820
20,21209
2,20197
14,45884
7,14349
14,46178
3,48673
11,17889
13,46373
2,32274
15,20990
14,26495
5,43623
8,35736
13,24853
17,361
5,34151
17,39718
19,24626
4,45211
3,9936
6,4430
2,2298
7,49943
2,7360
13,3173
18,44354
7,33718
7,13770
20,29420
4,18035
6,5857
13,12170
19,33102
19,3869
16,40344
2,24953
18,29383
12,4507
7,32737
15,19921
11,48824
16,26806
20,4221
16,24563
8,22768
10,37304
14,28841
19,3203
5,23870
15,41027
16,49428
15,33230
15,13884
12,34522
11,37577
13,4778
2,37188
13,34097
18,28161
19,42141
15,22213
4,19128
10,10647
4,43213
18,44774
5,39708
14,39245
1,23046
13,1841
13,46096
3,5971
5,1042
6,17049
10,14985
19,42030
2,6564
15,42415
9,26475
16,44507
12,43441
14,40453
16,34922
8,33398
2,33609
10,33316
15,45925
17,15945
5,39900
1,36671
15,24317
19,37273
2,17234
5,48428
12,29267
11,24118
11,5152
10,27484
2,40030
1,15940
11,43046
4,39548
15,13946
12,6314
13,24148
16,36384
7,21621
14,44679
5,44631
7,29666
15,25359
6,2931
10,16284
16,37869
11,18692
14,29863
20,35968
9,17794
8,47151
16,42311
19,23531
2,14441
14,42498
2,27295
10,38288
11,31969
5,34744
18,14097
11,20006
17,26036
10,16899
8,13990
11,47032
13,49620
1,13492
16,17657
15,21140
6,27697
18,19588
5,32198
1,48470
9,17152
19,15941
10,40789
20,43110
7,4911
1,18895
19,32759
13,33901
14,16203
19,42296
8,37723
12,41324
11,18819
19,47673
18,14416
9,4759
15,45327
17,30726
9,31142
5,23623
1,35400
13,5002
6,46772
3,25828
2,44568
9,48953
19,7015
10,49845
9,16239
5,38657
8,26214
10,8271
17,20603
10,14169
9,25985
11,42223
14,36489
12,6979
9,4759
18,21327
8,40599
19,27263
1,23644
8,4017
14,32014
5,33666
15,17229
15,10219
2,32671
6,19185
8,12755
16,19526
13,49265
11,14955
14,6967
2,42026
9,2456
16,10857
12,10854
14,14150
6,4831
16,36592
16,15210
17,10938
5,14935
7,37143
13,14309
2,31228
7,7592
12,47004
1,46408
6,9167
20,34602
3,22235
3,20627
16,32148
16,21141
2,5131
9,14008
3,31857
11,48360
17,46873
3,27393
8,44689
3,44872
13,46296
12,42973
1,4969
2,5015
2,27156
2,43690
6,15499
7,38836
9,2663
16,2242
18,44594
3,26888
18,22295
12,14731
17,17878
18,23214
13,28910
5,17925
6,9938
7,47826
17,15127
15,10063
4,44619
17,34578
17,40518
6,8545
16,21348
12,38869
18,21450
8,29158
4,5918
9,20221
17,4564
17,18475
6,9864
18,2844
16,32743
11,8898
3,40904
10,41079
16,21545
19,47053
19,31437
9,43370
7,31354
12,24211
14,1865
17,492
2,8271
11,22445
2,22241
9,39141
9,46703
14,16096
8,4999
17,41766
6,2739
18,23485
3,46107
13,7649
10,23658
18,5284
1,17460
11,36541
11,18156
7,24142
9,11863
19,21142
15,38898
20,37362
7,31766
10,10842
6,9910
18,44281
3,42859
15,13515
9,39593
4,21606
2,25951
7,7036
11,17667
11,40394
2,8737
4,14875
4,21762
13,47741
16,6862
5,12218
17,7137
16,31636
11,12136
15,9946
8,45366
19,23570
17,9499
1,3908
1,44514
14,30082
9,30474
5,28271
17,36773
7,48172
11,27036
14,4759
5,44403
10,11569
6,26602
14,42907
1,47881
19,46919
14,1224
19,46803
5,3945
5,31682
12,41346
17,42083
6,45658
10,35728
17,47652
4,37603
4,49724
5,10442
12,14691
4,35732
3,23340
5,8792
1,6880
13,49171
7,15422
5,40465
11,10979
6,19404
11,2435
9,7486
15,19196
20,43087
4,31977
1,28965
4,43995
20,5347
18,25756
4,17460
3,26865
2,14487
18,46970
3,34220
6,12348
8,46655
20,4729
14,33976
2,9132
19,26589
14,29155
3,40774
20,22933
19,41570
20,29124
12,33789
15,12740
1,20938
2,14362
1,5995
2,45649
1,46609
14,41046
9,46441
15,9285
1,36259
12,16765
15,26811
17,38533
14,26778
2,23633
20,38720
18,3464
4,14620
12,11524
19,38030
6,41567
10,36196
18,14653
17,30210
19,48083
19,40648
5,1225
8,41037
18,40144
3,13877
6,23518
11,17330
15,1953
17,44131
5,13729
7,45625
1,39320
15,29133
2,10311
1,2407
13,38686
12,16881
9,7298
16,48627
13,10401
11,6119
1,37867
1,11849
8,19494
15,9208
17,7130
16,16479
17,41550
7,6483
13,36689
9,32148
9,21406
1,21715
8,23994
19,13390
16,35760
15,40272
8,30619
18,7523
16,11273
8,28896
3,6665
17,30573
13,21754
2,11864
9,1975
13,16830
5,25627
13,8358
9,48242
8,48417
18,22369
8,32513
16,6380
3,43447
2,21419
14,38129
16,676
11,20998
1,3489
7,15315
9,42068
9,15568
20,16603
3,7089
13,26364
7,42460
2,9067
15,5592
5,16863
7,37081
2,45705
20,1445
16,26771
16,24838
19,48498
2,3126
20,7517
5,37210
6,33939
9,25072
6,35366
7,47131
13,46920
6,38214
10,48940
2,6122
18,16562
1,1994
5,30121
16,18909
17,15918
7,44636
14,14944
20,44284
10,31185
15,30747
10,7595
5,41045
13,45409
13,13583
13,12302
2,2314
9,40909
13,32909
9,16001
15,7117
10,28672
9,20644
5,34707
9,16761
3,2820
19,18835
9,36947
8,33561
11,22128
5,18383
7,23421
2,3670
15,44619
16,3651
3,4613
7,12133
4,5803
3,33811
16,32565
7,36986
17,33612
14,12007
10,40261
11,37023
18,32102
12,20417
10,21982
18,18462
14,27107
17,7217
2,36769
8,25714
11,5164
4,16635
9,5690
11,44393
12,17722
18,49699
11,47752
20,15148
13,41379
13,11328
19,24339
12,39740
11,17282
12,47641
13,31814
7,48913
7,49125
2,21380
7,45165
11,14206
5,11723
4,10289
9,44832
6,44235
2,21121
7,41226
15,27224
2,8531
7,8524
6,26397
12,49786
8,45447
7,9567
2,39624
10,5088
4,45821
18,16789
6,11949
20,28497
4,17018
1,49104
7,32690
4,9631
2,41262
3,42174
7,24665
13,16788
15,36197
15,31877
13,36276
4,39789
12,35191
9,42868
4,44203
8,5079
5,38130
8,16621
7,19233
15,11141
12,42940
16,11104
2,2251
13,44484
14,2032
16,10067
13,10202
5,35320
1,35436
14,4641
6,48064
1,15784
4,26250
16,22629
20,13253
3,31489
19,26359
2,41662
17,13479
2,39010
9,36792
17,32953
5,2827
3,41163
14,46744
20,24553
19,8229
10,17883
14,3124
12,21658
18,18161
20,26704
20,48120
5,40692
2,16112
19,9248
16,12876
15,22665
13,15919
2,13696
4,35074
17,10822
3,31272
13,49632
2,3898
19,39972
2,40623
8,24466
14,25424
13,34795
11,33499
10,30206
1,10507
16,43102
15,18481
15,804
17,18801
2,38736
3,11018
16,12012
18,33341
19,4082
7,28134
20,7143
3,31548
6,44275
8,44368
17,32407
15,27879
6,21814
6,11464
6,27162
9,13896
20,3655
2,17334
15,12141
9,11536
4,48380
4,34965
11,28042
1,30373
13,39196
16,8405
5,38939
20,42326
10,27360
16,2985
5,3555
6,11395
20,2611
1,12088
4,16957
3,11667
9,7265
10,42829
8,9186
5,35961
14,12202
6,48752
12,21289
5,23736
19,43932
14,38945
13,8386
9,22746
15,46160
11,46070
6,2153
19,31363
2,11186
10,633
9,7108
12,6894
5,24838
20,49452
11,32610
18,46563
12,44275
5,13570
14,5419
17,45700
2,37684
12,4798
11,37300
12,36436
4,45927
10,48890
1,9185
10,18373
15,32806
5,11217
20,28358
9,46822
17,37136
5,19405
18,3024
5,20286
19,17034
5,10587
2,45964
18,12146
14,19338
18,13225
3,5950
13,1823
6,8761
8,42662
4,46078
17,29359
16,32705
3,37479
18,47896
5,10209
2,47348
3,37353
18,38800
16,24162
4,40287
15,27116
19,38150
20,10496
18,9673
3,36393
16,42109
7,5812
18,18890
13,33740
12,49629
1,4055
15,28095
10,25632
6,6373
13,15727
16,24302
14,16243
16,11146
11,41652
11,43694
16,32974
4,14420
18,31451
19,34620
2,13825
15,38628
12,4301
18,17908
14,8108
11,23693
6,8404
4,13791
11,45799
15,19725
4,35598
5,21944
20,44071
15,23188
9,34385
6,3250
13,35437
17,2424
2,46664
13,18547
5,30127
7,39508
19,13022
17,32480
11,21126
17,24790
10,42433
19,31796
7,27363
16,3121
16,10905
16,2851
6,4406
20,39293
20,20351
6,40818
14,2814
1,15621
12,28578
19,7779
13,39699
8,35553
10,1912
12,7074
7,49575
1,39863
19,18234
5,15743
9,13932
16,20829
13,45916
12,9786
11,14546
18,31087
6,11331
6,4600
15,16149
16,1332
15,29373
16,29538
13,5094
14,41094
20,18036
4,8416
4,17455
9,44495
6,47439
20,14829
15,26238
5,40941
11,44875
12,872
9,15397
3,10667
8,36787
18,25727
1,30605
16,37240
12,857
17,27456
7,36449
8,35260
13,22694
19,21424
15,401
1,17500
18,9750
7,6505
1,6710
14,12317
18,35782
2,23474
15,42727
5,31020
1,10419
20,9296
15,2108
8,32225
20,48717
14,43874
2,16590
11,27968
7,9844
16,44660
5,29589
10,48953
6,37240
2,24362
18,8179
15,30312
1,25718
4,17257
18,2209
19,46405
6,3014
5,26826
13,48223
8,33399
3,11979
15,6204
1,31018
11,3492
15,1537
3,32944
20,13339
3,1096
18,19905
10,4097
15,33094
5,36892
11,3195
10,25525
18,12017
19,31539
11,40505
12,36856
15,1785
1,32890
9,32959
10,13166
12,20575
11,25306
20,11216
17,41196
17,3414
12,49658
6,10201
14,39708
2,38759
13,25507
9,36120
17,3779
7,49170
4,41704
9,43541
19,39466
14,7282
20,20463
11,1926
4,39581
1,26293
17,36601
16,20290
2,24108
13,4326
6,27915
15,6425
15,41000
3,44908
6,35589
10,3445
1,26085
6,47310
5,33436
1,676
6,37643
11,36842
18,45029
20,49020
6,36650
4,8718
1,6370
1,38404
10,10113
14,44888
18,48992
1,13608
17,29299
18,49486
5,20611
16,27496
16,34361
6,35290
4,35435
3,40649
3,36566
17,16255
18,33946
17,17931
8,4182
20,37855
18,27187
12,23463
16,973
12,28658
7,42787
20,43321
10,19469
15,42232
14,27486
16,988
7,19935
2,39558
18,25529
11,25375
20,43300
8,47505
2,28047
3,19768
5,30302
11,8163
1,18649
13,4998
14,24104
15,6275
16,34906
20,937
11,18463
12,49496
3,45032
7,24866
13,7185
19,44689
19,17884
9,47237
16,35697
17,39931
4,22161
17,20952
8,38402
1,23866
18,41954
8,6681
20,6107
9,20889
8,43642
11,2811
1,35269
6,48113
2,10870
20,5241
5,36583
13,3862
19,7352
5,14279
18,27455
1,14631
3,43078
16,41514
11,24128
7,25194
4,34996
19,47496
20,15385
13,4138
6,19153
13,41639
6,47785
12,304
18,29181
1,47735
12,539
13,5098
12,24923
14,17784
19,44852
18,25820
12,22310
1,38810
9,2843
14,25523
10,17177
14,39991
2,12781
16,1251
8,28097
7,9272
20,24767
17,24604
1,9178
5,16605
5,31186
11,41153
18,30209
7,28211
18,42117
10,28826
6,44727
15,7390
8,26514
13,41092
20,21312
20,33603
19,24122
16,29642
18,37880
1,49022
17,48978
1,13921
16,4406
4,47451
5,11226
17,2907
16,13365
3,37183
2,11304
18,21689
3,38987
3,45277
16,7830
3,19982
11,9504
1,41614
4,2905
1,26354
16,19684
4,31701
17,18741
9,906
15,2947
9,33898
17,33904
7,20789
12,10800
1,15406
15,206
18,43828
6,42185
5,23433
4,38143
10,33867
16,48574
15,665
19,28276
12,22164
5,34804
8,36619
5,20136
20,32898
4,40554
15,8715
4,19616
20,1746
19,32928
12,16851
3,8918
3,1185
2,19875
6,6914
7,28654
17,36073
7,20177
19,44237
6,13251
15,4948
13,22050
19,24795
9,38587
7,26330
16,14503
9,7087
12,44839
9,37550
1,3033
6,38045
7,15862
12,36958
20,45520
13,44363
16,21073
6,48896
6,4668
15,10356
20,30053
3,35382
19,5688
8,18032
8,23834
15,28404
5,34379
19,18232
18,26053
6,9501
19,14301
19,38541
18,39462
7,114
14,21216
11,33079
4,9849
16,13577
12,15602
9,23887
1,310
9,27013
10,15007
9,3228
1,22005
2,9413
15,14316
13,38626
9,41795
12,30143
20,46903
5,48124
5,4155
12,12094
17,41466
12,16246
20,2468
12,34519
17,33456
17,13009
14,27885
15,5926
13,41148
20,22756
3,902
2,239
13,31439
18,2346
20,35744
12,47516
17,5884
12,34324
20,29992
2,30069
4,25653
13,20596
16,5829
2,45806
11,16152
6,1961
11,16802
5,47791
12,6513
14,9619
15,29218
17,18527
11,42167
16,28740
14,33681
12,44166
2,19541
15,22225
4,22943
13,7178
19,32332
10,17684
12,9385
5,29476
19,37050
20,43333
10,5007
12,48163
2,13937
11,41678
3,40649
9,47169
20,27238
8,36739
12,42438
6,27765
5,21790
2,16060
14,30259
12,28227
11,33950
14,653
7,28854
8,40558
7,14943
12,25488
19,19395
15,45281
4,29582
4,45784
13,4019
4,31255
2,47888
11,15791
17,25149
20,24566
13,33254
13,27872
5,46384
9,47668
16,7732
7,8084
2,42164
19,8023
6,26118
4,32801
3,638
7,19980
3,792
18,1503
7,13660
14,32219
14,37375
19,45407
11,37339
20,42440
5,19438
5,36714
15,15576
16,30178
4,42029
3,13007
1,15310
12,31446
9,36481
1,19043
6,11329
3,22682
1,33150
18,37944
16,42788
15,25049
3,17977
19,34073
15,2717
3,42337
4,26118
6,6104
2,13862
2,4683
7,46453
7,46655
12,42043
9,42330
8,36173
11,30695
2,42004
15,39418
6,47293
18,18853
9,44470
14,30685
12,17139
16,7520
8,30509
16,10877
2,11069
20,41410
9,9017
2,9380
11,43693
4,30238
20,14032
6,31602
17,23832
10,1759
11,33046
9,24733
3,32294
18,33788
18,36550
18,27413
16,4012
16,4544
14,45154
1,26686
16,35893
12,12882
18,20781
1,20100
12,6508
13,5345
10,19489
1,7085
2,11855
4,37530
4,26951
20,5172
13,5623
4,41484
17,37904
15,31075
13,7532
12,39062
1,6076
16,29585
15,24938
14,25412
3,6957
9,26292
14,43929
4,47930
15,8725
4,31721
3,37848
17,19822
10,34608
9,31371
18,27219
15,49250
4,49885
19,38164
6,45730
3,2055
14,30731
12,23233
20,43526
7,38639
5,43399
10,32710
15,37400
18,20952
14,13704
5,2737
11,40463
5,9747
9,17102
1,9170
2,16066
9,28179
18,18473
9,44343
13,23382
17,41859
14,47336
19,15071
8,46404
11,47619
17,43972
5,35833
8,20294
7,15110
5,28015
11,8469
17,42608
10,15899
15,37471
3,36888
4,34081
15,16071
17,39219
16,18926
2,38924
3,11598
18,27659
1,33707
11,49563
4,35168
14,8182
8,30874
4,20364
15,20036
7,23829
11,41780
19,39039
4,27123
9,10700
14,33239
17,21946
19,49101
6,5122
4,23101
8,20495
15,17068
20,41561
16,34879
11,22124
5,37064
8,37218
19,13291
10,5906
3,7378
14,15654
10,26124
8,15552
19,26296
10,40280
1,36744
1,23707
13,33849
1,19149
11,3218
14,2912
1,34918
4,26928
12,45385
4,12946
7,10998
13,33584
2,40178
14,26848
4,47517
18,30966
17,29950
4,4623
4,6860
4,30362
14,20755
4,4300
15,34451
18,15507
4,8914
19,20835
16,17471
19,8160
13,42180
9,49699
3,19774
20,1667
16,6023
16,18808
18,37166
5,27422
4,5822
4,24784
10,34334
2,45461
6,6874
16,45679
7,43590
8,37213
17,28255
17,23461
18,49310
16,12099
5,11651
20,29879
20,16821
18,234
11,329
19,19385
8,21453
8,29963
9,31774
9,26835
18,29085
15,4592
9,48345
2,18224
19,5933
14,36618
17,9905
5,43108
15,20652
16,37408
17,7802
2,35287
10,40251
1,37107
12,41535
8,4035
7,9435
20,24190
3,7910
14,36387
17,954
10,16219
3,8686
2,46416
9,45903
17,28181
2,12039
11,10286
17,21188
17,39811
6,38546
14,14374
1,9453
6,29058
19,17013
12,44366
20,18444
3,47717
15,17306
3,37162
17,42638
9,22699
13,6077
9,45598
1,30405
16,10509
6,31225
16,34558
4,30738
16,22452
19,31368
18,49727
6,49752
19,33151
10,47966
13,8198
7,46315
17,44960
14,42812
12,47412
5,5298
6,33621
2,21265
14,38736
10,3252
6,25615
5,1975
12,29671
20,49806
9,47217
5,31297
9,43052
12,41855
3,32631
4,33415
15,5999
4,33725
5,28423
9,10616
3,25997
12,24195
20,8679
16,20170
9,35780
15,24036
13,38650
17,48868
5,26804
1,40400
7,24722
15,37066
11,38288
13,30881
8,42460
8,23710
10,32394
1,2209
11,39473
19,7751
20,9035
11,24262
3,21573
5,27667
5,36911
20,44923
13,16606
14,22920
4,35012
13,12542
15,26522
12,36156
19,32746
11,6101
1,42985
14,33730
5,14158
11,39788
19,47958
10,2911
4,49159
4,30650
19,35688
12,45448
20,40384
6,11632
18,48663
13,40305
7,37896
9,1493
6,20893
3,46243
17,48637
14,36604
5,5489
20,29633
6,25588
16,46359
7,16855
2,18943
7,8697
6,5395
7,29765
16,2129
6,18782
5,40975
12,3039
13,33815
13,12177
19,47069
4,675
7,15211
13,18225
7,26726
17,37375
4,8450
9,4347
9,24462
18,3761
16,13245
7,9861
11,12009
2,22915
13,39293
7,35778
13,39532
12,43420
20,44372
7,1043
8,2343
16,4811
16,9071
18,44824
19,38348
19,18837
12,1383
9,14457
7,42793
10,36831
19,10827
1,24058
10,40032
7,13448
17,41809
16,7418
12,4478
9,40623
6,28586
20,23196
9,47821
12,48094
15,45466
16,37940
7,48114
19,43850
16,16060
8,47980
15,23774
15,25518
9,2627
16,42429
5,32779
10,40266
18,6666
10,39093
11,29196
19,6795
10,37006
13,34578
16,22069
3,30427
9,33520
12,27550
16,32984
18,16359
1,4534
1,48312
17,22908
19,19107
8,40010
16,32416
5,14955
2,48925
9,23505
20,4167
13,2411
11,1782
10,43815
3,16690
19,36153
8,15891
1,23316
5,33342
1,48935
12,22417
15,32329
19,9491
20,43256
7,3796
2,27259
5,4231
3,3854
3,11579
17,36509
7,12994
8,29695
10,34615
13,37284
6,31769
19,19789
13,40635
11,6193
8,45203
5,8133
16,17617
15,33595
2,11271
16,43724
15,47640
14,46624
9,11597
6,11950
5,30970
10,27113
8,808
15,12614
2,8075
4,46615
10,12812
11,4887
7,10429
20,46762
18,42760
15,2989
10,44756
14,347
12,10854
12,589
7,1445
10,45229
16,34039
8,18122
18,24156
18,12728
9,26167
13,22221
18,41271
17,19195
11,24236
20,37428
7,23026
5,22248
19,23619
3,19653
11,40687
14,3702
20,12811
6,41731
12,24114
20,1470
5,15289
9,14247
18,27447
16,45652
13,30769
3,10736
3,23849
4,40148
10,23317
7,11862
15,27311
8,8803
19,39554
2,16513
19,16788
15,17711
18,25771
8,34464
18,45042
12,20892
16,12669
9,42117
13,6116
7,1605
11,49734
6,14667
11,14912
18,17926
20,22124
5,36032
12,34008
2,49506
2,44394
2,46129
15,36463
20,42995
14,9939
16,6366
17,30803
1,37130
7,36448
6,11149
6,8973
15,27151
19,31827
12,26801
16,2444
15,43028
2,15543
6,9382
18,38911
13,17403
1,38139
7,45358
4,32268
19,7864
17,6270
1,37680
14,34170
8,10341
20,840
1,4156
2,3482
10,17055
5,38343
19,30536
15,7245
16,172
17,26281
7,6821
13,30121
9,39194
5,620
8,15988
15,35631
10,30763
4,1018
6,26424
15,22887
2,42415
16,24137
20,47246
16,23199
12,2123
1,43345
2,19057
19,23907
3,3154
15,24524
1,36560
13,39934
20,27415
2,34934
7,11464
2,3429
12,48223
1,41180
8,45355
17,24724
14,49203
10,17351
17,44818
20,7109
9,46325
18,28951
18,18370
2,26992
9,2830
8,11621
2,40024
20,17979
5,3543
4,34331
3,47044
6,24903
13,46511
2,25717
7,43391
9,20293
2,49932
9,32726
9,34746
18,11496
20,26113
16,40208
18,7018
20,45520
18,7191
5,24926
4,35528
19,41220
19,23474
12,30059
15,6868
17,15287
8,31053
10,47045
17,37215
8,10271
1,48545
5,44490
11,17738
17,46789
12,19176
12,7985
2,44849
10,11240
5,38095
9,48067
11,46334
5,44083
19,7847
18,22038
16,4325
20,46516
18,21362
4,20275
7,42980
7,23133
12,45143
17,6487
17,47101
4,36579
7,19716
14,12009
1,26264
7,1886
13,6261
17,44246
5,14179
6,4315
5,1745
11,534
9,37106
7,25726
4,17291
14,40647
17,5401
10,18039
11,7658
8,19353
8,27459
11,43490
12,31444
7,49617
13,46159
14,7242
1,19841
7,16531
11,36714
11,29149
1,2883
17,4997
12,9998
7,12143
1,28889
5,42156
12,41107
19,35432
2,10627
1,8390
19,27665
14,7506
18,4811
5,28483
20,36338
10,33545
15,36827
6,39213
13,22043
3,44761
3,10155
15,48675
6,47616
3,31843
8,34783
6,18090
9,44087
5,28061
19,1344
12,29279
15,27604
1,18907
12,20017
20,609
4,23488
10,24242
8,37338
11,49603
14,27152
10,30488
14,31858
10,16370
9,28915
13,29540
3,18173
3,12325
3,27473
6,35538
13,40470
14,36999
18,20189
4,16873
12,4588
17,512
11,31004
14,46307
1,14304
16,47181
13,11771
16,17602
20,44136
9,7488
11,7581
4,19259
10,1591
20,17526
18,39979
15,252
14,5070
12,4580
14,48143
4,1436
10,22822
20,40995
12,37981
14,844
18,12402
13,9472
19,20819
2,27234
20,21292
11,22395
20,35983
3,41346
12,27971
4,38405
2,11094
12,26647
5,4794
19,13223
1,33594
2,43809
18,17992
16,29017
7,26722
8,18528
11,7682
16,30699
19,22859
2,33236
8,43046
11,24989
9,7983
8,26043
12,33118
13,48500
1,29045
2,19685
19,4597
2,43308
2,14531
2,4535
4,14023
14,33606
9,39426
9,36634
12,39672
20,20124
5,45009
11,23507
13,46970
15,45182
9,28959
10,8542
17,49917
9,7730
11,13128
2,34015
20,23582
4,1030
13,47450
1,40961
8,22197
2,756
11,37592
4,40789
15,40062
13,8299
1,23671
12,28077
1,33201
11,12445
3,5227
16,15494
20,43838
18,1315
15,41757
6,14845
9,43039
14,669
12,7948
4,25284
14,48358
6,27017
1,45622
16,15371
4,764
3,26326
20,8347
10,41835
10,36601
12,29217
12,41044
5,42266
16,29896
4,49643
14,32035
2,18801
10,7060
9,27537
11,48258
4,9531
10,33140
10,49909
15,41652
12,8570
12,48173
7,45815
11,15606
18,15397
19,33582
4,32309
1,26970
19,10297
16,4657
2,44973
6,5076
9,16827
15,40839
3,11070
2,37732
2,16143
7,16022
1,41185
19,46568
8,40326
8,22962
7,45978
15,21295
17,11043
20,13033
12,28766
14,15159
8,38367
5,12702
9,2152
14,16121
20,34109
3,46943
6,13310
4,3478
11,1410
6,19855
18,22252
19,35637
1,38414
10,20844
11,18130
8,25135
1,31241
9,30375
6,5284
4,49182
17,6360
1,37318
5,18733
19,8589
18,49326
12,40049
5,24493
11,33547
17,37330
17,18122
9,42406
1,8244
1,41846
1,32575
9,46716
12,32584
2,22307
7,47122
2,2230
13,41534
14,23056
20,38496
6,28202
7,32049
12,11346
19,6009
18,12013
13,43897
18,16565
18,33647
16,25043
18,37558
18,42026
19,39783
20,3199
12,47912
12,19174
1,36155
8,46714
1,574
6,45184
2,49108
16,13125
15,44637
18,23457
4,21075
19,16203
15,6174
12,37922
13,13514
4,26595
5,24509
3,31698
4,6890
20,27175
7,20814
19,47577
14,17350
12,29047
9,32149
12,38741
9,9125
18,28567
15,3917
10,36163
1,20398
19,6038
2,24385
7,26008
19,33433
6,31420
8,25863
6,9911
13,25748
4,394
15,47962
12,21308
19,18808
12,21111
20,48215
11,23961
20,31018
15,14739
4,34918
9,12872
16,29563
7,22155
7,16858
16,35476
6,41206
13,39845
18,21667
18,3097
16,8322
13,12616
19,7757
19,10403
11,40822
2,39034
6,46381
10,43659
6,11079
20,4950
9,20447
11,33491
12,35200
15,49202
5,37384
14,38069
8,46852
5,49649
13,39629
4,8676
18,3061
13,49250
10,29443
3,29149
12,46197
5,19320
19,45394
12,35317
5,46979
20,23976
13,22756
16,39983
1,25987
20,29657
8,32929
3,46038
15,49740
12,44834
12,1414
13,21769
12,34945
15,42207
8,44910
13,35712
18,20201
14,1287
11,18854
4,13281
5,14749
18,43503
20,14379
9,42978
6,19875
19,7024
8,11231
9,23846
19,28222
2,36497
2,2306
13,24223
2,48469
15,6596
2,26199
14,10695
19,22941
12,33747
4,30028
19,30997
15,38336
16,13422
1,4254
6,47043
19,29320
6,26069
1,2981
13,32833
1,42726
14,29391
19,34884
1,32822
19,38351
11,9003
13,13593
19,19362
6,18055
10,28786
8,20831
8,18183
8,40383
9,37105
10,43606
14,25927
8,44464
1,39188
18,44180
16,36809
20,20172
16,48199
10,47705
15,26908
5,10978
2,4720
10,41231
8,28755
1,1116
10,3425
18,10119
19,29778
15,19483
4,48428
7,3514
18,22724
19,38454
15,14618
12,21161
19,23848
19,18446
17,26374
16,1358
11,46145
4,4465
14,8293
18,42501
7,30725
8,23223
2,33873
1,29219
15,27008
14,19333
19,38983
13,8771
17,12788
15,8509
5,23896
19,4493
18,34472
14,27728
18,24913
19,39762
20,49175
14,24537
11,30516
9,29594
8,15771
13,38289
2,20657
1,14334
1,21954
15,31881
13,20203
6,37996
3,31615
11,8841
19,28048
20,20167
1,32791
20,46473
8,3208
12,3990
18,36939
12,46067
13,9476
19,30332
8,29991
10,49659
20,17392
6,25531
2,19803
4,14828
16,28789
10,1370
13,9106
13,3170
17,10577
20,47547
17,41284
1,2801
19,30395
8,15665
3,35843
16,19652
4,18531
18,10947
1,21659
1,1751
2,36061
7,1323
9,10075
13,23934
16,49864
4,37014
12,22208
16,45970
7,4652
9,21268
19,10279
13,41004
5,2834
16,1610
16,1646
5,48844
16,8042
12,43216
19,32547
10,6963
3,30629
15,35048
19,22264
7,39502
10,37094
19,31225
7,3225
4,31556
8,40621
13,864
6,26640
11,31961
4,20712
14,7501
16,26034
13,20059
20,34290
2,42046
3,32204
10,14825
3,37147
19,7050
19,31355
16,42547
8,36433
16,20551
9,41408
5,3009
3,49759
13,11111
2,31982
7,6488
2,27366
2,38164
8,41592
20,44728
4,35408
12,43219
20,47897
13,770
17,48563
20,30148
20,16009
10,12561
9,43564
16,15505
20,25971
1,44849
8,27027
10,35959
7,42237
5,37377
5,35850
11,454
3,16736
10,43916
5,24912
15,48880
17,19952
11,7195
2,27031
19,12937
20,48968
1,14020
8,6107
2,21648
18,32362
11,11881
20,17561
6,31775
4,9981
12,15943
6,26179
13,34903
14,2151
6,8717
12,10386
4,43247
1,13494
15,16473
20,28757
19,3481
18,1027
8,3197
10,20348
12,1575
8,4941
8,21100
19,18761
2,8948
6,36173
20,23466
6,7795
12,2116
13,41627
9,1119
8,32222
18,13538
18,10301
9,47173
7,3493
12,49613
15,12727
18,7615
5,41581
2,32754
3,15826
6,27523
20,42695
10,13834
20,33344
3,8851
19,32982
16,39880
5,21322
8,4150
11,5157
8,49380
9,18877
14,35472
9,41162
20,35231
16,23859
3,42226
6,16245
14,34791
12,34576
13,45759
2,6026
20,36300
14,10067
18,31091
9,12060
18,12994
5,23846
9,41016
13,44547
7,18955
20,48528
16,13026
8,1666
16,27908
2,7914
9,677
2,224
6,15612
7,13072
2,39150
6,5501
12,25555
8,9351
4,39157
14,8930
5,6928
5,3476
20,45073
8,23794
14,18049
4,30638
5,14085
17,6322
4,6211
18,15393
17,5406
10,7592
16,9891
5,9377
10,35785
8,8045
3,832
17,12877
15,3292
15,7684
19,42154
2,31995
3,33684
13,6272
12,642
12,43292
15,37737
8,41290
7,30495
16,27292
2,3702
9,8898
19,5898
5,18630
1,2489
12,38857
9,32461
5,18681
2,12181
11,6645
7,4266
6,45695
2,22686
10,5652
13,38898
4,48205
19,4865
14,15740
19,37714
1,49595
6,4596
5,34835
9,6669
18,19017
7,4661
11,32010
18,10007
3,43184
15,18933
20,19498
18,13564
6,6129
3,40144
2,37682
20,3517
5,29135
17,44904
10,38205
4,46719
20,28990
1,5919
7,25399
10,917
3,3421
12,41979
1,25072
12,11775
1,27029
5,6788
2,19287
3,45158
16,42529
16,1887
14,3721
14,25781
4,38376
19,13941
8,19314
19,24712
7,7546
3,23857
16,21897
9,47992
7,6270
9,36573
18,42040
8,32032
3,36634
18,32246
19,40426
18,43755
20,9937
19,48243
17,22314
1,994
7,48229
18,16274
16,6874
14,14099
15,17982
5,22910
5,36872
5,8929
7,16676
12,8325
17,9530
8,41063
5,21776
12,8004
14,44714
17,44612
5,34107
12,49861
20,5877
11,6016
13,8245
11,5357
4,34681
8,46534
5,3589
7,1530
3,18817
17,35368
11,47817
11,9716
10,37865
5,12548
12,45020
16,10369
3,8705
17,3902
12,18559
6,34574
15,27291
10,21259
19,11915
4,46585
10,38535
20,19129
10,48591
11,30898
2,13125
6,28837
6,11480
3,13763
1,34078
18,24318
6,14382
3,20039
4,25031
11,25045
13,44478
19,48910
10,41439
17,31563
6,4089
15,21550
12,19491
12,32459
1,19433
13,28868
13,19149
19,40615
1,838
20,37487
12,30501
12,28744
19,42142
1,14848
4,20799
12,42558
13,27301
3,47597
14,17084
13,18037
7,18201
16,44022
7,10815
5,40942
10,4990
7,41299
12,2325
13,24732
14,10738
14,48155
3,49758
13,11761
1,47649
8,35296
12,15393
12,2595
19,43338
12,36695
16,13268
8,30720
13,16244
20,18095
15,16545
2,4194
20,28634
9,1745
12,36002
4,49422
11,25319
6,9692
5,9727
5,29692
4,36847
10,43824
6,23180
14,32361
2,18841
19,24522
1,39700
10,36623
17,16914
15,30811
4,39308
1,177
19,39497
13,26587
7,44094
1,33739
11,3906
2,17648
15,24882
10,43871
12,47803
13,42468
5,5992
3,45891
7,11231
10,18007
18,2332
3,44802
6,46595
16,5314
16,27533
17,29743
18,32193
5,45337
5,13277
18,43750
4,37867
3,42523
13,10824
10,47608
14,16802
15,32193
2,37707
3,30125
12,7564
15,37967
8,34922
8,32464
5,6986
7,35817
13,12783
4,18635
17,29640
6,46492
13,11014
9,7107
9,18359
5,46321
19,37141
14,14595
9,32433
16,9028
11,22498
3,4525
10,45307
12,41706
10,35322
14,951
6,7123
12,25967
16,29995
6,22914
3,44296
17,45294
9,41792
8,194
9,2496
7,32148
7,15838
4,37722
20,16020
19,15402
16,3517
6,46248
3,4274
11,41118
6,1874
3,20529
8,15244
10,26999
13,2177
15,21557
1,15268
12,38272
10,44660
3,42845
7,13527
9,42661
8,22590
7,40866
18,1965
10,44962
5,30066
2,26961
4,28967
1,13374
2,10343
17,45271
3,7163
1,19968
1,3476
8,4355
2,39521
20,24450
13,27032
2,42661
18,45159
3,4629
16,33631
18,47635
15,42516
12,7235
14,20452
11,48318
4,32839
11,7825
19,38686
12,17542
11,17706
14,12622
4,13133
1,20115
20,17958
16,9852
19,49438
16,406
14,15928
10,47397
13,5282
12,4772
16,23524
9,13326
9,40388
15,18183
17,16972
13,17541
8,46533
16,112
4,7423
13,48739
8,28141
7,17115
13,23559
12,20233
9,9288
18,42144
14,34056
6,31251
14,38734
6,45050
18,38930
1,46332
15,21011
15,7709
13,875
9,5722
15,31178
13,3792
15,41317
18,3125
11,46230
6,29458
20,4302
10,36693
12,40655
9,926
5,42174
20,1199
15,2060
11,18050
17,40411
4,24145
1,17012
2,8083
8,49133
18,40561
16,15474
2,26254
9,39768
16,763
14,48474
11,22295
5,12170
6,45259
8,17503
7,46737
8,20736
2,41246
5,21437
4,14099
1,47743
3,2511
8,7076
8,7106
11,38833
2,26534
9,10437
15,8025
14,17125
5,37716
14,30036
7,49873
11,27210
14,38050
20,26911
1,4138
7,36844
13,27307
11,36713
1,33011
14,47483
13,48315
20,20719
20,30110
6,43847
13,24138
2,15991
16,35967
12,31612
3,16223
4,21569
5,49933
7,23565
19,4711
4,24470
11,15378
18,26379
15,7414
13,36746
19,47954
8,2420
19,1179
11,41628
17,36448
20,31167
5,16244
7,27958
16,2767
2,49160
14,5844
20,42562
12,13886
1,9188
18,610
9,294
2,9698
7,771
7,24199
20,26043
16,23642
1,8016
19,4057
9,15664
8,2626
15,12987
12,1838
2,26828
8,421
14,36078
14,26929
3,16985
2,14077
17,529
16,43211
18,28517
3,27478
20,5151
3,20853
6,8597
15,15167
9,12240
14,20836
11,22740
7,25527
2,6530
19,23494
9,30712
20,3368
11,23152
20,23582
17,2132
13,7473
1,5845
17,37098
19,43904
15,6991
1,8034
2,38812
19,7395
17,1329
14,15632
14,13364
19,22383
18,611
15,24588
19,28765
13,40283
6,34170
4,1945
14,44803
2,26966
15,31605
15,17692
9,25389
7,25336
14,2414
4,27320
18,10805
13,34493
12,17086
11,3705
9,815
16,13890
14,2376
17,25267
9,25360
13,21149
11,28896
1,20632
4,19449
4,150
14,6742
12,26872
13,20442
14,25758
14,21450
10,8331
5,33815
3,25978
15,47016
11,10245
12,19396
5,40937
14,14132
20,399
1,38635
14,48859
7,16735
19,30180
3,35213
19,24596
19,41667
1,4772
1,38202
1,43328
13,34393
6,907
16,27800
4,31645
5,31916
11,19870
15,20962
2,17419
2,5729
16,42752
20,19361
13,25885
9,15731
13,8342
12,21330
9,7815
14,3348
7,9580
16,1327
6,32065
15,46381
13,16888
1,11345
18,17611
2,3715
12,11370
1,32219
19,6892
11,21305
17,7141
1,21411
13,22258
13,3751
14,36216
20,49293
16,27866
16,48974
20,8751
18,395
9,248
20,18659
18,19241
5,30924
4,14556
5,17649
19,18071
3,8370
10,8537
3,12100
10,14510
15,1109
20,38981
17,8353
15,26923
19,27393
17,35776
15,36848
17,39091
11,2524
4,42728
9,2218
19,525
19,44334
5,19717
19,40513
13,47070
2,21843
17,12007
4,26831
7,6437
5,11667
15,49656
10,35844
3,37952
11,24849
16,7315
1,3635
18,19050
19,12585
15,10869
8,5499
20,45722
6,33351
1,16259
20,41296
13,30316
18,1175
7,8152
12,40758
16,20096
4,500
15,17679
15,5720
3,35466
5,13756
5,2254
2,22031
18,33153
20,17573
11,16790
8,21495
19,23570
19,43437
3,28838
7,46477
4,31605
3,35560
18,41068
11,105
2,9087
9,19379
13,12378
19,1819
13,5735
1,38508
4,15078
18,11253
3,23350
15,28498
2,2309
12,13026
8,15713
2,521
19,45823
4,26221
19,43314
7,44116
19,47073
15,49836
20,7663
5,47349
19,44637
11,13859
13,14162
13,22853
4,24092
6,18628
5,33040
14,23910
19,36414
5,36237
20,46925
15,11183
9,9570
2,6447
10,15674
18,26663
16,39214
5,32994
6,14923
13,12198
7,8891
12,48076
7,36479
8,8020
17,47951
7,40806
19,23395
18,2882
6,346
17,8443
13,11794
16,23159
2,3334
15,17704
1,4343
7,3386
15,43355
18,40197
10,43403
3,36141
11,43916
15,4614
14,49674
7,33458
13,28733
7,24626
20,32252
5,9952
9,11301
3,44520
1,8120
1,16799
11,3484
11,14935
15,16889
1,47319
10,49993
3,10576
11,37552
17,32652
11,25152
15,41940
16,11790
11,35122
17,14578
7,26588
9,27308
3,43998
18,19749
7,40792
11,15173
2,40844
10,46078
14,9384
18,19522
5,46454
8,12123
9,5111
10,13196
17,31115
14,43279
6,6787
13,13809
9,21844
17,16006
2,36473
3,47244
17,34709
5,45856
10,8598
4,35621
5,872
1,46650
10,8512
11,904
4,7229
11,31979
12,35067
14,29757
14,13490
14,49279
1,22568
11,48696
12,16760
16,38917
8,4670
17,30266
8,49687
15,31626
16,7273
20,7264
5,19729
11,48373
14,12764
16,43176
9,22067
1,46781
16,27317
16,20258
20,31791
2,36358
17,10028
17,13752
16,14460
8,43893
10,42468
11,2295
19,36652
5,14567
15,48741
7,8827
20,20123
7,2223
6,47978
1,9608
20,23343
11,19487
18,37230
1,11547
19,10899
2,32953
17,34360
2,1033
13,43469
10,38100
2,26380
17,37656
16,30342
15,30720
18,32228
13,20472
14,29955
12,20095
1,25107
4,21320
16,3278
13,14344
3,33113
18,39260
11,37073
19,20064
14,22407
7,3411
3,32701
8,49930
4,24999
13,39813
1,47561
20,46305
2,37748
5,46430
3,8554
18,39039
1,27723
14,44294
7,13423
2,35102
19,22157
7,35814
18,14409
13,40601
14,32350
4,22438
16,36439
10,4872
13,18204
2,30460
3,19596
7,45753
8,17947
11,49221
8,37505
8,33794
9,48886
17,17210
4,6961
4,42910
9,13033
6,43429
15,23778
2,29769
5,13627
4,9477
13,32218
1,29024
5,43208
13,30916
14,1572
13,16755
11,32636
19,2583
20,8408
18,9511
19,26195
15,42062
4,39488
5,29269
1,7241
16,38073
15,37688
9,23218
5,18384
7,47420
5,24368
3,49471
6,44147
8,15277
3,42085
12,22129
13,48905
11,38732
18,45855
17,41952
7,22734
6,15661
5,35818
11,22672
13,35376
2,7298
20,41782
7,15134
2,23956
7,19222
11,28584
1,24091
10,11541
12,43493
18,1805
1,6640
19,24547
5,2846
1,6671
5,41104
12,5120
2,49219
2,25788
9,2539
17,29859
16,40898
2,18845
17,13831
6,14268
17,19875
15,11673
7,20747
16,28161
12,46302
11,22435
4,48589
10,24905
14,23129
13,1088
10,42396
16,46458
3,12955
6,4940
16,9979
12,32765
5,37261
3,32941
20,25549
8,905
12,43819
13,25487
9,32595
2,47809
13,9149
15,47720
10,31749
11,39141
11,32250
16,41953
3,32062
11,48417
20,41753
2,21453
14,14885
1,22204
9,28372
8,41591
3,22369
18,3177
6,14836
6,37493
5,42497
12,19314
5,7674
14,47287
4,44059
5,33869
12,7626
7,23123
9,12140
14,44604
2,13321
2,13421
20,31403
3,49153
19,9068
11,23678
8,18439
20,14634
4,22955
8,48556
1,41983
17,2487
18,6469
6,46107
4,33283
3,24596
16,8891
15,9261
15,27151
8,16734
12,49060
13,12675
5,22153
11,48138
9,44237
4,1879
4,7918
12,35157
2,20215
15,15455
9,43769
1,19084
17,48528
18,10966
5,36385
17,29778
19,46177
8,40581
15,4136
8,24104
17,40165
7,4408
2,44130
14,30492
9,32461
5,22334
13,28795
12,39648
18,6208
8,37041
1,17150
4,41590
17,21532
4,34766
16,45600
6,48282
18,5260
9,19634
5,48692
4,314
1,20419
11,44084
13,44585
10,6180
3,23616
12,7063
15,13603
13,37714
10,23106
14,12053
15,38187
4,18912
4,36526
2,10053
7,20956
19,48065
10,47503
10,8949
19,32141
16,40679
5,43907
11,860
8,36822
5,27998
3,45971
15,10753
3,24211
19,40293
4,48145
17,48346
18,13954
15,19076
14,1124
2,19759
18,31432
13,34071
12,590
9,31380
3,30166
20,6343
16,20382
7,22308
9,2871
12,12203
4,44472
19,21517
1,1558
9,4599
4,1084
4,7049
18,12430
19,42044
2,49659
19,43587
5,38813
4,2617
4,46283
13,49302
3,30381
19,47162
4,21007
10,29595
1,8371
12,18028
8,49965
9,19654
18,18848
7,18882
15,46336
14,35465
15,40058
20,49723
14,25032
5,33111
8,6344
4,27209
13,31003
1,49270
15,22039
15,22739
9,48381
12,47694
7,40417
11,13172
8,11655
14,43076
7,31898
5,43604
12,7415
17,18274
4,14660
16,49733
10,15891
20,20713
18,4523
14,40257
5,22061
3,33339
14,26386
5,49927
11,12491
19,45084
19,27180
8,27377
17,12200
6,26737
6,43157
2,36753
19,6319
9,16470
16,26258
16,2528
13,36550
8,8187
11,28685
6,40656
7,14549
3,43782
20,19667
18,2772
17,29307
8,37303
17,14098
10,49776
16,45472
9,35193
5,45271
12,43304
1,41218
14,1965
19,41547
19,47919
9,48178
14,381
19,8597
6,35506
12,36969
13,27197
20,2404
3,48281
10,43418
1,10929
16,24645
1,7507
20,43423
5,40913
4,5373
3,39273
4,33962
5,42055
16,26906
10,46886
8,17563
4,37228
20,49058
20,35540
4,7522
1,29842
17,41103
17,20520
19,25051
8,3191
11,35490
12,37364
17,11099
17,368
9,21539
14,8551
19,27142
4,739
5,21827
2,22095
9,36300
16,9151
20,39969
1,27516
13,35463
17,25878
4,44425
19,1890
20,13323
14,16282
2,49222
17,40597
17,3854
9,42928
5,27141
6,41850
3,13349
7,37916
18,37301
17,13181
4,47930
3,9290
6,8364
2,48169
20,22700
13,13646
16,38799
14,40313
16,38525
12,35007
20,14833
4,46652
18,34886
5,34751
7,14282
20,8823
2,16974
17,26230
17,27851
3,5528
7,43895
13,40029
8,22774
5,36322
19,32918
14,46072
5,35988
2,9120
9,9237
16,37329
12,2475
15,40096
3,36187
12,25532
3,20584
4,41227
6,39314
9,13248
16,8023
6,17048
20,22506
11,10462
15,21245
9,45955
14,41868
3,15305
12,5001
7,6178
5,36143
19,2324
17,42506
4,44186
3,15528
11,186
19,27345
4,12470
16,10497
20,11255
20,24069
10,45593
1,31760
4,34848
18,2528
3,9803
11,49166
16,6720
12,28873
9,42546
5,25250
20,20824
8,6705
6,35979
20,13482
15,11136
15,24729
10,28179
17,29056
7,47788
8,44657
15,28893
4,24858
8,7966
1,20104
1,11164
13,2086
20,15614
8,24268
15,7306
12,44231
13,38041
20,38082
7,6852
4,11500
15,43026
16,34951
6,7090
1,25394
7,35879
4,37978
15,13518
4,31499
4,49176
11,27241
8,11912
9,30015
9,14038
4,41910
2,9230
17,23138
3,4371
13,7095
3,25399
13,45631
11,6476
16,11213
17,11339
20,31041
1,14007
9,43941
3,48973
14,40836
11,23618
8,274
2,11960
14,4465
16,28448
5,12535
18,19430
18,1995
19,6201
7,18196
20,1833
3,13729
20,17668
9,38306
11,40905
18,15972
3,1773
14,20396
2,30724
10,272
4,11855
7,47358
3,44100
18,21507
7,45548
19,4626
8,6200
12,44777
10,39823
13,29689
17,19611
9,35046
2,44909
15,35165
17,8664
19,26902
16,44758
5,48126
19,26177
8,24050
19,15053
6,3803
12,2289
18,25370
2,38063
5,7985
10,43301
2,37380
1,519
11,17119
1,45272
19,33996
1,29024
4,35780
6,10199
14,13299
14,21439
9,42555
1,23881
4,20643
10,40475
3,1543
20,11305
9,3915
19,39318
19,38916
14,45267
5,12718
10,41495
17,40235
17,40535
6,28487
19,48487
11,28494
8,11526
9,36112
4,5304
17,29437
10,32118
6,29824
4,29293
6,30654
3,47810
1,39744
2,40105
9,37792
14,16132
8,35884
16,25972
17,44399
13,39632
10,30225
5,11417
18,44769
1,4868
18,14674
18,3611
1,37745
2,12514
11,8788
13,32394
2,18656
6,7154
14,43792
16,49949
17,22235
8,23140
18,24164
2,28198
16,33926
9,14094
3,735
1,7510
16,46351
1,8780
18,44088
10,4147
10,20526
8,42854
11,3774
8,197
14,33264
9,13956
1,20148
16,29717
9,33430
17,34619
20,9267
12,19091
1,17208
3,42383
2,29407
15,4078
17,42347
9,39121
11,40195
13,44553
19,25108
12,11958
10,8168
9,21764
8,9659
19,18400
16,26101
3,38252
4,40114
7,32202
12,48470
18,24230
15,32355
13,32408
12,21973
11,28068
7,35065
7,18119
16,34249
5,29941
5,9060
3,15733
2,8732
9,31151
11,18079
8,28641
6,16727
13,32049
20,36001
9,42027
7,46602
19,47257
20,28104
4,27080
5,8658
12,46641
6,6351
1,13730
11,529
19,29880
14,29425
6,34393
9,12945
10,16759
5,10290
11,31841
6,33249
10,27072
19,37414
7,49831
14,17203
3,43469
5,29892
19,25295
15,38972
12,8423
16,33390
10,26465
7,31280
13,14842
11,20389
12,17849
10,23670
2,9952
4,43732
18,35902
3,33850
1,13108
12,24883
10,7021
3,1181
12,45634
12,24985
8,29505
19,12636
1,28889
11,5240
18,7001
6,42063
8,5922
4,5549
1,8310
6,17978
14,44081
19,9002
7,26722
9,8388
3,46925
18,29097
2,13233
19,37567
12,2837
16,42959
19,34812
15,46456
7,32070
20,32357
14,30363
14,27625
10,42387
1,26132
7,49819
10,30602
10,44552
10,13449
10,17941
3,1667
18,47446
11,46170
1,10869
1,38383
10,20438
18,9064
8,22523
14,42576
16,43737
20,2245
17,3432
8,37639
17,12091
10,43059
17,7818
16,22661
18,27267
14,30993
4,3378
9,18478
10,27382
3,33047
15,47004
6,17202
16,41770
11,46875
14,8783
12,21029
12,12599
11,36808
3,10130
9,46128
11,29225
11,8227
14,15924
11,42943
9,36416
13,1910
19,7706
5,10970
14,37473
8,44760
3,12927
6,23140
16,42591
11,5412
19,1190
2,45109
17,44660
2,7182
13,12410
17,22964
3,42131
2,35153
14,2072
9,45353
17,18196
1,4042
10,40458
10,31353
7,1537
8,3389
12,17072
11,7397
1,41873
7,11138
16,21364
3,37474
16,27968
10,20899
16,8807
3,15502
14,47164
9,34974
7,22099
11,30993
8,36619
7,33914
8,43970
15,35551
13,9784
17,5413
9,5815
9,43926
9,9879
5,49719
5,27647
12,40242
13,42209
5,12050
11,39696
20,22481
4,31498
18,25860
3,23731
11,3727
8,30201
5,3055
17,44693
15,35270
1,34539
9,35360
11,14450
3,48722
5,20195
14,7874
16,48508
2,42482
16,7004
3,29704
6,12248
18,40868
15,24588
8,13546
10,10838
20,10915
11,37683
17,45377
4,45526
20,41327
20,38711
12,19577
4,19122
14,4829
10,37960
13,31133
9,23629
16,24460
9,41014
8,15553
2,24287
4,45213
4,43008
4,30156
17,5112
14,49913
11,8740
6,5134
16,23913
14,14673
11,20031
15,12374
13,35007
14,35794
16,44233
13,23209
3,29458
10,43536
13,18407
11,43691
16,44152
2,35503
10,16331
10,29889
14,26493
6,34120
13,32990
9,10382
4,15325
10,16586
20,14840
5,41300
7,39241
16,45053
17,20511
5,39031
17,32119
3,20150
4,31216
1,2354
13,48518
11,13867
6,32774
20,38944
3,42375
14,46010
9,17064
7,35697
9,49577
2,33202
18,23001
16,1853
10,27349
13,4843
5,26065
7,19657
14,20747
8,34035
3,26793
1,18514
14,30561
3,18965
9,4727
1,20042
10,716
8,22121
7,34324
8,27191
1,18965
14,24313
7,43299
14,46447
3,26680
10,30975
8,20451
18,17335
9,11297
1,39038
13,37828
3,30253
12,43459
12,42959
6,5354
4,47540
1,11819
16,35053
12,12910
18,23079
16,39498
14,1570
16,27633
19,15260
1,33556
15,13994
10,17964
20,15023
19,5631
2,1061
14,6522
7,47431
3,36335
13,37884
5,41201
7,23073
13,24553
20,44987
7,6530
6,25118
15,10185
5,29620
5,12069
13,30654
13,34030
17,25871
3,42246
15,32699
18,46551
19,35172
14,26262
10,21444
17,919
12,20991
5,37482
11,1294
1,177
19,37425
11,14349
17,24918
3,37992
16,25651
20,48803
7,14289
14,21159
1,47504
13,49009
2,35977
5,2831
17,21594
9,20185
18,17950
2,8843
15,30023
19,38213
11,11474
8,49181
13,33533
6,18297
13,6762
13,3502
12,19728
17,11551
16,27280
14,49780
13,43982
4,36950
3,17765
3,32861
11,18408
7,47202
11,31941
3,19823
7,19447
1,9157
12,2089
10,8414
4,46526
16,38493
4,25346
20,25566
12,12770
19,13214
15,37207
13,16284
15,27320
1,44159
15,30827
4,1739
5,4264
1,17842
13,12830
11,14175
17,23328
6,1783
6,26207
17,32702
18,36439
11,30239
9,23286
16,40461
14,27190
12,49612
2,49208
16,36242
17,14745
10,20958
3,35087
10,3990
1,26276
20,7228
16,9859
11,6415
20,37082
13,8767
20,44598
2,27771
20,22526
2,15206
6,28850
13,35648
16,40511
15,31783
10,40419
9,40253
2,29259
19,24368
3,17859
2,27023
16,35176
8,9217
14,5001
18,15348
1,43055
3,28919
4,32739
9,16355
16,24030
12,9080
5,44948
11,6453
18,11784
18,18142
7,25256
1,12281
14,21180
9,34525
2,35490
1,13429
2,19052
7,7752
13,24703
13,15620
1,298
2,7122
19,38717
5,37426
20,34613
10,40556
1,6219
9,7522
2,37616
12,9639
7,37672
18,6657
7,16078
9,6400
19,28561
15,14974
16,4609
17,31364
3,44867
13,23643
15,33508
3,19750
20,20617
1,46796
5,37615
2,31991
14,2422
3,44380
12,38217
6,38192
3,27533
13,39911
6,44107
3,47819
11,10546
14,11543
6,15715
20,3162
17,11149
19,33709
10,27911
4,4473
16,13322
8,17734
17,6372
20,35104
16,38490
2,20104
6,21739
11,27466
17,44526
18,33898
4,26654
13,22982
2,29568
15,36068
18,11791
12,46786
11,48257
6,13531
7,30733
6,37266
2,34342
10,543
8,47597
16,16633
14,17340
4,21831
16,25592
13,32882
6,22170
10,824
11,26316
10,7199
5,48165
5,47377
16,11344
11,14665
4,7688
18,19270
9,19111
7,39338
15,32422
15,47192
3,9730
18,9290
19,24848
6,26910
9,18243
1,11710
5,44642
6,18963
1,29678
2,13523
18,37063
8,9228
20,17040
2,8806
9,34143
11,49638
4,4805
10,3620
3,133
15,1048
5,6326
12,11935
5,36257
9,24428
13,24209
15,48893
16,20375
12,17381
15,7497
5,34086
8,19569
10,41346
20,14269
13,27258
9,2925
14,44978
3,2274
2,42625
3,32532
7,27017
1,49174
13,14065
20,17960
17,14339
13,32316
17,25268
13,10795
10,7826
4,26217
20,47892
9,5168
9,41323
19,8812
1,34698
16,37315
1,14696
1,20882
5,20529
9,8020
17,33694
9,27703
15,4846
12,24469
18,39980
9,20708
1,25671
7,30833
20,24783
18,34833
18,33040
3,43876
8,29598
19,38387
11,9796
11,47809
6,1029
19,44556
7,33018
2,4143
18,19620
13,27993
2,2356
14,306
13,23861
15,10820
3,34725
11,8697
3,29866
15,3898
9,5330
10,20927
20,41619
12,30657
9,7185
16,25234
10,7999
4,24296
15,31906
18,2236
20,41679
11,40663
1,25228
8,36201
2,44574
19,49210
3,25331
17,30165
6,24642
16,24747
18,20346
13,34396
5,20972
20,2709
9,24286
17,7779
13,16103
8,38391
9,568
3,40303
10,21220
4,33420
6,44669
3,6433
2,45021
20,1621
15,225
17,41478
10,19217
9,345
19,37926
3,43155
15,26578
10,12070
20,25039
7,30150
13,25102
2,49690
20,49925
14,19633
4,24328
17,27427
15,15157
9,15846
4,31853
11,29345
18,16205
20,5274
15,8910
9,24176
18,34080
3,4324
14,29089
15,24176
7,32777
17,8908
14,22682
12,22752
14,18136
6,26756
7,20990
7,30404
10,34597
1,31788
18,3362
11,36092
12,48157
18,26526
9,9243
2,33850
18,39635
16,21090
15,27664
8,36515
18,514
8,33464
1,17322
1,23000
4,12220
14,10551
19,36963
9,1694
2,25377
14,8183
20,22573
1,9834
2,21069
2,28031
10,38019
6,900
3,9336
12,17087
1,47841
4,35713
2,21438
12,30809
7,49528
12,13292
18,13011
17,19108
7,49089
3,24366
4,15226
13,44052
11,43169
10,22455
19,29571
5,12521
3,20303
8,16895
4,42416
20,41713
10,25622
5,27605
12,48760
7,46459
18,1118
16,36465
8,27491
16,28436
8,32427
16,24111
5,26410
17,23223
5,1520
5,44574
18,28329
14,9866
19,14881
18,1062
20,24124
2,759
16,40387
2,40822
14,30660
16,7846
5,5843
2,10911
6,9222
18,26619
11,25983
11,15243
15,1296
17,10586
9,18966
20,30017
7,1666
18,28029
2,31925
4,37257
4,14322
13,39332
18,5844
11,20357
10,49525
3,2669
12,1207
5,6846
2,39058
17,3123
19,24618
3,41133
19,42297
20,5114
20,18985
4,4576
7,44557
12,17416
12,4004
2,7265
8,47668
16,11210
1,39565
10,17841
12,41278
6,35863
16,42425
17,13810
18,5501
13,9972
19,27903
7,34125
18,23047
2,1544
13,23028
17,24555
1,43083
5,24785
8,28353
14,17730
13,2626
7,18861
19,14424
4,5400
1,7372
5,4410
7,36766
6,6413
3,48049
6,43847
20,11726
10,43221
18,26263
16,11115
6,11168
17,39895
8,40955
19,1282
17,42345
9,31995
7,48278
19,15924
12,22879
17,33955
2,2054
12,4785
3,6509
16,46721
7,37415
8,41908
10,31190
5,14767
12,49278
9,35465
11,15337
20,40003
16,1303
2,14318
20,3617
1,43009
14,27850
1,39388
16,38349
9,45915
19,37254
18,49190
6,1484
2,32850
6,13238
11,19459
13,5820
14,43780
10,22464
11,18821
16,42537
19,9264
4,20948
1,18910
2,23157
11,44704
19,30687
3,26058
16,18653
5,3497
8,31365
19,44904
13,33953
13,40697
8,46511
14,4883
7,49305
20,3389
8,13873
7,37949
14,15772
1,4022
11,27520
7,15535
2,24996
14,44089
3,41668
17,22155
7,38713
12,14133
16,34751
13,15646
8,11456
17,23804
3,17703
12,1073
8,5712
15,47545
16,22130
1,19076
15,33454
11,18241
8,35567
8,28827
12,43898
8,14555
6,28938
14,4999
6,19002
3,48612
12,20277
3,914
18,49525
17,3845
11,39044
13,12491
12,29637
15,17475
3,6467
10,44723
15,10144
6,33688
14,48354
20,25728
5,22222
13,33247
11,5615
16,446
13,7633
2,24410
14,29054
7,49090
3,39067
8,33448
4,10153
3,44765
2,42850
11,48141
14,8236
8,22193
16,19989
6,373
12,41868
7,21335
8,31139
4,25909
1,34763
19,268
12,27518
19,46880
9,20739
7,23154
18,19776
7,3636
10,24821
16,18304
19,32575
3,9791
2,9391
6,20796
4,36469
3,35921
12,19020
10,36607
8,33232
9,22953
18,37118
5,42668
19,39047
20,44121
3,28423
17,29356
11,2401
1,32900
8,13688
1,25367
10,17246
12,32456
7,1796
18,30288
4,9000
3,44086
1,48200
15,10105
16,38273
9,39630
17,30920
18,15109
9,48535
13,10079
15,28321
3,27767
14,36308
2,5714
13,49965
10,15892
15,9629
10,28797
5,20540
18,25622
1,10449
4,44973
6,43063
14,42069
16,18532
5,45101
16,19792
11,49907
12,22515
4,27551
8,11227
18,48163
1,8593
4,22320
7,16373
10,41012
9,10505
7,2410
19,14143
12,22605
15,45865
7,35522
1,45297
12,47345
9,17597
11,2790
3,6997
12,40230
13,16910
12,15593
1,18625
2,26249
17,7395
14,11851
8,36686
16,15321
17,43643
2,7409
7,39078
2,34356
19,8484
7,23313
12,24428
17,35147
4,48777
12,37236
14,40020
11,1690
4,25699
3,18418
6,29792
5,24501
13,45626
9,17587
18,1154
1,30769
9,3333
5,41170
4,24078
8,25918
20,16774
15,43134
5,49658
17,17821
13,17378
18,39953
9,18829
18,40943
6,40594
16,5050
20,37698
6,46639
19,48658
18,49410
18,10532
5,48744
11,16647
19,42699
17,7216
16,26348
12,47857
20,1041
17,11840
3,5501
3,1419
13,37823
20,16204
2,15577
14,29194
9,27187
3,15188
7,22887
11,17798
11,37807
15,28502
19,38634
17,20058
18,40973
13,42214
16,15477
7,29478
6,4001
19,36144
6,28598
19,14840
2,7437
20,46427
10,38981
16,18279
17,20691
13,33622
5,48567
12,37110
1,16116
8,2612
16,8018
15,24145
20,17640
3,34988
5,20237
10,18953
9,43428
19,30002
6,5889
5,27034
12,10530
10,21546
3,45962
19,13479
14,16886
13,10589
15,12226
15,15659
18,4059
15,38939
17,23907
18,47055
14,40427
20,21190
10,21808
9,30928
5,36255
4,29511
15,13891
3,41717
10,959
19,41430
6,19080
17,31445
6,3778
17,40535
9,30101
3,28789
14,43017
10,900
15,29257
17,47374
19,43811
20,5073
18,46315
13,48942
19,10628
3,982
9,16016
2,47957
1,13468
18,35652
10,14964
3,41294
10,22585
4,28217
19,24615
14,9095
5,19693
13,29827
19,41644
18,41232
4,46786
5,4223
11,16904
1,48102
1,9984
19,3616
9,46550
19,35243
16,48778
18,3600
6,15843
1,29313
4,17423
4,21646
15,11921
2,7391
20,37033
10,47370
5,35648
1,39708
19,17291
10,8133
8,38771
4,9201
7,25017
8,41755
1,44320
19,49227
1,14102
13,27583
18,22640
8,9649
11,15426
6,46345
9,15885
12,33227
17,7608
7,16902
9,42385
8,49376
11,39368
11,7858
11,47637
12,13960
17,11669
15,46233
2,41211
18,48375
13,41858
12,44818
7,3509
2,25849
17,17861
2,6529
4,35080
7,4430
17,7348
17,39440
20,28450
2,26481
5,37855
15,20588
19,13091
18,3604
5,19989
17,45622
5,34187
5,7052
16,14425
11,49448
11,7388
13,44114
7,28631
20,24150
12,26684
4,30332
13,11110
6,32981
19,39299
17,25591
14,13774
8,48218
17,13845
2,30032
16,40607
16,34288
10,24826
6,18865
15,35063
13,24346
9,49606
20,4919
20,16863
4,15339
10,43060
8,28062
13,38199
5,7624
3,44615
10,13742
19,8206
2,9142
12,11333
11,44804
19,22757
4,23069
8,31641
7,40645
2,40267
8,47582
12,49890
7,39772
3,13724
17,29337
9,30396
19,44592
9,9426
6,45683
5,11151
4,38703
17,30733
1,3423
7,22080
19,47020
13,9837
14,25407
5,33666
12,48501
9,49230
18,28644
9,49983
14,40300
4,1408
18,2154
3,13655
17,19715
17,46896
19,31678
10,18273
19,39726
12,13678
7,40044
9,14041
8,9959
1,37662
7,29572
18,46051
19,5713
15,6737
4,32114
5,9398
19,12416
17,24050
12,33682
16,14945
5,4939
19,44241
2,13664
18,8259
19,25191
7,30097
5,40016
20,28307
13,10699
12,18390
8,39783
15,4141
7,18653
2,32290
18,47211
17,2461
15,3664
14,21168
5,3722
6,1316
12,24805
7,17127
5,14103
11,27484
19,9998
19,26994
10,40236
9,46617
3,26469
17,26285
14,1994
12,7784
4,5928
7,47299
14,40457
5,9124
18,27053
4,28754
3,48296
17,4739
3,46600
2,7936
10,38933
12,41892
20,11431
13,18653
17,31776
8,26241
12,8497
19,31905
10,25648
6,11192
15,44810
16,2629
20,30090
16,8919
11,17829
3,33452
11,14897
19,14898
13,12178
13,33335
20,46352
7,3455
17,17068
18,3732
14,5251
3,34286
6,37157
20,18348
2,43295
16,49253
2,6405
1,18044
17,1194
18,3317
20,3065
7,18484
8,19135
11,28333
8,41330
20,33136
1,20106
13,27336
19,18275
16,32245
7,40782
2,27405
20,37120
18,6908
9,7477
2,48081
11,34077
8,11325
3,41640
13,6055
8,5618
13,35139
4,22926
4,9259
15,17061
19,36044
16,35665
2,24381
12,4797
8,26997
5,3661
15,2351
4,24944
17,46083
14,24056
18,3076
2,37331
12,27232
13,14915
18,46062
19,10491
15,46194
17,12950
15,16137
10,36015
2,5968
3,24233
10,46703
15,40252
3,25852
11,32473
18,12590
5,21926
11,30612
8,33437
5,35876
12,29458
12,23574
3,27727
9,6671
18,171
17,36325
11,33718
17,1118
14,14394
6,10396
17,9399
4,39955
9,37891
7,13725
14,24124
20,25898
16,1898
7,29334
4,962
4,28620
14,23425
19,15654
20,17452
2,20033
18,26111
2,24715
1,8658
13,45910
14,7034
3,16708
16,22511
14,15417
8,41134
14,44016
20,20292
4,34242
15,45540
16,33234
7,26992
10,4452
6,9051
1,4419
2,30437
16,26772
20,37832
10,49155
8,22873
3,5966
16,42339
12,37283
12,13217
18,47205
13,44974
6,10432
3,27569
12,21029
5,48102
2,40316
20,12545
19,2828
15,6099
10,8167
13,22567
7,47627
10,41459
18,24260
13,44704
6,35238
11,21956
2,29332
15,15004
8,46974
9,11112
19,3306
20,34738
13,43971
20,32625
6,32579
20,31566
5,19500
8,22538
18,29867
5,25157
18,29645
6,13089
4,28409
19,14852
9,29055
15,3859
14,5681
9,22583
12,6546
10,45999
8,33946
18,8376
15,30675
9,39924
9,2849
20,11373
1,48975
4,20505
8,2408
15,28753
3,16101
1,25129
9,42308
1,21496
10,4252
5,17772
1,33372
13,28881
9,37638
3,12840
16,7586
13,6310
2,20150
18,5747
5,43761
11,30882
16,9062
3,13074
4,12535
14,42401
13,26784
6,11520
8,9104
9,15365
4,44303
11,638
10,35464
9,31212
18,11108
14,17424
8,31520
2,36438
1,40530
6,22285
7,35805
7,13967
4,43264
18,19713
5,43911
3,34975
15,35223
11,6320
12,25719
2,28918
16,26103
19,18682
9,26086
4,29835
16,13133
3,28471
9,13346
16,40834
2,48862
10,8473
17,36216
9,25361
16,6272
4,36730
20,18663
19,9399
10,15592
11,39303
8,29990
2,24860
5,44348
19,267
13,31153
12,41695
1,38661
9,6197
5,4614
18,35147
16,44762
2,5091
13,4187
12,38249
4,2559
7,7415
16,18277
14,30541
19,40372
9,38360
17,11230
14,25004
12,24825
18,14146
3,27491
16,26677
3,34107
17,49817
1,32184
8,26017
19,46951
3,10918
18,27752
12,46667
14,40572
14,49551
18,37290
9,46283
18,44483
19,13004
6,22889
4,3133
14,32014
3,28922
13,5257
11,34932
8,11984
5,26503
11,27882
13,16931
13,32957
11,24910
8,9154
11,41577
15,1442
5,33497
4,984
8,32963
14,48729
18,30216
8,7254
13,19000
4,8889
18,31108
2,48521
1,8317
17,22562
7,12326
2,15474
12,4860
8,11789
11,31899
5,2326
7,4371
12,45127
18,34881
9,38872
11,13183
2,23803
16,7946
18,173
18,3925
10,20891
19,16045
9,640
19,14939
18,25045
8,1431
9,25873
15,20481
12,30634
8,45521
2,23040
16,10351
20,27397
19,22819
12,32473
20,17315
3,26512
16,3736
6,6602
3,8275
6,2751
17,1946
1,12202
3,15951
13,46128
8,47702
9,15087
16,9398
8,10256
17,19910
20,33694
13,10646
2,40058
3,33142
14,24952
1,26928
17,17783
13,38954
16,40331
15,38643
7,7729
7,12936
20,22570
16,7013
17,45244
11,37045
15,36400
15,29239
11,39509
1,28852
13,785
16,15407
14,49153
20,42384
12,44451
9,26533
18,9335
12,3706
5,17238
14,36774
8,14393
20,7820
12,23327
6,47287
7,26667
9,3643
11,869
19,31570
10,12469
20,12139
16,2705
9,17757
12,47317
18,6518
3,12776
6,16380
8,41376
2,13132
17,15066
3,29587
7,9274
12,2132
8,33388
11,34217
19,15461
13,49137
13,18123
11,35474
7,27263
14,16182
11,20003
5,4767
18,49533
8,23845
15,26003
4,28583
12,37104
9,41613
6,40228
5,4760
4,43361
10,12534
14,47678
15,45141
15,35844
19,26677
18,42860
7,47580
10,765
11,38216
5,43587
18,14633
11,27148
8,31242
13,22030
7,38067
15,19768
15,35901
1,8097
10,13676
16,44910
10,1377
17,41525
1,10158
5,2739
3,19571
11,6311
11,24433
19,22165
13,33289
17,17511
8,37081
11,40413
7,18361
1,12071
14,24394
6,29232
12,48601
5,11988
12,38003
2,477
14,49999
2,30941
11,3131
4,40205
2,12937
4,28255
10,2971
11,43852
13,14915
17,33706
11,19124
9,19203
18,17391
14,37490
2,40545
11,28418
8,49662
13,22614
1,10796
5,674
8,22220
7,34818
8,48124
14,9925
6,38786
2,14791
14,40130
13,26770
14,32237
15,3983
8,10166
1,26714
18,42889
13,8810
16,9258
5,25623
8,32547
15,13931
18,43838
13,43673
2,26692
16,16300
9,9830
17,14729
10,42548
18,44668
12,3088
10,13115
17,37240
4,29971
4,44897
14,42825
15,2466
13,15711
12,35478
2,31435
7,12743
2,4267
8,25628
13,23225
7,32625
12,23920
19,5029
19,35614
19,43251
4,25752
9,44213
7,15218
8,11310
16,49533
9,21080
12,36701
9,41479
8,42646
4,36535
10,45982
10,15128
9,27143
7,19124
1,34402
10,20035
14,27944
10,5091
1,23184
18,41148
20,11573
12,15042
6,2205
8,25494
5,41461
9,17746
13,49382
9,30241
7,29311
9,2813
9,11146
19,25528
15,6893
11,38792
8,46330
15,36798
18,41759
16,32691
17,10306
15,8889
10,31895
8,43014
16,751
17,8725
13,11928
6,3135
2,41924
14,8776
6,34589
11,47074
12,4671
13,1295
15,37992
14,698
6,10367
11,31235
6,33001
11,25042
2,36286
12,17466
14,41168
16,17794
7,48605
11,37049
14,38883
8,11393
16,23742
14,5443
12,15172
5,8231
6,23802
18,32764
15,19137
5,16087
16,21216
2,25670
9,29380
7,23474
7,8793
14,28604
6,26315
2,23584
20,4393
11,28136
1,28930
6,1192
6,41135
9,44862
7,404
4,769
12,38467
14,48545
17,13284
1,41766
20,4466
1,19951
5,14777
9,28879
7,48501
14,30629
8,1304
14,43517
13,36432
12,2544
16,47877
2,19429
14,45669
18,4096
15,10687
14,20618
7,47331
18,27197
20,7895
14,29163
8,27470
3,2926
5,3952
16,15007
8,13079
8,42209
4,15407
20,33339
6,3684
5,40369
7,44971
12,22761
10,7370
19,5255
17,2230
6,33909
9,26790
8,2306
18,20120
20,38763
17,19813
4,3068
20,18613
13,14556
3,15435
1,45495
3,16158
17,34361
4,38238
7,13906
8,1321
9,18597
12,1653
12,5261
14,36093
20,36765
8,47698
11,48361
6,46513
19,20529
13,48709
13,12119
5,20559
20,25565
15,6459
2,44818
20,25411
14,15367
2,39049
6,41652
16,19078
20,27965
8,41108
1,9702
17,9811
8,7385
7,30654
20,32047
4,38710
9,44465
9,48011
3,2173
11,4668
1,14174
7,23340
13,12925
12,37966
8,33706
6,23484
15,25164
19,23096
16,47114
5,31108
13,41632
17,38099
13,48648
4,24858
5,34366
13,28743
12,10484
4,29860
10,10769
4,48156
15,40580
13,48171
10,39888
11,28194
18,40403
16,16072
13,39988
9,29839
1,31764
8,48616
10,299
18,338
6,17839
16,7324
9,37240
19,14317
13,26439
6,40027
6,3870
9,6242
20,44175
7,17956
10,5292
14,36949
18,41209
20,9133
15,15883
17,22718
9,24951
13,6614
18,22791
18,24463
15,10799
6,35836
16,15661
19,6661
2,40305
5,31617
16,34585
4,46815
2,38621
12,16120
6,44608
6,36568
8,11612
2,19774
15,18615
14,38310
20,17975
1,7836
6,29772
2,38647
20,14927
5,23389
5,25460
13,38978
9,22621
19,19455
13,21049
16,29860
4,38763
9,12001
5,42385
17,28670
5,42777
12,44815
11,15778
3,4457
13,3901
14,45626
2,17018
7,29713
12,37175
7,20920
13,40493
1,14191
16,49399
18,26967
4,34612
6,12505
4,21747
4,9896
15,39427
13,31037
6,1829
1,19238
19,256
17,511
11,44118
10,6342
11,41221
1,42639
17,41654
4,919
15,4337
2,49488
19,31663
12,26562
14,35803
5,18220
9,12744
11,15214
7,1220
20,17541
10,49427
12,26780
13,34599
11,46455
14,35402
7,14429
19,14363
7,31335
20,27634
2,14984
6,22843
2,8313
18,28873
18,25275
17,4527
2,35304
10,25869
19,45237
9,14853
15,18349
14,40841
8,24828
10,47317
1,31493
4,4497
3,846
9,39356
6,8867
9,42128
5,5650
3,46067
3,43636
4,23706
18,8342
12,20238
7,43145
4,16101
16,37835
1,47193
6,38266
8,24778
6,48773
1,49218
8,6327
9,23245
4,32300
12,22106
8,32391
1,17089
20,32622
8,7764
18,12208
6,24340
17,28734
1,22408
14,39415
1,9997
20,33460
13,18617
19,20896
9,14360
12,19434
10,39533
9,32532
7,33175
19,30172
9,46146
19,13040
12,47567
18,45035
20,21050
1,37991
17,22546
14,34196
6,48093
16,3890
9,33087
4,23925
18,38904
10,39025
7,39509
7,1817
3,21002
18,19371
12,7766
5,45883
8,35414
11,33059
12,31030
4,24946
15,13493
5,2805
2,23144
10,44587
4,41267
6,16658
6,22433
8,44565
16,38551
4,42725
18,43199
5,7692
9,28358
17,16228
11,33658
20,20101
9,41664
14,35222
11,33131
16,42958
4,38682
6,12465
8,27064
20,235
6,47734
17,19989
20,24863
15,1604
14,538
1,11833
15,24127
1,40589
19,12836
13,20129
15,24759
6,28163
6,2174
3,19647
8,16031
5,2715
11,23835
18,16075
19,16267
18,47241
15,5696
4,22661
9,25188
20,3620
1,6530
4,45844
2,19682
9,14570
13,25007
11,35249
16,45161
19,12809
7,44430
20,7449
8,38319
17,18352
14,40628
3,28213
7,45901
8,48993
14,3343
13,9684
14,6513
5,7012
19,44551
3,45729
3,13279
15,24464
16,22561
12,8535
9,21738
19,15269
4,17438
1,45410
13,16616
3,41808
20,11855
10,26380
5,18640
5,35368
9,3239
17,6125
19,10811
20,29561
15,31858
12,32949
5,4747
6,1681
10,4450
17,29117
3,36519
7,8758
2,32545
18,31873
1,23751
10,17278
6,22694
13,12974
1,27208
20,19734
2,13142
19,25370
10,5579
20,35178
5,26643
11,17463
6,40151
13,688
9,40114
14,36485
2,32913
18,39437
20,49152
19,4965
15,20123
14,22093
9,6326
13,3458
9,39955
20,11024
12,38139
16,12093
9,16101
9,4249
10,42931
6,44454
3,16830
13,48194
19,4312
6,19367
12,22140
2,19378
1,24125
2,17317
3,4582
1,25192
15,12518
18,45350
14,38601
16,5330
1,30962
13,14394
15,24631
20,37798
2,38309
4,34223
10,15816
6,1674
4,30852
8,32838
14,35999
18,45754
17,43252
15,13536
7,13017
8,22942
7,29638
19,40399
19,40566
3,48592
15,47070
2,9353
7,41668
6,42787
14,8656
7,15772
14,27496
18,47659
4,6683
9,7887
16,2517
18,6527
11,30402
19,12323
15,17692
7,40687
20,44835
12,46523
13,35358
15,47735
12,38902
7,37307
9,26434
11,42636
8,19982
6,41518
18,20369
6,33163
18,43030
1,16674
1,26844
10,8171
19,18726
19,904
19,19715
12,36128
6,29653
10,9462
20,4889
15,16456
16,39211
7,32503
11,45194
11,363
2,22289
14,12675
2,40801
9,7034
15,18558
16,44957
14,12368
9,21648
3,13746
15,10220
18,7028
14,27409
14,35133
14,39871
14,18594
11,14055
13,3212
20,6517
19,5292
19,42776
8,25197
17,6038
3,41035
11,32558
4,49938
2,43118
13,6911
1,25975
2,12578
19,15224
14,14406
13,40284
4,9910
11,16935
1,32828
17,15207
19,27943
7,37390
16,45113
19,3575
6,37550
2,38717
13,46840
14,38194
10,9210
10,39925
2,2789
8,30905
6,47006
20,37159
14,20382
16,17468
1,5876
11,6016
3,2121
18,39080
14,2602
5,10926
7,11655
14,17114
6,43116
6,22493
10,37001
11,22585
17,17268
1,2719
10,36196
9,32108
13,10275
11,12114
12,8648
8,20649
16,44621
12,48355
14,39710
2,34990
5,15140
2,22544
7,36080
13,26318
6,839
14,3879
8,10841
2,29905
10,43993
12,29732
6,44551
16,49483
9,10194
12,9085
1,11478
14,34250
19,16283
16,28843
9,29003
5,6279
11,21890
5,13616
17,8194
5,29370
17,46916
5,28004
16,40129
8,47509
14,22797
12,19403
15,4054
5,8534
3,22633
15,8779
9,48118
3,11197
6,15299
14,41941
10,6167
2,17044
15,44195
3,38015
11,34551
11,47819
1,31871
18,46202
15,44808
7,32960
20,18103
13,49329
8,47071
8,18871
14,33395
9,32829
15,46312
10,40413
6,31852
5,44560
18,1061
19,39688
15,26709
7,11738
10,8559
2,41599
9,26303
8,44140
19,47332
3,12620
10,13377
14,38714
1,27668
6,3115
2,1086
17,20060
14,8336
7,14916
2,22498
7,12814
9,8889
5,41932
13,27977
4,23247
19,23951
5,45119
10,10852
14,17914
7,13363
7,48142
20,7605
16,21487
7,26418
16,3969
3,34406
3,10016
4,45219
14,22212
10,45964
17,10071
11,24374
10,39617
19,22840
15,15976
17,15625
11,28283
4,48066
17,42898
7,27126
15,39386
1,24312
19,19655
13,40388
3,31977
17,49762
17,11402
19,19365
18,17140
9,38559
2,41829
20,9943
1,18489
10,37490
6,21773
15,29389
15,233
6,37128
2,1932
3,38684
6,35780
7,14773
3,27024
13,15022
4,22726
18,11037
12,39900
2,6888
18,23314
7,36092
4,40843
6,7536
5,31675
5,16755
6,27273
19,40668
8,30572
9,23967
12,25135
6,42108
19,9415
3,41976
1,45822
13,16413
9,16593
1,5100
8,5402
10,49093
2,26061
18,23713
5,12244
2,13180
18,39933
7,27012
1,17882
15,2851
7,31794
19,29571
16,41721
5,16263
10,29860
15,44465
16,19382
7,47091
3,19773
1,31132
9,25803
5,6563
8,14973
4,17834
17,38095
6,8148
15,8530
7,2071
2,41061
11,47019
8,28010
8,27023
17,9477
16,3122
10,26171
9,11952
12,9607
6,44470
9,7924
5,22607
3,18321
6,22586
18,42359
7,26401
20,48741
7,28820
11,5966
15,33756
6,40986
15,23728
18,45002
16,37781
13,15026
18,27461
3,47033
6,47489
15,20822
13,1310
2,28424
6,27872
20,32813
18,9587
5,12911
5,44102
9,19344
16,18640
18,11513
14,25324
13,12884
9,13234
19,4119
14,14178
15,30564
7,44958
7,31719
13,47864
12,7848
8,32792
10,49091
13,28535
3,10214
10,7478
20,43350
17,15227
15,24838
14,33080
14,39434
12,15847
9,17129
16,31016
3,37375
20,29519
7,32007
8,3870
20,7639
18,10562
7,26817
1,34709
9,17201
13,8906
18,47198
8,45691
19,28401
13,36800
17,44354
4,33335
13,6070
12,12943
20,27673
20,45711
16,32751
16,41379
4,7267
17,39631
14,35735
7,18553
14,36790
16,19279
3,25754
16,16968
1,21543
5,33644
4,43247
10,25789
6,40989
19,39481
11,25545
3,41469
9,24173
15,1453
16,16177
15,46451
14,48248
17,14265
5,25524
20,27429
13,9189
6,33927
18,21018
20,45090
3,9775
6,42638
13,1408
14,8078
14,16054
5,44456
9,25073
3,21450
4,34580
15,25746
8,13100
9,9282
19,34612
14,15305
9,11905
17,22377
4,3310
12,4702
12,18758
9,21530
13,21324
3,13714
3,12522
3,42296
15,1767
19,5810
20,48950
3,13922
17,41436
11,9443
5,47423
8,2237
7,42152
2,34560
8,39079
6,36648
17,30404
13,31497
9,12310
5,8983
7,17769
3,42240
10,16748
14,37578
19,13937
3,48942
9,12554
15,23736
15,14311
8,5266
15,9823
13,14892
6,25165
19,30853
1,35189
1,17006
4,36014
6,16042
10,17067
10,14739
15,30932
20,36070
10,1450
10,40877
2,22947
18,41763
19,18566
20,17849
9,30584
16,41930
12,37914
11,15573
13,36185
2,7857
12,32692
7,4623
16,38527
11,34757
9,15367
17,44165
10,18468
15,2782
15,20702
10,38871
8,24463
20,46123
16,9710
12,4716
4,4519
19,8124
15,22755
20,10107
2,39129
17,10879
5,33735
5,41862
16,2534
11,24186
10,15452
5,49830
15,32828
14,12615
11,32912
9,5697
17,21571
15,18563
15,40125
1,12243
5,6568
4,27736
17,1321
15,37121
7,7641
11,45853
2,16435
15,19744
14,35904
1,39531
2,7705
19,45639
10,6435
16,37670
7,23257
7,20821
15,43110
7,40811
2,9557
3,33816
18,14958
20,42878
20,22781
10,2464
13,29664
6,47080
15,4187
19,21316
11,24006
20,13538
11,31362
1,8611
16,27556
4,26334
14,39035
1,9776
20,6148
1,14055
2,5612
17,9827
17,11493
2,37131
12,32011
8,8568
17,16811
7,46472
18,42388
5,10008
19,25439
8,29604
7,28380
19,1067
18,48414
20,8068
16,13552
18,23381
15,18691
2,20211
9,34794
17,24311
15,19036
20,42493
14,45171
18,5251
4,2385
12,8318
11,15173
17,22023
17,15011
19,10478
6,19432
14,165
19,33021
11,18012
13,32653
4,6991
8,8697
20,49130
16,43901
13,39017
18,6325
12,38029
4,8150
8,7132
19,1437
20,38862
18,49106
7,13932
13,41632
12,14934
19,43905
20,20256
4,35706
15,41740
13,43561
4,13637
6,13624
4,48492
20,40106
2,31245
11,41713
10,19901
13,45090
9,49640
13,33529
1,27092
14,37534
5,46929
11,20218
6,37733
6,20995
20,19329
14,16628
18,25155
20,7568
9,25766
7,34103
5,11135
16,12731
5,25839
9,49204
16,24795
9,37300
12,8925
7,26542
8,35063
5,46487
15,11551
11,3780
11,14480
7,29915
20,2745
5,35594
1,33574
8,6849
10,12955
17,16561
20,31031
1,2636
7,48175
13,12908
11,33578
2,5496
6,32528
2,8976
11,16761
6,290
2,32973
10,12250
3,36197
4,21105
9,10844
11,46184
3,16134
19,18005
10,21498
5,22528
1,33332
2,49556
9,25892
20,23156
6,6286
6,35710
2,18915
17,28046
10,26892
7,559
9,33448
3,24793
2,21949
7,20021
12,16678
16,33172
18,5786
3,33425
9,32001
16,3123
8,39995
13,41637
13,29358
8,19972
9,33402
9,11132
20,45246
1,18696
14,31881
1,8972
15,15607
2,5151
15,44751
2,8011
9,14580
20,18999
10,35449
3,48392
17,7459
15,23596
15,42579
18,20738
13,5078
12,42333
15,7697
18,11588
3,44255
17,33736
3,8872
4,37111
5,37806
15,7854
7,6460
5,31580
18,28075
12,24203
5,11876
4,24739
18,1969
20,47577
6,41059
11,39421
4,361
1,37413
7,21345
14,914
16,23590
8,30725
19,9219
10,677
18,10355
7,21790
5,47105
11,9855
7,16694
19,40643
15,48452
3,8142
12,21761
14,18838
3,9051
7,38401
1,20743
16,35648
5,29177
20,26292
6,39459
20,38364
13,9813
4,20880
16,4240
15,27842
7,19757
2,38108
6,16427
7,4415
18,38440
13,2946
20,31577
9,39990
3,7128
3,33966
9,41942
15,938
14,1984
8,10435
3,14978
19,44819
6,26532
9,12915
8,42173
14,7806
7,46910
12,22370
9,37049
14,20127
7,3245
3,5770
14,20761
19,39174
16,20307
9,47410
8,4255
13,46083
20,26232
16,25313
3,5382
17,21487
11,10056
2,7747
8,8703
8,48653
6,45953
1,35827
9,39861
8,27375
16,44436
1,36326
20,41089
7,27053
7,3166
2,8373
13,44058
10,46348
12,38189
9,20751
20,10729
14,40867
12,298
9,397
13,8958
18,9403
8,6047
1,40289
8,28255
13,19996
13,10511
18,24974
15,3627
1,32867
12,14047
11,48185
2,21506
6,40479
13,15412
7,29802
6,13254
5,45160
17,36717
16,32678
9,43895
17,5881
11,24990
11,34837
11,24494
12,14426
20,32007
13,26092
5,47532
11,3784
14,48040
8,8156
20,44299
8,23062
18,47326
4,12103
20,14346
13,26782
7,29001
10,36577
7,2311
5,45097
1,24679
1,13177
2,27433
19,24891
4,18453
10,30942
10,45493
6,24889
16,17259
15,44035
14,19375
17,34126
10,24407
5,8806
14,39135
12,24124
3,41211
17,32407
3,27027
3,21323
12,41056
10,18262
6,36985
17,10436
8,527
18,11196
9,16243
5,10302
16,25174
14,3842
7,46372
17,25836
8,17691
9,7721
15,8926
18,848
2,2291
8,39642
2,43328
6,26240
10,23509
19,3823
2,17489
7,17010
16,41026
6,14523
13,28788
1,45248
2,16920
10,3196
19,21038
17,32949
15,42507
6,19621
12,45768
15,5032
19,15453
1,40070
17,37681
4,8940
5,15616
9,693
11,11688
8,23288
19,11803
4,18956
4,162
4,6922
1,29032
12,5225
5,6229
12,5891
12,42107
8,17098
11,7199
12,14482
13,37253
11,24165
18,16514
18,32946
15,38462
3,9104
18,34638
10,157
2,21340
13,15324
3,7016
4,15620
16,38114
2,41799
14,49552
2,14471
17,22057
8,18825
5,44778
16,9553
16,3206
16,11087
13,17477
16,28917
16,41375
3,18353
17,2770
6,38767
7,43196
19,32485
8,16395
2,40706
11,39750
13,49285
7,47316
2,28318
16,19395
4,23457
10,18379
9,4677
18,18248
3,12004
18,41382
17,2548
15,15776
3,36187
17,20590
14,39491
15,46865
15,38290
10,4595
16,34845
16,24602
2,36295
19,6514
10,30725
18,4938
4,26945
15,17223
8,23413
17,26376
8,13317
9,48544
1,45449
2,21149
9,7256
15,26358
2,15675
13,26437
13,35394
5,11625
2,17615
11,42749
3,13512
14,18113
8,6036
9,419
4,3847
15,35321
5,24183
6,18326
14,1823
12,27216
4,6504
20,39960
11,45195
4,4485
13,21681
13,10736
5,21217
19,33912
5,13493
18,38760
14,39653
5,29781
11,37351
2,41380
6,30403
10,12821
12,25731
10,42610
8,14415
15,12527
9,30360
11,27322
13,45745
4,22013
17,39695
20,31203
15,40641
5,24221
14,46693
6,44906
3,28975
6,25484
16,12334
10,37893
7,4760
13,36249
4,48226
10,3050
11,47589
11,644
15,6687
5,48706
11,40027
5,15345
18,38322
10,7052
14,36932
7,27735
12,23018
2,5119
1,24568
5,27497
4,3054
13,19453
2,49642
6,32233
11,37182
14,12754
19,36219
1,17356
6,10088
13,44144
4,11249
5,12999
2,18010
20,28830
18,22420
9,15005
19,31502
6,33394
17,42102
13,26413
8,32658
13,38534
20,24738
15,10506
1,3474
18,18614
6,17250
10,4474
20,27961
5,21188
20,24262
1,43414
7,30772
13,28234
4,28202
3,23623
6,23793
7,34781
1,12418
18,1124
9,40784
17,14175
19,5465
4,13417
10,6073
15,15270
10,30462
11,15166
17,26301
9,41124
12,37505
10,32306
20,26660
17,17374
5,11319
1,29204
12,10880
11,31095
20,29434
13,8155
9,22642
18,25303
4,2339
20,31561
16,46641
14,13750
6,39256
15,47831
10,2068
3,1443
14,3663
20,35372
20,34596
18,34079
1,46876
7,11914
15,18784
2,24905
2,1352
7,24467
4,33225
4,8704
14,3329
10,18776
11,35855
5,1864
6,10663
5,47776
17,28126
8,15074
12,36954
4,17946
17,3111
4,49798
8,36540
5,12635
2,22596
2,4696
19,30332
3,41378
17,38101
12,34984
2,42508
13,18502
1,36542
8,29822
3,10455
15,32048
1,10899
7,28398
19,18776
13,31659
14,21645
1,25971
5,47302
20,36247
19,22096
4,29064
2,30361
13,33197
8,10991
10,46473
9,37968
19,49428
15,37095
4,20932
11,48432
8,39622
16,12448
12,23118
10,40537
1,9354
3,18211
2,11683
16,38606
1,46964
16,47286
5,20753
8,37120
11,2282
2,24037
6,47217
6,38511
3,13668
8,42903
20,33983
4,18783
6,49651
15,39084
13,48455
13,49324
9,23304
18,43999
10,34609
10,21793
15,41323
4,39833
3,11675
18,28058
6,40092
6,33422
4,22962
1,3248
15,43034
10,45746
11,34521
19,32523
3,12797
5,44275
7,41411
2,33223
16,11659
2,22895
19,21095
9,8265
5,11960
15,5625
7,5352
10,32978
6,37574
10,3429
20,40404
18,3117
8,34590
7,31227
5,21377
20,41515
19,4534
13,26484
20,14189
7,3859
1,27931
11,28451
6,780
13,8254
2,40205
17,29536
20,18612
7,21204
11,19704
19,36585
19,7033
6,45791
9,5481
10,33804
18,32944
11,49218
19,40679
5,42512
6,12220
7,6068
16,4927
1,14223
7,3665
13,31963
18,11969
11,14286
17,8013
1,16983
7,1330
8,18389
6,37369
13,38042
9,31388
4,13318
18,25974
12,31543
12,42894
7,3866
12,49440
10,39982
17,24362
1,15206
11,39104
7,46843
18,39338
4,19305
2,49175
14,40954
19,36366
17,13089
3,2954
10,40459
1,30340
12,49886
13,31000
8,23987
7,44249
7,39052
3,30135
20,27965
16,18676
13,34961
13,18201
15,13991
10,36383
2,12335
14,49246
8,46093
5,19634
13,31311
16,23977
4,1542
18,49754
10,34161
20,25696
9,20333
4,14859
15,24506
5,21810
4,21139
12,48832
13,42720
12,19778
17,4753
7,5512
4,9582
4,42653
9,32402
10,18911
15,46846
12,7195
10,8797
10,43565
2,39938
3,7331
19,7288
2,11318
6,29968
12,16691
13,48087
9,33389
17,37998
8,1568
18,4608
15,26473
1,45411
11,25002
18,23026
3,10040
18,33138
6,10945
20,31900
13,45343
19,9368
20,10404
1,38589
15,21009
4,13173
10,20881
5,25111
9,26325
13,3357
12,27354
12,11617
13,33552
14,48960
7,44449
1,29277
2,28513
3,2997
14,10836
14,11400
12,47961
1,20450
11,35594
14,15875
16,6980
6,41555
1,49564
17,12534
8,29874
18,15461
2,31688
5,47712
14,24156
5,36619
9,15139
4,29286
17,32252
6,47199
3,7814
6,13773
20,37257
7,41946
6,48684
2,29512
2,47772
14,24565
7,49235
8,29330
9,9881
16,18840
3,32624
3,31496
2,171
4,2810
15,24132
13,6918
17,36056
6,30620
6,25476
20,15054
1,16929
12,18370
12,32835
15,34466
16,12015
11,38138
17,17585
19,48912
17,17443
2,18472
6,18230
2,31777
6,28189
1,36840
13,21204
4,47712
8,31145
19,22322
1,21911
7,2351
19,28646
1,10589
8,44468
6,45207
6,16479
10,42573
16,21369
15,216
5,12927
10,23912
13,40423
3,7724
12,24171
13,17168
7,26178
7,46154
19,45458
10,43174
4,8421
3,15727
2,33410
12,29189
4,19234
12,4524
7,35879
13,37937
7,17247
20,19739
9,2516
20,13200
20,44010
4,45218
20,20536
19,5210
4,44739
18,45610
9,43371
9,11976
12,11775
1,5877
10,48289
6,30676
18,30942
18,20435
8,45147
11,21901
1,7066
14,48778
12,14773
13,32504
11,1610
1,13362
17,36132
7,10422
6,11871
15,24363
7,48753
20,32462
3,18048
4,17647
1,43670
14,6671
6,37399
19,21540
5,7077
18,34081
19,31902
3,2657
12,1026
8,10651
8,39765
16,3840
13,33505
8,21802
17,44374
13,27931
7,14842
6,11252
19,4172
13,45373
14,10274
15,27810
6,19049
15,22082
13,43221
5,16275
11,23852
7,32138
19,28618
15,42347
17,45069
13,21057
1,4650
18,49842
8,28729
9,20009
20,26055
20,1463
5,25548
10,36410
20,43921
20,43552
10,5896
11,27233
14,24457
13,37040
12,37066
9,1580
2,414
19,37162
9,9608
3,6190
5,31767
14,49757
6,30200
14,8152
15,11368
10,42973
4,23988
9,25717
15,10376
6,7738
11,30749
12,13263
17,12589
2,49136
13,36434
13,17074
3,611
14,46847
10,31998
13,37391
5,15182
19,24319
4,40770
13,38267
15,30543
15,19929
8,13716
4,14393
20,47399
6,29559
7,4867
11,12499
7,28887
10,16019
17,24012
3,1383
16,30048
2,12260
12,11849
19,45004
1,37348
3,34016
1,21387
5,9517
18,21378
19,40470
17,947
1,7334
8,8867
10,39656
11,29672
12,15059
16,43614
13,7300
9,38635
5,16351
14,33662
15,27484
2,328
9,34443
20,21393
14,5284
15,29508
4,3414
17,22339
18,31489
5,40907
20,5112
5,30170
2,20083
4,42549
1,27987
19,36038
1,9743
15,33407
18,49327
9,38632
12,32427
19,21777
2,29381
3,25536
19,3167
16,27332
9,32037
5,20882
5,26403
15,43601
5,39634
15,18436
4,37166
3,44053
8,1490
7,26538
20,284
18,40683
14,4203
14,47479
2,13276
11,2068
2,14250
2,20934
6,38551
20,8677
8,40567
8,42181
18,35403
3,44560
4,49305
20,4642
3,22967
5,14944
11,41246
7,561
18,14580
5,8922
17,36981
19,48281
1,46544
7,13937
16,44898
4,49822
19,17448
13,27728
19,49139
19,28737
1,29667
13,41144
7,48138
3,12299
5,23788
8,32594
2,19274
8,30502
4,48352
14,10346
10,4965
17,12380
17,31540
14,35554
18,35597
1,18129
8,14613
1,19389
12,27410
19,12388
2,5566
3,43829
19,42416
13,35472
19,26784
2,18508
12,27360
10,37536
5,36891
18,16010
1,1301
8,10210
20,30242
18,48971
10,23712
10,14687
12,33313
8,922
15,19461
15,42600
5,45271
13,47498
17,1481
16,26004
1,7126
20,1327
6,37369
19,33382
5,23087
17,42555
1,20099
3,39933
15,29121
2,20762
6,20028
20,33929
4,13011
5,25990
7,48649
17,11457
7,33962
1,40421
5,37484
5,4333
4,48413
9,48449
17,35105
18,26150
17,31524
10,17137
7,689
2,44489
7,18737
19,23337
13,47670
20,10882
13,34325
20,28413
18,26200
1,21701
10,29277
19,14219
14,48891
15,40522
6,10001
5,16960
16,44215
19,33249
2,24564
12,47215
19,35517
19,4217
19,3044
15,4935
3,29999
14,1203
14,41929
2,44459
3,30913
11,18207
10,21429
13,41473
10,40525
19,3881
14,22437
19,43673
10,17650
6,19148
8,33803
9,15933
10,16748
1,37508
10,12294
5,35992
9,42501
9,1260
17,4969
10,20563
18,45762
11,46762
14,33374
11,44467
20,1017
3,10401
9,4613
12,9874
9,32231
15,40788
4,15968
9,26862
17,49520
14,1177
15,6080
17,36201
4,6611
1,43274
14,20037
17,20738
5,849
9,11161
20,14648
9,46491
10,37764
10,36409
17,21896
15,25922
7,49911
19,48605
2,39231
1,23415
9,4708
17,13524
6,37680
12,2798
20,45893
4,30201
4,21940
7,8555
4,49161
18,39530
5,7709
9,40612
14,14772
1,17218
15,44022
16,36896
3,26983
20,2179
14,46944
11,46994
13,3442
10,33431
15,24308
5,42414
10,49242
16,22720
10,44713
11,35016
5,34028
18,34966
10,14058
8,35685
17,33251
13,38432
17,14459
2,25655
9,2791
9,28831
15,27392
19,15280
16,8344
3,43967
5,11664
19,47141
9,36356
19,44457
4,6081
10,27679
7,47380
4,39829
9,1434
12,30353
18,29865
13,39498
12,5902
2,29355
3,21237
3,20656
7,26329
18,18196
17,35637
17,18841
13,19852
11,35070
1,14181
2,35079
1,46981
9,24740
17,16923
18,6188
10,35249
1,14076
3,18376
11,23578
13,26007
10,31424
11,36359
8,48444
17,23667
10,31763
12,5335
8,31471
17,46957
5,19957
11,20659
2,33720
9,47163
11,41792
17,22181
7,40865
10,49301
8,32655
6,40845
4,40944
3,10671
4,43553
11,39629
19,26521
11,6096
4,15851
4,35843
20,48293
16,2759
5,30872
12,2839
16,39675
7,17853
6,17334
18,25682
7,7738
5,25700
2,2409
1,18828
8,34622
10,2739
11,23467
12,8590
11,11692
12,4784
20,12171
14,47540
9,27233
15,29057
12,6155
3,20131
13,43123
9,44916
15,35977
5,32542
9,18147
7,27684
1,24632
4,22447
17,118
14,17328
3,39130
1,7907
3,2096
3,8059
5,13301
8,1174
5,8129
4,13176
16,22394
13,21063
12,11979
14,16375
11,23557
6,47213
10,24963
14,12639
5,20433
15,17030
20,36324
5,20209
17,20111
13,25647
2,19496
18,676
12,48085
4,44602
14,30325
14,37860
6,8726
11,46819
11,45329
1,17985
2,18484
4,15396
12,7315
11,21694
6,13170
6,3776
11,5184
11,40239
8,28496
3,22519
17,27916
6,47849
7,25712
15,49096
7,31257
13,43386
8,6327
13,17779
10,24864
10,2638
16,32321
12,39685
4,42134
16,21611
3,19024
1,44732
16,42957
17,47540
11,39003
13,24111
14,46924
6,35945
19,728
15,39285
13,23050
1,616
3,37204
8,31785
17,27504
8,42504
17,43257
14,31576
13,10721
18,24253
16,47224
19,30487
2,42635
5,45579
3,49364
19,1634
6,27834
9,13812
3,26882
12,3313
20,9256
20,37950
6,32036
6,4695
4,29243
16,32447
2,40304
2,36048
13,5802
15,37340
19,34619
13,44299
3,27340
16,10484
3,21364
19,8961
11,46548
17,32023
5,20698
19,37734
11,19691
12,10508
10,33891
8,15797
16,46095
5,20220
13,29200
17,40103
4,45667
9,13245
7,30794
6,9922
3,36876
1,42854
1,46868
10,12214
9,32556
1,49917
12,33991
1,12111
17,9093
13,12845
8,34295
20,45388
13,22658
16,17843
5,11421
10,35215
13,31701
14,30834
19,28636
20,7216
2,15355
6,15375
15,7591
16,25065
11,24224
7,8373
7,35573
5,14223
18,31771
15,14593
5,21323
16,4403
11,4498
10,10155
13,16390
8,37347
1,36514
12,10908
5,185
11,41418
9,32775
20,3907
6,7285
13,33961
18,24497
14,8291
11,32982
20,19198
18,33804
17,7089
19,47397
9,14312
12,43807
20,39201
17,41132
9,24412
9,45253
20,23129
7,3048
3,19102
2,16845
12,14188
6,29337
16,37508
15,23868
2,4669
10,42001
18,18399
16,9494
20,17348
15,15050
10,40812
7,38697
4,29172
7,35183
2,3995
8,40617
14,29231
18,40431
15,31820
17,13941
1,27235
15,23679
20,39154
13,20582
8,16141
5,26686
20,26860
2,10432
11,13982
6,32412
12,26963
15,4577
20,19333
4,27220
6,30549
12,25429
3,17550
20,34741
1,32859
17,22560
11,40077
2,39706
8,23970
9,31624
8,5314
7,15049
13,15878
3,2991
3,22312
15,36092
17,13703
13,40082
11,20420
15,35610
13,37199
17,9406
9,7752
14,14333
5,456
3,37491
17,43503
1,44002
1,16257
8,32267
2,16392
15,36199
18,40459
6,14326
14,32737
15,35596
2,17245
19,40454
18,1615
14,5603
12,19285
18,34275
5,762
2,19636
8,445
5,49188
18,8565
17,5281
7,31551
17,38663
15,6753
9,39874
10,46184
6,14168
1,36012
8,46930
16,41791
18,4256
10,38320
18,31312
4,42799
7,12758
15,28893
6,40818
6,28483
1,12720
4,38033
1,26602
11,33043
10,9542
18,43637
1,48111
4,16439
1,43215
10,39658
7,825
16,44818
15,48532
15,24489
9,35946
1,33434
20,20334
11,36178
19,38227
19,45191
9,7457
3,5103
7,32208
17,34715
15,1843
7,25494
15,5317
16,11561
15,21676
3,29377
14,24012
19,2333
10,20067
5,7476
11,35033
18,49861
13,36240
15,49409
7,19196
11,6875
14,36881
1,37298
5,47792
5,15284
1,47211
7,36204
14,4368
11,21193
6,3465
5,20496
6,37530
1,20400
20,26497
5,12548
4,35137
15,26238
7,19983
4,469
16,48410
5,22723
1,4107
9,42894
7,43984
11,22186
15,30054
4,5462
14,2931
10,18825
17,14365
1,34969
8,14090
7,16201
11,14168
6,18749
11,3960
2,27958
17,45165
1,36086
8,2085
10,15289
17,6271
17,9325
18,8625
1,14181
8,10762
18,49786
17,29995
4,48436
5,45456
11,42665
16,24911
20,41548
9,48464
13,27839
14,21109
6,42020
8,11286
3,31614
14,32041
5,41286
19,40527
12,23725
14,29323
16,11846
15,23847
9,19478
2,15120
11,41989
9,32973
11,21341
17,49602
8,10086
14,5094
3,10288
4,25567
14,10371
6,21388
11,49693
7,2222
8,15950
14,20357
10,32413
7,37677
20,18126
17,1806
8,19636
17,9045
12,37913
13,10320
5,40790
9,17133
18,7642
10,42075
11,9537
12,21464
13,5402
20,30275
13,10112
12,45946
8,25353
8,27843
6,8426
6,31611
14,34484
13,49774
1,33859
20,37666
1,20064
10,29801
18,25101
8,42276
11,33887
12,19713
20,22731
2,37675
18,8398
13,45902
13,25642
16,21571
9,38587
1,4992
15,20336
5,32887
16,7834
3,38674
2,47554
12,33307
8,30610
5,32086
5,3043
9,37602
5,29572
18,42469
3,15400
15,38994
2,23920
10,44895
12,36793
13,27359
2,27180
15,42762
2,4292
19,45911
5,32563
14,4659
1,11730
11,47072
6,43464
2,23308
9,38026
7,2578
19,8040
7,11288
1,12491
2,5448
20,47177
7,30749
5,35850
20,16074
14,41355
1,47334
17,34990
14,31785
4,43220
10,10152
10,24709
11,34923
1,48090
10,23857
11,15977
15,11257
18,19197
9,49053
7,6675
6,22020
19,2791
14,16839
19,1815
3,5964
11,18972
15,1401
18,26978
2,6571
8,36360
12,45295
4,2082
13,35820
12,43405
4,17612
2,13551
20,36207
3,34868
2,15974
4,11833
17,14275
1,26127
4,18186
15,26210
3,44185
9,3267
12,47090
16,46791
1,9429
14,3076
8,22668
11,37865
3,18145
7,24588
2,18822
16,27121
4,32199
3,24702
14,26615
12,48826
13,26516
1,34794
12,36218
9,32474
8,185
12,435
9,41321
6,25216
16,48928
7,14784
3,26981
8,3698
6,5618
9,5577
20,6614
2,4472
17,36759
11,1387
11,41343
3,4250
13,13967
18,34371
9,6951
1,7265
10,48262
19,45570
17,5626
6,36114
11,36892
14,33473
4,42130
9,4675
20,14185
9,49845
14,36025
10,30060
19,33038
4,49649
11,40458
12,42809
19,8164
20,41915
11,31943
14,11857
8,20235
5,44801
7,13668
18,11837
8,36962
3,4588
11,31949
19,11956
20,7222
4,42435
20,362
14,38598
18,5619
8,30331
10,17944
9,17899
15,11290
20,41708
10,21128
12,41744
9,47852
7,41814
3,33088
3,42072
18,31316
7,49570
1,39935
13,10879
3,27519
17,14722
10,33069
6,4123
13,7438
14,15603
17,33112
20,48101
15,15680
18,10050
10,37249
15,11345
7,12238
15,20883
14,351
13,976
16,46042
7,46125
15,15244
20,40134
15,41112
16,32348
2,43212
20,45562
19,11944
19,21993
12,10673
2,37139
14,16193
12,30785
8,19830
4,45045
7,44902
2,12488
3,49138
17,48232
4,47096
20,35010
8,33238
11,40430
1,1975
12,37305
17,5624
8,27120
3,19374
4,41472
8,27650
19,36863
3,24912
9,36170
12,22588
6,33007
11,17441
14,4453
17,5582
18,39170
16,1039
15,30461
20,23317
1,10051
8,4011
3,39897
19,8576
18,43915
5,32043
3,25013
5,20365
15,23437
13,20867
7,18337
1,45630
17,2339
16,3136
5,32157
4,1894
9,29134
10,43800
15,15624
10,16030
19,8427
11,37360
16,49136
16,22615
14,34347
9,20592
18,12104
18,8545
17,1358
11,21239
17,33327
4,39445
2,33419
15,4828
4,31477
12,38083
8,23996
16,26077
15,2122
6,29776
17,30134
17,17102
4,26729
13,2126
5,35261
3,16467
5,12325
6,44970
12,32626
11,29421
10,48994
11,26902
18,8806
14,39382
11,33938
5,41869
13,30410
4,26612
3,23790
12,35789
5,4944
20,25250
11,19316
3,20602
9,27046
1,28865
4,30483
1,32417
11,16155
17,5897
18,49264
18,45800
4,43614
4,19434
1,30506
18,27984
6,34445
8,2181
3,47317
12,8757
7,6114
17,46505
15,18361
6,4369
9,18282
2,33682
17,23226
6,642
12,23656
3,29968
19,37092
13,21920
8,12171
10,43170
15,12057
11,21202
5,29953
1,9939
2,44174
9,30653
12,16752
7,21319
14,48682
19,18624
18,38388
4,38079
11,13098
3,5954
3,31445
19,2476
11,6838
10,42378
20,39702
12,21811
5,16382
14,27613
3,46648
20,41612
8,28048
17,16149
11,20651
13,8997
4,1310
5,10161
9,11981
12,45139
14,34941
18,11271
10,42220
9,35597
13,25657
6,15665
7,30366
14,16323
1,23595
8,45289
10,28030
11,23537
17,34000
1,14537
11,3651
20,29626
4,12541
1,20634
3,14865
20,27120
12,2279
16,32705
1,33361
4,4177
15,21857
5,23185
8,9686
8,3760
1,44656
5,24722
15,15040
14,7213
11,28337
3,15532
9,44394
18,10731
19,22774
10,34511
7,17354
16,16065
20,3612
15,37230
15,34172
10,40293
16,49784
11,39482
15,41807
1,24581
12,28950
20,16166
4,12594
8,15779
9,48215
5,13917
6,13950
1,17327
12,48286
8,9137
15,28344
12,15858
20,2104
7,5939
13,18383
20,41081
19,16060
2,22986
13,16038
7,33833
14,43643
15,28262
9,25856
10,33912
8,30581
17,38977
12,41732
10,1471
6,10647
3,44285
8,32777
15,23063
4,31916
20,36614
13,7410
19,29515
16,31406
3,40764
4,10383
8,35915
5,722
14,757
11,2270
20,41360
13,3772
17,25478
18,38070
20,49562
4,46038
6,32042
18,5872
7,28544
15,27746
14,14618
20,28270
8,18551
13,13465
6,4468
16,27318
20,33984
17,43000
19,42572
11,30378
10,41528
19,18792
3,22044
15,12929
11,37732
2,28718
19,14610
9,43280
17,36646
16,18794
19,23323
8,39382
8,15570
6,38792
13,26022
20,10022
19,38308
5,20745
11,31694
7,13967
15,972
14,10374
11,48951
7,40670
19,16247
15,15251
2,47383
17,8222
15,40161
7,33947
10,6314
15,39652
2,20700
11,16612
2,37951
3,20560
13,3215
9,26214
8,17033
20,17963
16,46527
12,18077
19,42518
15,1660
3,38119
19,35434
2,19919
12,27868
5,20532
4,23262
6,34075
16,29399
18,27114
5,18304
10,2880
15,48538
8,45924
2,16923
2,20101
14,6929
15,12896
18,1522
16,21152
1,32205
16,26405
19,7498
14,11980
15,30667
14,41072
17,47123
8,21109
20,43266
17,12165
18,32115
15,14805
11,47382
10,14339
13,14445
9,22537
7,41680
10,29201
1,24310
8,25814
18,30948
10,24613
19,16696
12,18073
15,8819
1,35461
1,48712
2,40622
6,48626
5,49939
17,15988
15,38480
19,45355
16,42118
12,4761
2,30725
16,29878
8,24761
6,338
2,30047
1,43796
9,3446
1,19600
19,20590
16,31669
9,5419
8,47345
9,16951
9,46015
8,12738
9,24927
13,26822
6,24665
16,1742
9,34319
20,17858
3,41277
13,47686
9,3749
13,17453
1,9815
16,1246
6,35943
3,12103
18,27694
18,25461
9,28500
13,18718
8,9238
19,3501
13,10655
16,40705
4,39624
12,36926
20,2818
17,30876
1,29510
11,31155
1,12172
11,30228
12,26667
18,43256
6,45678
1,30277
6,21406
9,9853
19,49721
5,24929
11,15077
4,48442
2,4603
2,41667
17,463
4,17059
17,5781
13,1389
6,28229
11,2194
3,17701
12,46821
16,40373
6,20978
9,35394
1,44806
9,8340
1,47105
3,30655
15,25721
12,4899
13,46208
2,17639
16,6069
2,16459
3,22514
15,18579
7,1613
6,28864
16,18427
1,37266
12,42286
15,2105
9,25769
12,9689
7,26150
1,4422
15,36432
5,10076
1,47848
1,18129
7,34447
11,3168
7,31722
4,40671
5,32340
19,1248
12,24208
7,40045
20,8538
16,36178
4,42503
3,34462
15,47841
6,2862
5,1990
18,3397
14,10874
10,17438
18,32404
8,34665
7,43285
18,46171
16,24107
10,16303
3,6403
1,4763
19,40657
15,7394
2,24361
16,22993
12,15965
1,5666
5,48192
13,17233
17,45269
16,31764
12,43140
2,30219
19,34682
18,46441
16,30322
6,16124
11,45052
2,44868
19,36260
15,32134
11,15083
14,39342
11,8296
8,7133
10,21615
8,34729
5,9697
15,12211
5,4098
4,11187
7,9520
17,10447
15,5780
19,16118
18,15905
5,41178
17,24705
19,40360
20,37347
5,25448
15,27432
3,32773
16,32906
20,11249
2,34882
18,47441
12,5244
1,17661
2,27502
6,40380
19,5058
10,45701
8,17894
16,5239
1,40887
8,20600
8,6218
14,33013
6,14062
6,38796
11,22229
18,19504
16,44013
16,18256
7,33092
15,43600
12,36887
17,46490
9,21117
15,27000
4,38713
7,42701
13,20392
1,1715
11,20570
3,41064
10,13596
4,17841
19,42446
6,37054
18,9869
3,25188
2,28480
20,14584
20,45614
2,10494
16,4786
13,37283
15,5240
20,16706
19,34518
18,2272
7,49365
3,19891
3,41856
8,36466
14,7966
10,35960
1,31162
13,40539
19,16559
9,5147
1,6545
12,20102
9,27175
17,34757
3,33924
11,3465
3,5787
6,35846
10,45912
17,49818
5,32912
19,44456
13,36390
8,20675
3,18798
6,40283
5,15917
3,33726
12,5557
7,26424
14,11389
1,4681
14,7081
13,39670
9,27144
6,21798
6,38508
11,12479
5,35205
13,45014
14,38422
6,43635
6,38704
4,40381
14,49087
4,23343
12,12752
9,37619
1,1864
9,4789
14,30882
14,24901
11,5288
20,25371
10,39639
6,39664
19,18539
11,7514
13,17929
2,47454
6,38727
8,49439
17,19745
8,10141
17,2656
8,35141
19,23526
11,26745
15,30272
19,35061
5,29769
7,3756
18,10771
8,22128
16,5632
12,48241
17,605
17,32870
17,11240
14,49825
16,22636
14,42534
8,13290
13,39708
4,19673
9,45492
15,30072
15,6346
18,22666
13,7183
17,34774
13,37695
17,23351
11,46053
19,29946
19,1493
5,29305
13,27903
15,22610
15,18849
4,14016
18,8774
4,46441
13,215
20,23560
16,42547
7,32990
6,25397
19,46782
3,39672
12,41737
9,43369
20,12802
19,13795
10,27966
15,26335
12,22669
5,398
5,41323
16,12531
2,5487
10,31694
12,1875
7,27246
6,7950
3,3298
14,1206
15,44353
10,28951
2,23645
8,47060
3,36724
12,25644
12,42406
1,30075
8,39854
2,5702
2,13436
1,19136
2,4229
17,21989
12,28653
12,26777
17,41081
4,38510
2,47558
18,42314
18,1115
10,19126
1,31762
20,47800
8,33058
16,24050
17,30527
16,1770
8,8849
7,564
15,45453
12,29258
2,10056
11,28580
11,9407
8,36485
19,1327
12,49295
2,30303
2,24650
11,3116
3,27578
18,39258
8,10341
20,27658
15,1028
2,42366
14,16334
13,15810
19,5133
20,39896
15,26613
13,43102
16,6354
3,19633
12,40917
7,3445
4,4662
7,48575
4,39649
20,27123
5,42404
6,34161
2,31901
16,45989
1,1799
13,3374
12,43346
3,9500
5,11661
4,22282
3,34543
12,2474
10,496
16,18222
2,42808
15,34995
6,2087
9,28904
14,8654
14,37962
11,46478
3,28346
17,13578
20,3815
8,42091
4,47351
5,3727
6,28248
1,30266
5,38584
6,25721
15,43201
14,40570
2,39539
14,36327
9,44962
13,45615
10,31189
12,29296
19,17183
6,37355
15,10146
20,3247
17,2487
19,18521
6,2962
5,14926
15,48787
7,38170
11,43423
18,23549
17,2796
8,43315
6,26633
16,23078
10,46659
1,126
12,29169
6,23805
13,21844
13,9580
11,26742
17,29149
5,38868
4,42418
3,17763
11,1508
20,36606
3,9462
16,15944
7,13014
2,40564
8,44845
18,10906
18,4836
13,39293
20,35392
2,13348
11,7935
6,34215
3,35788
13,49939
11,48029
15,24001
7,34541
14,33910
4,20558
15,35308
6,520
15,43398
4,43866
10,22276
18,15054
12,10255
1,17718
1,18036
8,19697
9,49293
13,28324
18,45595
19,26796
17,38817
5,4433
10,14487
9,49452
12,25321
11,31639
19,16240
17,33820
12,24923
7,30160
17,7663
10,12609
5,13598
3,4166
5,3709
20,22500
8,41968
4,8863
6,33348
9,14608
2,44822
6,37176
16,29882
5,42742
15,42275
20,34189
15,36659
13,5067
6,19128
12,36788
17,23808
18,41067
10,49730
3,44914
8,11770
15,7633
10,32401
20,21349
2,8629
13,45886
4,27265
8,4299
8,7003
8,34927
1,49814
16,13293
2,16668
3,37628
14,19906
6,1133
7,49816
15,48631
14,20720
15,21977
9,3339
8,20236
12,45072
16,14631
13,874
15,43214
12,18196
15,17439
7,1436
7,49356
12,15139
18,10980
8,7725
16,49090
4,7708
8,30735
4,20168
7,4917
6,15644
17,43841
1,46873
7,3264
15,4553
17,4230
18,9113
2,11992
20,41052
11,23437
14,39154
17,47642
12,13701
16,18168
18,35154
15,12249
16,33376
2,38479
12,13553
13,29435
6,45597
14,20946
3,8614
10,14921
12,15809
13,23772
9,30450
13,19068
16,31243
16,2293
17,16070
13,40699
13,13659
15,18911
16,40441
8,41281
8,27487
9,31170
1,18809
8,45440
2,25564
13,10641
1,39746
1,31418
17,32774
8,7587
9,47531
10,46394
4,14694
4,25055
9,1912
14,11039
10,20866
4,33758
3,20954
6,1357
14,40914
13,42599
12,18527
18,24061
15,40490
4,40608
8,38548
1,42672
9,543
2,4733
16,30090
2,24623
10,48024
14,6472
12,35994
12,20378
17,23210
7,38941
7,38285
15,38058
9,10567
1,29159
7,29587
1,47033
6,41183
19,26230
7,35005
11,22978
14,36695
11,44649
5,7582
12,26037
17,35418
11,14348
14,12413
14,1965
3,25008
14,39182
16,46989
8,27517
19,32638
15,3653
16,46544
7,28360
14,6237
20,49283
5,34459
9,20127
9,40190
1,47584
10,34410
20,41344
7,30940
7,29413
20,17016
20,12942
19,27776
6,22492
7,29187
6,33253
10,47023
16,18775
12,979
8,34809
14,34932
20,13321
13,23205
18,44900
18,42400
9,44538
18,27142
12,15786
17,46271
13,24336
11,7298
18,48344
4,28764
15,41650
16,8316
1,39828
13,3209
4,42680
18,39534
4,11993
1,4519
18,14146
15,12188
11,31870
14,4900
20,4905
17,37303
16,8633
11,13434
4,14248
14,26386
12,49508
18,9905
17,48385
16,26107
13,508
1,23977
12,9597
4,18490
13,15226
10,23730
6,33346
4,19815
2,2226
18,20473
12,37356
19,15314
17,42922
20,12658
6,1759
20,25292
4,48321
10,3019
14,5823
9,12254
10,49438
14,31637
5,41994
13,34021
10,19396
17,49015
7,37093
5,18334
10,38004
19,37678
16,42741
19,12953
15,42567
11,5608
20,41657
11,44836
18,30492
6,21586
7,41351
8,10753
6,41260
14,3024
5,35908
17,13385
7,17600
12,8123
18,33880
7,3689
19,46025
18,37311
18,1664
13,4864
17,28657
6,12717
7,24164
4,23141
10,25953
17,15941
7,4486
15,42864
15,48546
19,12557
10,5725
2,48045
12,18393
16,44291
6,11049
19,34875
20,17148
9,13167
17,46589
4,49806
13,9541
1,42080
17,3670
6,28400
17,5147
5,19838
20,47651
4,45415
2,1483
12,21674
8,2782
12,19169
9,10964
7,16334
11,13124
6,32930
15,5119
4,33706
17,4341
17,12747
7,16163
9,12265
18,5145
11,49355
7,12352
15,28976
13,48917
1,36843
20,5668
20,9829
6,28013
3,35409
10,43050
6,36069
4,13892
7,17129
4,15143
8,46756
16,22795
10,36522
12,17892
7,34325
18,6859
1,1271
3,29853
1,49141
3,30499
6,4610
13,30973
19,31318
3,19781
20,32591
13,14856
7,17560
1,23592
1,16416
12,26701
1,28172
16,6068
10,30108
12,12580
13,17056
19,10748
12,5853
16,19706
5,49248
4,47017
12,32933
2,16027
15,44649
2,10494
8,23064
8,48209
17,27797
9,19919
13,45451
3,48584
11,25591
3,16238
17,12929
3,6692
8,1464
12,22447
2,11869
15,40544
1,49779
20,49508
10,19861
8,24418
5,11198
13,3880
17,21666
19,7243
15,28843
8,39535
11,34206
16,10838
10,49827
13,4165
11,44773
14,46750
19,23467
12,30569
17,8064
18,37011
14,29410
20,15616
19,19545
13,2283
10,20653
13,15309
17,5604
7,12422
12,3679
15,9381
9,29462
10,6932
3,13407
15,5634
3,38816
17,3966
6,3873
18,8333
16,460
4,41409
16,46677
5,12077
9,21299
15,13141
20,44023
20,49383
15,47015
13,35750
15,25131
18,49823
4,14649
17,7181
10,11133
2,34145
13,2396
14,46201
11,5639
3,33465
12,772
12,41652
8,41866
9,753
12,48181
20,10311
10,23097
19,44075
10,13316
8,22623
4,12498
3,49809
13,30237
8,46049
3,20523
11,20014
10,4824
14,18389
10,8747
9,24713
15,43335
8,23791
7,38521
20,40867
14,25361
5,18429
4,40201
18,2227
1,19736
12,48011
12,2169
4,5970
8,33928
4,2915
17,12603
11,17557
5,49350
20,43387
16,18847
19,19617
16,10139
17,3818
12,25153
13,20550
10,41214
7,33521
14,45845
5,22603
4,27430
6,23327
13,12883
10,30143
3,41962
11,16461
9,40504
1,27379
19,44663
19,40987
12,12352
8,47218
10,13465
8,4262
14,16564
2,5766
2,19577
6,38119
15,16527
16,19597
13,9537
5,6216
1,44815
17,30914
17,9836
12,49866
5,25883
4,19412
13,39314
6,15844
8,43356
16,49039
12,40151
10,10126
17,389
16,14501
4,36192
10,45954
12,23277
17,24448
13,33111
20,26624
4,41221
14,49522
2,10213
16,39545
20,48145
19,23656
15,8568
6,36086
18,33623
10,20225
9,2089
15,47084
6,24489
20,34143
4,21672
11,13988
10,26591
5,44635
15,23151
3,17696
2,34719
6,34048
4,49655
8,46207
1,27390
19,14461
15,10132
19,22750
10,28660
3,28750
8,34631
3,49025
4,41831
13,32127
10,26454
14,15343
17,23599
11,6558
4,3622
12,3753
13,40690
8,45842
2,25128
19,48480
17,29478
5,48356
12,1972
12,5036
17,38501
10,15640
10,36557
20,34574
2,27226
17,45417
16,34160
17,35536
5,34477
15,23297
16,18287
13,38320
10,33838
8,12718
7,8180
6,47673
4,20424
14,36620
16,27002
1,5265
7,36261
15,4320
3,17123
8,17972
6,16129
2,11663
8,45658
20,13381
6,27692
16,6731
6,48400
11,45946
15,7765
2,15354
9,40617
16,46066
9,42834
4,37913
1,5336
5,24670
2,5409
15,9173
11,41741
17,8103
5,21069
6,25061
13,939
7,40628
10,29725
20,48128
7,17209
4,38658
10,31178
13,35684
20,14715
3,41491
3,3816
15,3789
11,10413
1,1760
18,27208
8,34111
15,41847
1,23032
2,3510
5,49601
20,33442
4,1951
6,38640
9,25533
12,2289
17,39385
2,18959
12,40437
17,4893
1,12402
14,44148
11,8186
19,7432
6,3112
3,22243
13,7771
11,48784
2,22650
17,25955
2,41455
11,45782
6,40934
4,1352
2,28463
3,10674
11,3484
5,43319
18,35136
19,1754
6,22101
3,21086
1,31533
14,10389
15,22513
11,33266
1,47462
20,23219
10,2686
17,22002
15,9427
11,13882
6,12489
17,13282
4,22254
19,31911
15,18757
20,24306
7,15609
6,28668
3,17263
20,16379
20,7760
13,32795
6,8064
5,14309
20,19693
12,11933
16,6074
13,32156
10,32476
16,17866
8,5810
6,15240
8,17664
1,49006
20,12009
1,15619
11,21784
12,46939
20,13186
8,21359
20,17789
13,23814
13,12652
5,1624
6,33722
19,21780
15,13168
15,46186
8,8014
5,24625
9,24511
18,24011
12,18915
15,9577
12,42366
15,32521
10,6852
2,23001
8,6522
11,5134
3,13212
17,42242
7,40067
2,26382
19,29846
13,8700
12,39503
5,16870
13,9410
19,24138
16,14447
1,12631
11,22201
12,37122
3,20186
20,14803
18,35153
12,44304
7,18880
2,29525
11,36468
7,45525
20,14717
14,19275
17,16862
10,31144
6,28629
5,13315
7,20576
3,5710
15,16228
20,27395
2,926
14,2298
2,2882
4,35816
6,3314
12,48050
20,6107
8,21290
15,46285
3,35835
2,36026
16,19872
18,27947
18,37096
2,32292
5,1450
20,32616
2,4396
13,2431
3,21430
7,17601
14,26836
13,34274
20,6109
6,20230
5,2267
20,26788
10,48712
3,16603
18,22582
1,16433
3,37076
19,11880
1,39496
3,10946
6,34204
14,39888
13,3357
19,5305
7,8392
4,7330
19,37122
10,12790
9,27129
8,48263
17,12719
15,42640
1,8637
1,15309
15,2951
19,34758
18,39708
11,31222
16,32406
4,41846
9,20757
12,42370
8,11603
2,9594
1,40991
16,36077
5,3762
17,7296
3,8877
13,10563
13,3748
19,32576
11,13969
11,49886
20,5613
20,43563
15,40814
4,43460
19,4931
1,39107
13,26204
19,14144
3,20825
3,28989
13,39264
16,14983
3,44011
12,23838
20,14750
2,33914
20,20901
17,31999
3,46121
13,37164
8,21484
4,32179
4,2418
12,46083
18,32056
20,33902
17,13457
16,26038
7,24503
8,41954
17,29087
2,45181
5,38287
12,26826
18,13438
8,3888
14,14106
13,34418
20,37772
1,21294
15,11107
4,33447
18,27959
2,39093
2,3482
11,26022
8,43936
5,8047
16,46983
15,19381
19,10879
3,29378
10,24734
17,18371
14,23386
1,11116
9,36802
13,8435
17,14487
7,38156
18,11723
9,14830
20,863
1,29969
10,20843
13,18111
9,22159
8,793
7,21369
16,2859
6,36162
15,45269
4,16393
18,11386
3,21000
6,6273
13,45672
7,32954
6,45702
7,13688
6,24426
4,14038
9,30311
8,31554
1,17508
7,22509
4,14294
16,46471
11,40253
5,12695
11,28562
7,9839
3,31143
1,31490
3,18510
16,44100
7,10934
3,3965
14,19020
3,22098
19,41612
3,19811
3,26370
19,30436
18,15138
6,43038
12,17382
13,28714
16,39102
2,12096
5,35113
7,21280
14,7154
12,38684
4,14384
13,23891
15,2763
4,38227
5,4452
5,17987
15,42244
12,39297
7,48523
9,48325
8,40689
19,2253
2,35499
10,42125
8,49218
2,37972
3,37028
9,12421
5,21967
7,18283
5,12056
20,24178
14,11511
10,3172
16,47960
4,31849
17,36855
5,40514
2,22996
13,19958
10,19333
14,14756
11,30745
10,22183
3,5969
1,33601
10,30290
9,1793
12,11155
1,12533
8,26495
8,31747
18,17384
5,30036
19,26628
4,39284
16,2061
8,8293
13,17112
8,21709
16,23790
17,41198
7,45889
6,39189
5,13951
5,11146
15,41953
19,30015
20,49378
16,21900
1,24492
11,30985
10,45287
1,10542
4,42667
8,14526
4,44013
20,37880
20,14547
3,31531
11,29572
2,7015
17,42942
16,13452
4,37933
8,17163
17,33213
1,17373
2,8076
8,34492
13,28943
11,24792
8,27963
13,28004
10,45074
12,27604
6,22035
10,48159
7,4207
3,14147
17,20683
3,14653
18,27800
4,21411
16,24762
8,13335
20,23320
9,33681
18,5657
16,41905
17,35094
7,18571
1,11516
20,36295
16,14113
12,11389
11,48425
15,37505
6,31543
1,21637
16,8820
4,4887
18,46221
20,5240
10,31142
19,22586
9,43311
8,36661
16,23264
12,17058
1,21908
17,10048
12,29172
5,11297
1,30869
13,3453
11,10042
15,36732
17,14162
15,33444
17,19359
5,30582
8,38829
4,9640
5,10144
5,16549
16,15089
1,44145
1,48195
2,31171
4,39253
2,22480
11,35776
10,17464
11,7970
16,10017
6,18788
16,22718
20,12436
15,30930
1,40590
11,7350
17,19042
7,10318
13,34638
16,1983
1,40456
10,48422
20,4006
20,36337
19,46294
20,18431
5,7108
10,35306
9,34539
14,13991
4,48363
13,48162
16,22246
17,4963
20,38439
6,43308
6,19049
8,36830
17,16060
20,34051
4,5603
14,44402
18,24807
14,46954
13,46158
4,48899
7,25897
10,42383
7,21635
9,23665
1,33330
20,8703
3,38388
9,40891
10,34612
13,31232
16,19616
3,16056
18,19523
5,38175
20,27980
13,7910
11,422
2,15381
4,13024
17,12756
8,23803
6,16410
1,12698
4,29420
8,24150
9,29795
12,40582
16,49906
14,36764
12,49999
12,37677
15,49745
19,15766
3,40667
7,38009
17,24666
12,38564
11,20714
10,17660
19,10094
13,47757
8,1383
5,47797
12,48134
4,37453
3,35286
1,40603
6,26115
19,32378
8,29898
18,11394
3,15142
17,27406
17,41946
2,44417
7,39338
12,4192
18,31734
7,16117
13,9139
12,25330
6,20717
10,22711
3,31939
18,36872
6,47243
2,40893
13,10071
19,20493
9,46788
12,23352
10,782
19,32745
13,31642
17,33665
20,38237
18,22031
12,4137
6,18675
5,44669
13,43119
12,26934
3,28144
10,47162
12,6670
4,38936
12,4257
2,41480
10,49829
5,36864
6,25602
12,28192
11,21941
10,30408
2,20790
7,35411
17,22016
12,48248
8,46814
18,43830
9,9962
7,29015
2,47278
5,35817
16,1557
5,20163
10,17317
17,47752
18,13919
9,36133
9,33752
13,15593
15,26355
5,31706
19,35061
15,48080
14,38879
15,21535
1,41177
17,252
7,32237
12,29419
10,38243
7,37454
9,16104
7,49535
6,47164
2,17594
7,11991
17,819
19,43250
11,38584
10,6900
15,26884
3,38815
6,40557
17,24448
7,1867
16,22452
14,28415
11,34750
10,19578
19,36442
20,5915
19,21573
14,46715
1,44985
19,10971
6,27424
2,17053
19,26021
19,46218
10,36913
10,19679
1,45582
6,3888
8,16435
11,19252
19,10192
3,8475
6,42627
3,17284
10,553
18,35988
13,11845
5,23491
19,26085
2,30551
20,25849
4,38970
20,49932
18,3009
3,34085
5,41445
13,34638
8,15975
2,28480
15,17497
9,38366
2,18676
10,9950
10,28851
10,46274
13,30419
1,49904
16,167
8,13508
20,12212
16,42784
16,30603
5,24009
4,1583
19,38256
11,11881
10,33986
13,9180
14,16290
3,38532
7,29416
19,11990
10,29102
12,28601
13,15973
6,26626
19,9418
10,29999
4,33661
7,42842
7,5356
15,41436
7,41005
8,2602
5,13999
11,35191
14,1201
8,30043
16,14952
18,11817
16,22573
17,11781
16,30150
2,32825
14,29576
20,32983
4,17528
4,4462
20,42412
8,27019
2,5385
10,22261
8,37069
19,20351
20,36353
17,43710
13,9949
4,17872
12,6544
5,25542
13,48797
13,5714
10,35089
10,20471
6,24713
2,9543
14,48358
17,2613
1,25434
8,29030
12,43892
15,24446
1,13459
16,18500
17,4808
2,10321
10,49010
14,49903
19,40194
13,10617
7,11067
18,30173
8,15933
2,3003
19,27442
10,42094
7,22634
4,40567
13,42556
16,7803
8,10070
14,44421
12,45973
2,18848
5,1771
2,14681
8,10729
13,38957
20,7760
6,20314
17,48820
11,30434
3,6659
8,14383
19,38710
4,35546
13,26635
8,26439
4,16218
6,47886
13,11185
10,27186
13,13728
5,12311
13,17240
17,20137
6,21471
14,5701
2,33317
7,33195
20,33648
7,30378
12,7356
20,23858
11,43604
4,25370
19,39007
13,33320
5,1966
11,31653
15,49172
7,29033
2,35502
4,23881
12,9756
20,11835
17,5018
10,30939
20,41041
4,13793
9,31728
4,37551
15,11301
4,33863
8,30396
14,4343
11,10359
8,28391
10,13513
9,2572
13,48765
16,29806
3,16541
18,32675
16,37324
13,5511
17,3467
8,43599
10,31930
7,33256
14,2204
4,8572
9,12278
1,3976
8,36950
2,10493
15,40008
10,28869
7,48212
7,45384
1,40911
18,8586
4,19214
18,23230
6,36816
14,29790
9,38770
11,41618
4,1636
4,38236
20,38017
7,5230
14,33671
19,49381
2,9294
6,42463
7,9346
12,45937
19,27054
19,34649
11,8287
9,25637
11,41564
3,31606
2,26746
2,20081
3,42363
13,31930
8,16693
4,20583
5,14648
9,49660
6,2382
19,32789
15,110
12,44673
20,21171
17,19276
11,6556
6,20592
18,47985
16,6351
9,33500
8,43579
19,24482
15,48796
10,34160
7,44278
11,4789
1,11009
17,26673
1,12881
19,47589
6,45473
19,10253
3,29624
15,7280
12,2729
20,40088
8,39371
4,44240
4,8746
2,39451
14,983
10,6168
13,12958
18,23696
8,35707
7,41807
16,15806
19,47743
1,35856
10,13411
2,32728
5,6109
2,37381
18,13751
5,7213
2,2806
6,26806
1,31845
6,45063
2,49970
7,43595
18,7432
18,2201
3,3389
7,3106
7,39115
3,6660
20,2685
2,24482
5,40803
1,17972
1,13654
6,11760
1,30022
8,42093
6,33616
9,27401
14,14299
9,18560
11,11804
18,4933
13,33058
20,4024
7,30795
14,7269
17,33546
16,32051
7,42064
8,13613
12,14719
15,28734
1,7296
15,15691
6,47731
19,44973
8,38761
15,8586
3,43959
9,28136
20,27431
9,42286
15,25920
10,26126
4,48990
15,31099
19,13733
14,32098
1,18898
3,7076
12,35074
16,35901
19,23742
9,24390
17,10325
16,46267
6,48471
10,37584
10,349
14,43382
12,29943
7,30322
15,25921
9,9329
14,37725
19,16500
2,39599
14,39043
13,1340
10,3318
2,36649
10,17210
2,5650
16,16876
14,34332
5,6071
15,19499
6,25819
11,17326
11,5050
13,32437
10,29363
14,32292
9,20438
12,46845
5,47915
9,43512
15,47324
2,5526
2,40702
20,37384
13,38996
15,38789
8,45365
11,16271
7,19770
14,38040
2,11374
11,11328
2,9615
9,27642
11,17744
14,31870
7,14361
13,43099
9,23062
19,8133
16,10909
19,8180
5,12464
6,16126
14,30706
18,4178
13,34324
1,18771
5,9106
1,33580
7,27090
4,11086
7,45755
5,27566
14,48312
5,28157
13,43018
7,44573
3,42287
17,44180
10,11027
15,45803
15,43853
18,25947
14,31525
15,33276
8,26376
20,16587
20,42892
12,21497
12,2769
10,20086
7,22165
12,7505
17,25690
10,3970
10,10312
14,31553
11,19399
10,14124
20,45354
18,8195
17,6672
11,9125
19,37796
12,30671
2,41950
8,28364
19,19339
2,10550
11,44388
9,29609
7,13584
6,9097
13,43028
8,49306
19,27749
6,49096
4,44621
19,5711
12,10365
3,36482
15,13101
19,38531
2,46325
4,25101
6,37119
6,29312
10,49409
18,3259
4,7872
10,20426
19,12182
8,4417
12,39520
14,15576
1,16321
7,9973
5,45097
3,31383
15,42964
3,34854
5,49123
8,8295
3,7074
12,41443
12,23725
12,29650
5,45870
19,38506
4,17238
13,24121
16,35163
16,23020
14,4332
11,30629
4,17046
8,14209
14,17667
7,3042
3,18735
20,29535
1,33628
14,47343
8,15047
20,10359
11,42098
8,7694
16,32477
3,43625
13,41894
10,34908
16,46662
1,37420
18,13700
15,30288
19,8015
4,4252
8,18896
10,48331
17,42038
12,14812
6,734
10,33262
6,35828
12,7381
7,25025
8,23125
1,7285
14,5560
1,43671
17,17226
16,43762
15,4964
15,5056
19,25586
10,4454
5,298
3,8107
6,26612
6,23608
14,15458
8,37083
5,26240
15,34044
20,5604
17,48901
5,45574
8,2582
4,13186
19,27309
15,19553
8,6003
13,14064
18,116
7,4646
2,148
12,7824
9,16399
4,36706
17,25046
15,2396
9,40692
6,33111
3,14692
17,21629
20,7404
16,47494
4,14123
19,31148
5,13738
9,27043
11,10437
5,243
20,11139
4,3502
14,12509
9,21787
13,47533
2,34105
1,5559
7,45349
3,28962
2,34202
17,3186
9,41332
18,18264
2,10648
7,23511
4,39555
5,47408
13,49454
11,5166
11,46446
19,7419
20,12394
17,32199
17,17561
9,4282
20,12992
16,3118
14,12165
5,10023
17,16093
4,22888
20,8019
18,35094
20,5415
20,15482
19,46268
3,14976
1,48456
10,2652
19,45064
6,10491
7,48812
15,8445
17,45963
5,28277
20,3932
14,17346
17,25729
13,14920
9,22700
12,19124
19,7176
4,5343
20,43371
7,45855
11,33752
17,33052
7,19417
9,38187
1,21000
15,4028
1,3491
19,21699
14,4283
17,16863
1,41821
9,13300
10,7200
19,2923
16,5513
11,1861
4,35547
16,21503
19,14969
10,18901
7,24591
17,7306
7,14516
5,32862
17,12585
9,42170
2,21458
10,44796
5,7874
15,8748
9,44304
3,19580
15,40749
5,7867
7,49996
6,6104
5,3828
7,15055
12,7341
11,43956
4,11181
12,15935
4,33513
6,37041
6,46157
1,36623
4,7145
16,31314
1,37322
16,21202
1,22988
14,45032
4,32527
5,2051
5,45536
2,44264
20,46266
20,2004
20,10821
5,26988
16,16948
16,46960
19,18130
1,11547
13,42889
20,49761
18,7557
16,8953
2,46044
10,24165
18,37800
19,20750
13,33642
15,252
20,36554
11,7200
4,38045
18,30173
11,16176
8,31387
9,28705
10,4929
15,38852
19,39405
16,46391
10,21559
18,3839
19,42240
18,14772
5,25927
14,10465
17,9342
3,3746
4,48564
5,3826
19,24851
17,42665
7,49062
16,43276
19,26568
12,15525
19,33370
1,453
8,6771
20,9257
17,23806
11,12435
9,37838
16,9179
11,49618
10,43252
16,30369
14,31710
17,38529
5,16202
7,8038
6,18956
9,4300
12,23971
3,10298
3,7366
10,28821
6,11778
10,5833
15,18021
4,33101
12,47082
17,40340
7,22166
6,11365
20,7884
13,46433
2,15184
8,7874
3,9716
15,14295
6,31381
15,14237
18,28706
10,19792
3,5232
15,35479
4,39776
5,5231
8,8791
2,26218
16,11478
13,33327
12,6794
17,41136
5,29163
16,44951
8,20608
6,43826
2,37246
12,15495
10,11827
16,30230
7,42136
1,12999
3,19550
16,34453
8,39644
10,42500
8,46606
5,19304
1,40665
12,25192
4,21368
17,22308
1,49909
18,20012
8,27971
20,47445
11,46216
18,14516
10,32596
6,14231
19,3343
3,11076
11,49691
10,34786
13,14436
20,22376
13,41734
8,36149
4,46205
3,6669
10,37859
5,16217
17,31514
7,11235
20,36251
9,30269
13,4413
16,45801
9,6300
15,13715
17,3871
6,41061
1,27526
18,24077
9,26237
15,41645
6,38405
17,6858
1,18609
6,9562
6,11586
1,27479
16,33045
20,37723
2,1049
10,18029
10,47652
12,10743
13,19464
8,47798
11,44359
3,19361
14,45255
3,48754
15,22495
17,23474
15,26223
1,9799
16,34415
11,1217
1,23029
13,30981
12,44717
19,48009
4,27959
1,40035
9,15518
4,3499
7,25560
18,10909
11,39358
19,3199
13,13819
5,989
17,20484
19,39687
6,30827
16,13964
2,4142
17,6405
4,34095
4,19645
13,42121
19,40268
18,24093
20,26477
19,22119
4,12901
13,24273
9,40515
15,26630
3,42413
11,33255
7,23827
7,2082
2,39172
20,20819
6,25776
11,19527
9,24199
19,24220
13,38646
14,9043
19,39942
4,27121
10,47485
19,15692
4,4742
18,31537
13,38110
19,35983
20,3764
15,49395
1,44276
8,16363
8,17636
16,27255
15,33014
11,12230
16,770
18,21825
16,20412
3,14076
18,31755
13,9995
3,14627
5,24620
1,3122
14,25228
18,39459
19,34853
16,28025
9,38439
2,32925
13,22747
12,45909
20,13130
20,42488
20,2297
16,20528
18,46329
4,9902
3,9704
20,7254
3,6453
1,20090
12,22778
16,29572
14,32816
11,6551
10,40896
6,31836
11,32883
14,38559
10,42402
5,34306
18,40985
13,10212
12,11882
2,39586
2,19751
2,15177
18,27677
12,12985
12,28511
3,18858
6,19129
10,40059
11,5459
6,27408
5,44171
1,45643
8,18423
1,5078
8,23410
11,45250
13,35462
8,49708
11,33666
18,49944
7,1583
8,49927
7,25069
17,5785
20,48831
10,17294
14,11557
5,13947
6,32206
7,26962
10,34376
14,4483
13,25002
16,5676
20,27591
17,44819
7,17788
3,45468
1,15013
12,14705
2,12894
5,7739
9,31955
5,4723
14,46623
20,11645
10,24112
5,32648
10,27054
3,48014
7,30979
14,20944
14,24622
4,26528
2,7841
16,48689
17,44987
16,25408
16,32875
10,31913
5,30447
9,15600
5,26776
6,25058
11,3942
1,896
13,18273
18,20151
11,22293
10,5054
15,49397
19,32425
8,43891
2,41980
20,40088
10,2342
17,34070
14,49876
15,4819
20,33611
10,28786
20,20791
10,14491
12,33068
14,1797
6,3146
3,8809
9,36688
5,18276
17,4726
4,33503
15,36135
19,47595
5,16824
14,18972
5,6489
4,25881
4,2855
11,25002
18,39865
10,25345
14,43491
13,28149
12,23125
15,15047
12,2300
20,41292
20,22896
5,30299
20,45119
8,143
12,40918
4,39130
10,23688
9,46471
9,43936
12,22176
4,42150
20,49894
12,2071
8,28276
1,594
16,45324
19,30449
3,2703
8,7229
6,5290
7,15297
13,29644
6,47375
4,13791
3,7148
9,26640
13,42939
5,36318
12,4335
1,6535
14,32121
3,16070
4,799
2,3674
10,37224
4,27375
20,10791
14,17817
12,7590
6,24702
19,18660
20,30191
3,47539
9,38937
4,5946
15,14558
15,31055
4,3151
17,35611
9,1910
2,47978
12,41765
20,22372
14,24434
11,11646
16,48684
17,38206
12,34357
12,3503
19,32035
3,39718
18,45447
15,23451
16,31951
15,12600
4,43705
11,30965
14,28012
9,46808
20,42788
16,26735
16,31228
2,811
7,21286
10,27264
6,9435
1,35047
16,42475
17,32568
12,48106
12,11670
20,35640
16,30460
5,17452
10,39356
10,36916
20,21844
3,29743
3,35291
17,48750
19,30200
14,27106
19,44678
8,49964
8,10583
11,17984
3,10836
12,47257
6,33091
13,6234
4,23830
9,2208
15,44568
11,21132
19,21112
4,30251
18,19312
16,7077
8,876
19,21940
1,40491
15,47294
13,35504
16,20858
13,36064
5,15992
7,47160
17,47256
13,5627
18,14262
5,5790
6,896
18,36547
18,25736
18,41514
7,31693
18,1862
2,37227
14,31593
17,32095
12,19992
19,1240
2,25065
18,12614
7,22136
18,32710
12,16366
12,16150
3,467
1,39791
9,17511
14,46803
20,46896
19,21364
14,34883
13,17527
10,23964
11,39199
8,19277
1,18902
20,15008
15,585
1,17574
17,33519
13,39276
6,23875
5,14172
17,16533
10,28151
10,31186
19,4861
13,6032
6,12851
1,3643
11,26487
6,17136
18,41511
20,31483
20,26587
12,31098
3,46758
5,27013
2,43697
8,18643
17,2135
16,35626
12,34760
2,44827
1,34570
2,12417
2,23976
10,45840
3,17585
7,17355
20,16687
8,33505
5,7408
10,25404
19,43601
17,39279
10,7054
16,21014
15,40794
3,30996
1,44940
3,8763
20,43595
2,9558
15,17634
14,14121
8,49472
8,16619
12,38052
2,40316
5,34108
10,36465
15,44275
1,22947
10,3191
11,585
12,20549
16,44474
16,1858
10,4806
13,4811
19,8061
20,25032
3,8240
13,9575
7,35112
13,5758
9,41270
8,26051
8,12963
11,20896
14,24012
4,37100
3,12950
4,29331
11,19174
1,17904
2,42584
6,35850
11,30701
5,6950
12,13388
19,46769
19,22837
19,2901
10,22250
14,44490
7,742
5,25882
3,9387
17,43598
20,38595
20,25863
19,26605
18,14406
1,44028
19,6884
10,17427
3,27450
2,5017
6,14451
13,5554
5,14339
3,22286
1,5251
3,21276
7,16902
5,28109
10,20339
20,37561
6,46262
15,36349
13,11835
1,27308
11,11733
11,1320
6,212
13,45372
15,24368
11,26590
11,23460
20,31859
1,5962
19,26943
15,12183
2,11512
10,27529
14,26837
9,398
5,23210
5,16977
19,27718
7,45009
10,8941
5,37143
15,13280
16,9617
9,36655
5,46965
12,28629
18,33069
10,47708
17,45586
19,5289
15,32720
8,13474
11,47341
16,20474
14,15481
7,25235
9,11806
15,22784
11,18310
7,23493
13,47633
20,27419
19,14524
16,19153
8,29643
3,34940
4,27009
3,27055
16,18858
3,14844
11,304
9,40904
10,12476
14,44357
3,29030
3,12662
13,21402
17,45042
10,26113
9,32344
1,33233
9,7408
13,32174
5,23948
5,45432
11,12509
20,6203
17,14083
18,8754
8,26724
5,45892
1,6511
7,3255
16,32183
8,39860
19,6470
18,36249
6,20435
13,43960
14,18565
2,6176
6,45153
3,6757
9,42877
8,20850
12,1361
5,20891
9,43894
3,24541
2,24056
19,13981
19,44180
13,17230
9,34708
2,43595
8,30875
1,2475
17,17419
10,19312
13,12566
2,27464
15,49870
3,37673
18,48161
11,41962
9,36274
19,23813
15,27753
13,39763
10,1746
18,47267
7,33504
16,35925
7,15926
4,18462
9,13235
16,40293
10,29951
9,44428
8,27788
12,1631
3,26342
12,29923
13,28060
8,43046
19,1492
14,16210
7,17956
2,7367
4,18671
19,34068
4,6049
8,30025
3,20470
14,12884
12,29385
18,5527
15,21094
1,12558
2,32034
13,34674
14,49427
20,18121
10,13034
13,31342
17,9178
18,44213
19,35083
2,2861
5,33297
18,14767
18,10366
16,36847
1,16929
16,49789
20,29822
20,3007
3,7680
4,27097
19,12185
4,27232
11,49042
20,43016
17,33790
20,3385
9,46044
4,48640
1,7486
3,14159
6,43696
14,31964
15,41045
19,30530
5,18857
3,14162
15,31643
16,22578
20,934
17,28956
20,45031
2,2509
2,45644
14,279
4,21439
4,34157
15,43758
2,42193
4,25591
15,41118
2,43397
15,41191
11,46742
2,36415
16,9958
4,6190
20,45195
20,7933
16,24800
11,1154
4,41038
14,26455
14,9001
5,37260
15,7436
3,22361
18,23828
7,10504
10,32127
10,32379
7,15031
17,32355
7,7653
7,5359
11,30348
3,21095
4,29632
11,5665
19,44413
11,49825
4,14898
13,23917
12,10066
4,43885
8,11696
18,46524
16,44467
12,8624
13,5488
2,46866
2,8767
2,38175
6,45264
14,20123
7,20920
6,10840
1,32367
14,31373
2,36828
6,47554
14,20797
7,45999
11,37532
20,48339
18,17774
11,21393
3,45400
11,30268
14,38969
8,34846
12,38672
9,33252
3,44577
1,21381
14,38560
10,1260
8,16789
16,27583
15,19292
10,38816
9,48981
15,42671
20,30792
19,18672
3,28208
19,27260
17,37063
4,24576
12,43529
18,12671
17,8212
10,20662
14,24018
5,3069
20,16698
10,32550
1,8183
17,46685
12,33470
5,2058
11,44180
7,22475
4,42143
4,19920
17,36670
14,23509
4,27936
12,39091
5,17048
2,23779
20,34224
19,20147
8,3204
1,26256
12,30897
18,37015
12,27248
20,34748
13,32145
13,39889
17,447
20,13163
1,16630
4,31968
11,45314
15,34159
14,39070
4,41344
20,5461
16,41727
3,21893
3,22080
18,40962
19,43472
12,35156
6,12506
20,14331
13,19537
20,13050
2,47455
7,10228
18,5678
7,15194
9,30623
6,49850
9,14110
8,28498
5,44480
6,24023
20,30593
6,41882
17,8137
7,26128
18,48632
11,23724
13,2004
5,27390
19,36183
9,10457
4,28813
4,26418
2,48886
2,37585
11,10052
2,43757
8,41884
12,12528
11,5653
10,44322
11,48138
12,1962
5,5167
19,21030
10,15200
3,45378
4,7522
12,11212
20,31409
4,46335
9,10701
6,25101
12,1954
1,47631
20,2011
8,23805
7,48966
8,6169
7,40581
17,31263
7,6826
19,23209
1,36769
11,23607
19,38957
6,42740
12,16060
17,18758
2,47609
16,29234
18,48909
7,33718
9,24438
20,5500
5,7285
16,7419
19,1630
12,15045
14,23087
15,940
6,30385
14,19012
16,26079
19,34265
16,11951
4,21103
11,29934
7,685
6,22096
18,13711
13,21491
8,35017
6,37592
4,10969
8,45873
17,20810
10,9636
20,7784
20,37559
18,25592
18,40665
14,26046
8,12482
2,12625
20,36832
18,4322
7,47610
11,17266
7,12620
2,16724
13,38733
3,49225
20,2125
10,47562
5,35835
7,7297
12,45110
7,25773
2,15543
9,15155
13,1668
5,6109
3,48416
20,29091
15,19395
14,4740
5,18546
1,32710
10,19031
3,26580
11,8767
18,8544
5,30187
3,23239
8,41386
6,15612
2,39733
13,10276
16,5840
5,32586
12,5321
20,15465
18,44579
11,26093
20,34941
20,10469
16,43990
14,2918
14,3150
19,44623
4,32600
14,21369
2,8808
1,35747
13,25322
1,39103
8,1473
3,28417
8,16730
7,30117
11,46925
10,16869
3,41648
1,38347
9,30842
8,40505
12,20161
16,11901
11,14660
10,25593
13,11988
13,14184
19,24511
10,408
10,32250
9,18326
17,5867
1,47695
16,46655
19,13801
20,42295
1,44508
20,38456
5,3527
16,34427
12,14556
4,43610
1,12302
10,11327
13,2807
1,38271
13,47689
20,10555
7,35448
19,46331
5,27036
2,19695
11,4355
3,40409
9,20685
7,12006
10,5248
16,21573
18,36783
1,39308
7,4455
10,49318
15,41375
5,46444
11,32870
9,46095
2,15084
17,5985
2,1380
11,8989
20,23579
6,38449
20,1319
5,6994
9,7503
4,10350
15,46012
8,20403
6,43504
20,4009
11,25428
14,23782
9,29237
8,49729
3,34799
20,32663
5,22151
14,38283
19,41477
11,3203
13,45989
13,26056
10,29439
16,30055
1,6820
14,16372
11,24757
4,10379
10,6692
17,31444
8,3406
6,39791
17,39415
17,30423
17,32374
18,18930
16,2284
3,43635
19,49805
13,4549
19,34886
11,17268
2,35801
10,4538
19,28127
12,32818
13,19813
17,29761
5,41108
6,44902
20,33787
6,14387
16,24124
1,15153
8,25841
4,14214
19,21653
1,393
16,22840
17,29795
1,20115
17,21746
16,6236
8,5567
20,19715
13,1328
10,35906
1,35048
2,44829
14,18332
4,13089
17,2204
2,9657
6,8108
14,1628
4,3287
20,30801
2,46426
5,37868
8,37507
4,18280
6,3455
3,2371
12,4573
16,33563
2,6581
13,43491
9,23299
17,25417
7,42632
20,12289
4,23704
16,49107
14,20872
17,43916
14,15943
3,41725
17,43059
9,2994
1,8299
6,41691
6,19858
15,20090
5,16302
6,16217
15,46587
19,23629
18,45806
12,42760
17,7876
4,49821
17,27570
2,25649
19,48275
4,9176
15,30203
6,34351
5,6585
5,21245
8,3327
4,2670
4,25260
11,41496
18,22446
13,47929
11,19304
14,42813
19,30511
13,18333
6,4602
10,19695
1,32761
5,14656
9,40569
3,8649
18,4747
18,16023
19,31616
20,19920
15,42325
4,15754
20,40564
4,18999
18,47335
8,1020
14,13077
11,27846
12,46596
15,42218
11,15763
13,26915
2,25315
18,49224
17,17704
7,6510
20,27298
15,17371
5,46291
6,35382
14,16110
15,48602
2,24623
15,39057
12,46443
15,30662
3,3201
10,3559
18,9321
3,41150
8,23963
20,15071
17,12706
6,19309
19,26638
13,46520
17,5604
13,48090
19,36521
8,34055
20,48141
14,30308
20,33434
9,40869
2,48244
5,7460
18,1549
5,28207
13,21425
12,8810
2,4849
13,27490
12,16316
19,3982
11,25458
4,40455
13,46299
20,10221
14,8043
1,43195
17,49741
2,40479
12,39011
4,32481
15,42466
14,37045
16,11589
11,12840
16,46155
16,16741
9,7662
3,39311
8,19968
9,47153
15,11735
6,14952
15,2696
17,8166
15,27432
11,27441
9,31631
17,1419
3,40124
3,38757
5,20563
12,37505
1,9400
19,24671
4,19379
19,1498
1,39303
17,9069
7,6731
7,10534
12,36398
6,25502
18,45704
7,8218
14,14071
18,33870
8,49286
9,41615
8,28267
20,21035
16,6213
5,2761
17,7895
17,1444
1,2509
14,29356
8,14193
1,45366
1,5414
14,17096
16,29865
19,2455
19,30248
8,20586
1,23227
14,44561
12,8240
12,25978
5,20824
15,39479
13,37393
18,37404
7,23307
19,9681
3,5102
15,22796
18,22315
10,20971
16,32674
15,32384
2,27299
20,43805
7,7720
3,27050
3,10118
3,39480
16,46390
11,26391
5,35653
13,30481
5,20496
7,43895
12,7816
17,13109
13,25928
3,21162
14,25398
14,31439
12,31832
13,38258
14,49412
5,30593
13,46939
11,12824
7,31134
1,49733
3,42378
12,7457
10,19377
13,3045
15,28504
18,21866
18,43914
19,48011
18,13268
9,7147
14,7738
13,44263
6,44847
2,1850
18,47246
5,36501
16,10139
8,21754
10,20399
13,45512
7,38914
2,32044
19,18028
13,33102
15,31839
14,23084
9,33214
14,32082
8,27262
8,30271
9,17649
6,28217
8,27543
15,34320
1,8195
20,13119
12,9919
12,26722
15,27517
16,24019
18,9639
5,43172
13,47099
9,23910
2,48213
17,36545
13,25409
18,1603
14,42803
9,49972
17,23544
2,43568
19,48009
19,9123
16,34961
16,24833
6,29364
15,29725
20,16252
10,45119
7,19707
8,44882
12,19810
2,46142
16,49704
20,22215
14,35706
2,19457
5,35790
13,24128
1,26984
6,48663
15,16188
14,2368
15,38468
2,2916
19,14968
12,15346
2,15187
17,23560
6,48217
13,3502
3,43231
2,29782
13,13057
19,37677
7,40642
6,47011
5,36469
11,25933
11,34824
6,39242
1,34088
11,4995
15,22832
1,38203
8,44452
8,14270
5,11882
1,5133
8,2034
19,5573
20,48579
15,5988
11,25973
14,30040
14,47930
18,23783
18,5775
12,44337
1,13530
4,18585
9,19198
15,12150
19,4581
14,21546
8,15526
9,30962
7,47824
4,20408
6,20681
9,30717
11,16521
4,13115
13,30329
15,33027
10,19124
4,20522
16,469
2,48059
18,22508
20,42012
13,37215
17,43740
13,40476
10,16493
13,6033
8,10296
6,40952
11,33377
5,6112
14,40935
16,17431
4,41864
2,11648
12,34477
9,20529
15,5404
10,17451
6,43485
9,14595
11,21805
12,17267
18,37120
10,34224
12,49035
12,31070
20,29415
18,29206
2,3237
18,4613
4,20002
15,37463
12,10850
18,28500
5,22620
17,27103
13,15597
5,15432
12,6323
14,26466
16,36084
8,33549
18,46819
9,43466
17,39584
19,26038
17,36234
15,28150
19,16722
4,4474
12,7423
1,28356
1,44416
17,15528
15,41383
15,29048
15,2952
8,30917
10,40180
20,38674
16,42180
8,110
18,39589
17,3770
19,29029
16,7553
14,41609
18,31406
3,13637
14,18682
19,47175
11,22550
11,17412
15,43564
10,44197
15,16815
5,45574
17,7473
16,12625
16,6888
7,48497
5,47309
13,6655
18,30988
16,3609
17,18755
3,10613
13,20227
4,21192
13,13264
3,34865
4,18044
4,30576
20,41307
4,33821
3,48183
10,42893
17,19386
18,28333
10,42857
16,47096
19,33594
8,45429
5,4588
12,1455
3,29743
10,34980
4,6961
7,26183
11,26905
10,11530
2,35246
1,11066
1,10676
19,108
4,39826
14,39161
19,39752
4,33687
9,11595
11,37598
2,20405
3,24033
8,17699
10,1172
4,34442
2,41111
1,24994
12,2623
6,37666
14,178
12,41433
10,46169
18,10647
13,48398
2,1165
6,39154
2,39675
5,21724
20,28082
10,19159
8,36168
8,3568
15,11342
19,14105
18,13087
10,46358
13,8509
8,5085
15,24177
10,38246
19,36223
12,2813
4,30216
4,44527
19,25965
11,46785
14,32860
3,9226
14,39586
1,29420
10,21349
16,25845
6,13418
20,41033
6,17107
19,17480
13,11606
8,307
7,13598
13,46580
16,38490
6,40464
15,27948
16,43449
12,29186
3,694
2,14794
20,22809
1,11288
12,34511
4,45534
4,35684
12,32040
19,36202
8,2884
3,30611
19,28698
11,783
3,15593
11,21448
14,15596
2,18133
16,15918
17,45210
7,7938
19,35311
7,45415
18,15231
3,39877
17,30928
3,22079
17,48851
14,48140
17,42641
12,48529
10,16563
14,33181
4,9079
13,181
10,47221
4,48470
7,9047
9,22815
18,8120
20,27843
12,27161
20,28242
19,19641
16,21627
10,49356
6,4606
7,8997
17,40161
2,47400
13,40293
4,43870
16,30967
14,37505
14,32581
19,26257
15,30674
11,48518
14,42227
6,26105
3,1465
12,6276
10,823
2,32580
15,3398
19,11017
17,12543
11,37237
16,26506
3,27143
15,37498
6,49304
7,38843
5,24591
10,35289
16,18516
5,9502
18,46609
15,27995
3,23456
10,12116
12,8939
9,32488
9,24578
20,37613
1,35780
15,37589
15,37494
2,32835
14,578
17,18250
5,10853
14,7735
9,3504
14,17443
20,1227
1,42027
6,7014
20,31134
18,41375
2,45654
12,17989
4,38017
2,34546
10,26955
3,37557
5,8612
1,45123
17,48775
12,22415
12,21403
13,36241
15,34295
6,9306
19,27373
4,21527
15,35904
15,12277
16,31854
2,41265
10,40647
19,16748
13,40105
4,35252
15,4326
10,28191
11,31872
1,44045
2,20780
11,24672
6,29196
20,33186
10,22078
10,41681
13,21105
17,28064
6,26850
2,46491
1,21402
9,16156
11,39330
13,34319
17,25469
1,40208
6,34893
3,47027
12,31040
10,35031
7,16513
7,36999
8,39538
14,10309
4,41699
3,10073
14,43169
12,48611
19,38052
20,33584
9,43403
6,10064
7,49781
7,22274
17,22705
12,7724
16,11601
19,6636
5,24049
12,5702
12,26577
4,12787
3,41748
3,4593
3,47775
5,37692
4,13898
17,19539
5,25936
14,40141
6,30977
8,41081
2,1115
1,10507
4,34433
4,43450
13,5083
3,38188
9,46230
7,19388
16,45154
18,5120
14,25396
4,26228
7,20729
1,40727
2,15468
4,41088
14,40271
9,31405
12,13945
9,33132
10,32838
3,48167
20,27788
14,37352
11,14701
4,20977
15,21354
17,24288
17,30876
5,35647
16,9633
20,1518
6,11458
19,44642
14,36484
20,26819
9,43237
16,43972
12,5842
5,6486
1,34425
2,22140
7,25279
17,17300
12,39320
14,30272
9,40452
5,32826
15,27508
3,49994
12,30935
7,6518
18,20047
11,38113
13,7440
12,2832
10,47488
13,49786
5,48504
17,31912
7,46032
19,40572
18,7957
15,17766
8,18068
10,24944
2,27413
16,15721
11,32484
6,19921
19,37443
4,44859
11,26074
10,10305
7,42104
13,25114
11,36190
13,37244
1,6077
16,43386
11,40105
2,6065
11,38281
3,36208
15,17304
7,19711
14,10381
11,37318
14,28988
10,18962
19,42728
15,42328
17,28333
18,15548
4,16299
20,1302
4,32170
15,49858
10,23115
9,7392
3,46080
15,40706
16,46503
1,7674
15,8760
16,41908
1,33217
12,22682
12,33987
3,44193
5,6274
13,43795
11,17952
12,39998
3,39984
12,31131
2,28646
5,17362
18,42201
13,14360
9,18263
20,18521
2,43547
8,48065
2,31685
15,18659
11,44385
18,7903
5,48377
14,39410
12,27109
19,6921
8,11460
4,44048
14,26619
8,11061
10,27179
17,19045
18,15424
6,34320
11,14760
12,36105
12,24692
14,18777
20,48615
6,2304
9,10352
14,45149
14,36952
3,9632
1,25138
9,40172
15,40461
8,1454
1,17465
5,33477
6,34764
13,5704
12,17543
10,17242
2,39215
16,39072
15,20209
5,32946
7,6858
5,9715
18,20380
11,1411
7,2160
16,10244
16,47195
3,4440
1,5615
18,19970
14,31981
14,38462
18,15216
1,41661
3,47915
4,48619
13,344
2,15696
7,18199
3,24592
2,33656
9,8613
12,45343
1,46847
7,25830
13,41165
17,21315
2,28977
11,9370
14,20545
4,10894
16,39191
8,18347
17,30181
15,2758
8,47789
16,44852
9,46164
9,18304
18,32598
20,1334
2,39532
4,49779
13,32839
8,48315
17,24946
17,34117
8,1666
19,19402
19,48500
2,1976
2,4958
20,33415
3,32090
9,26433
10,27852
2,37948
13,30865
12,25970
6,8227
18,10107
12,20208
16,36115
6,11949
10,224
15,49905
7,8187
7,36933
15,8310
9,33403
14,47908
9,43467
19,46389
8,22373
1,45214
9,8089
15,13401
18,43291
12,30843
14,25981
6,23228
20,6190
6,2845
7,3611
7,28128
10,34630
1,25654
19,28002
19,32776
1,14349
10,40360
16,30707
8,4352
14,9670
8,5641
17,46534
4,30568
17,14277
6,42175
14,38642
16,24601
5,25561
4,33523
6,599
11,16320
14,46781
15,48379
2,36836
11,47613
16,25052
4,9127
4,39303
10,4325
16,40993
5,29577
14,44170
19,23436
11,21229
20,21543
7,10704
15,30012
15,1238
2,3230
1,28296
18,20276
16,5638
19,15799
12,1750
4,1655
14,3709
16,28653
5,10146
11,15254
14,3055
20,21063
19,40547
20,35393
4,12716
10,27357
19,36370
10,20784
2,17508
19,19772
15,24035
11,38936
12,32660
20,40697
7,44669
9,18186
11,49006
15,41451
11,35777
4,42838
7,27804
5,8860
10,33649
16,25842
11,41904
16,35901
19,11895
2,2865
5,4961
20,22894
6,7878
2,9865
9,14580
15,11351
3,705
4,45248
5,12495
10,40604
10,44199
8,37530
4,34851
13,49132
19,15300
9,48483
19,9615
12,7521
5,39148
6,15645
17,14093
8,205
20,45034
9,41037
15,37415
11,38961
19,49652
8,29416
17,46964
7,23222
6,34038
5,17396
11,36379
6,37422
7,28811
15,14198
15,33261
14,4052
4,5961
2,12949
1,31360
9,21507
5,964
16,20869
2,1851
2,33276
1,33393
14,35557
11,21608
12,41172
11,48327
12,31424
4,41755
5,45906
20,34811
20,5747
5,43751
17,5082
12,5785
3,16612
5,41716
15,5900
1,30810
3,29494
4,30262
2,38338
11,30595
2,44100
11,5708
13,38353
17,40743
10,21712
6,28371
16,27428
18,19532
7,1624
4,31966
8,33270
19,35779
8,1460
18,46753
9,27877
12,17716
13,39300
10,31655
15,48209
9,35199
18,24468
14,23792
11,25737
18,23923
19,20201
20,31205
19,7207
8,30611
1,40220
13,19398
12,1407
12,27090
12,30450
13,21513
8,3800
2,16250
2,48680
10,42668
1,13905
14,26614
18,19283
14,49070
11,25278
10,25349
20,12937
16,38706
2,3746
7,28145
5,38249
4,27726
20,31652
6,14737
19,49996
8,26980
4,41730
1,5975
3,6003
1,15764
19,42752
14,46741
14,34218
14,12975
4,37449
9,8904
15,25671
14,21492
16,19973
14,18902
15,25904
14,17757
9,21286
2,10966
18,22128
4,3333
12,24229
8,3040
19,23670
16,11746
2,44795
9,35277
5,4929
20,28632
9,6658
11,29841
19,42479
4,4705
14,30394
8,35547
18,13784
5,21012
7,11308
13,34829
6,8901
16,20565
17,21316
9,16642
5,28584
20,32351
13,43574
16,26214
14,13496
4,18517
9,42772
5,40161
16,27576
15,2376
16,23053
7,30595
9,18807
15,42131
3,43019
15,23475
18,21236
6,25404
17,33075
4,33302
5,5577
9,21813
13,1271
9,4761
4,2767
2,41014
2,40469
10,13259
7,12658
13,1433
3,42499
2,44365
2,12853
5,10958
13,36612
4,38185
3,17074
15,35875
2,21830
7,17914
18,36351
7,19948
8,19755
16,24562
17,8461
13,2695
19,47939
19,27004
11,46017
9,35445
7,24051
3,16735
5,34842
7,11345
6,10063
20,16739
17,9757
19,32588
18,17809
5,10176
5,27206
13,30134
10,6884
10,34056
16,34125
7,29251
5,1852
7,23776
16,29174
2,15526
17,35205
8,49419
7,9457
8,7035
9,18843
19,3745
12,24745
4,26828
6,27099
3,15857
4,33167
16,9786
16,20199
11,35317
7,27390
16,14173
20,12177
17,45138
1,28119
6,1418
3,8651
12,44256
12,6044
4,45148
3,33904
20,43674
14,25698
1,30511
1,19664
17,4064
1,34468
3,8940
12,31137
12,16329
6,31104
11,26034
3,7718
15,2229
13,32388
10,10150
17,26195
7,21959
10,21511
10,46827
13,199
14,40022
17,34229
7,40891
12,27281
3,40128
18,8263
9,4726
14,26564
11,35495
1,37954
17,5883
7,43626
12,13023
18,4550
1,47151
6,45227
8,27014
16,40515
12,3897
15,39263
19,15069
20,11201
18,39825
12,17614
17,31852
7,7054
8,13000
11,26882
20,19527
19,31207
2,19529
6,25413
17,21740
6,16625
3,29525
5,39964
14,4402
13,16983
19,40708
15,18017
19,4682
9,28450
7,15859
17,21011
5,13282
1,15980
20,11065
4,31452
17,31609
15,45973
8,27298
6,31545
10,26452
20,34992
14,11505
18,26140
6,21703
16,42387
20,17404
12,42792
1,14078
12,21646
14,34622
20,32660
10,17829
15,7269
20,18401
6,10715
17,49069
9,3851
11,6671
4,47280
20,20566
14,9903
3,28431
18,10869
18,12533
2,41821
15,31245
8,4199
20,45199
2,10685
8,44860
2,34144
11,29635
5,2175
15,47046
7,4672
16,46004
4,1501
20,21009
17,26729
11,18546
19,49978
17,39204
11,48722
12,34407
16,48647
6,19013
8,45997
13,22262
2,45320
5,21692
6,4101
9,3106
14,32842
10,35851
14,41841
20,45597
17,10889
10,22646
14,36297
7,39150
18,49422
1,38269
1,10768
1,23220
4,33104
13,37510
1,5026
12,29439
19,1680
1,43704
20,3962
17,15589
20,26053
8,33507
16,28611
5,41946
20,6735
10,44114
4,29274
1,13107
10,36924
14,28187
10,23690
18,4904
5,48657
20,34220
10,1655
6,10484
4,1888
20,15152
1,11838
14,23690
11,48059
10,13674
17,31808
3,17476
6,23778
2,31369
6,23236
19,22472
3,24344
15,32690
14,30768
14,26250
7,34583
19,36139
14,33983
17,49400
14,18286
7,6859
20,28347
5,48171
3,14022
10,26064
13,2979
5,25178
7,43388
9,26564
17,2317
6,43305
10,24571
20,15156
16,26571
5,14143
4,16849
6,36087
5,12274
14,42072
13,30783
5,31202
4,30564
14,41365
19,5223
1,23735
1,43408
11,38087
16,9295
10,27443
1,19221
12,13376
7,37445
10,33822
11,26232
4,2428
18,38669
16,46122
10,36880
2,25372
16,21312
1,22911
12,3496
9,20164
17,527
19,39832
8,25764
16,48117
20,40098
4,2674
12,30053
4,40600
20,26914
2,17575
9,21054
18,22737
13,9994
15,12113
3,45753
9,46797
14,3665
8,32868
14,9999
5,40701
18,23678
18,43043
7,24146
2,10416
5,666
19,10121
15,37812
19,35548
18,36346
7,24973
6,14162
6,155
11,47268
20,18309
4,9712
20,42670
3,28036
9,17629
15,21370
6,38386
13,32341
11,20431
11,12482
2,9344
3,28127
3,47319
14,43495
15,27962
11,13933
13,38755
9,24759
5,47525
1,28270
17,14344
8,27234
11,32409
2,44854
5,444
18,25699
15,25674
20,35641
1,20557
4,13025
10,28222
18,43450
10,36525
13,42649
11,47889
14,46450
14,26022
9,3874
6,21683
18,13669
6,26550
12,23046
13,15496
9,43687
10,30310
3,25984
7,49874
16,47551
11,25876
10,18292
14,12902
11,5024
4,5753
20,30595
14,36185
18,45571
17,34445
2,34411
19,37066
10,20114
11,47664
6,34343
3,16351
10,12410
9,32076
18,1494
14,23244
5,33676
15,9052
11,38233
12,8000
4,20377
9,37120
3,33612
11,43388
4,17673
10,19811
20,21320
1,3632
15,49070
14,13772
3,2613
6,8033
6,15810
4,3271
18,25684
1,42193
13,1142
11,49926
7,21762
16,21522
3,48111
2,16502
17,17568
12,12760
12,5917
3,39271
7,35128
4,35047
17,49619
4,36273
8,26881
16,33442
18,11875
15,39453
5,10402
7,48013
13,34753
10,48923
6,23922
15,33778
1,4432
14,31059
10,323
7,36034
19,14264
6,35608
9,25981
13,8986
17,39361
11,39704
8,5520
17,23174
7,19060
10,23076
20,5759
7,20193
9,26384
11,10393
18,33591
10,19869
6,14846
6,10640
3,41138
11,48466
19,518
13,40768
3,6013
10,1852
3,39555
20,27288
20,22135
6,16786
8,29983
1,15582
6,7996
11,13300
6,10299
7,49488
16,39585
20,548
19,38260
20,37696
13,5788
14,29503
17,21636
14,12222
19,15859
17,9940
12,39408
11,39453
11,35862
7,1267
11,36863
17,6296
4,24203
9,24669
18,12499
13,5196
2,25604
15,24562
12,30797
10,29658
3,36366
17,25785
9,12711
9,46801
11,28788
8,9495
18,20840
12,17857
1,12544
9,12422
13,7969
17,43679
5,24454
14,13201
4,35795
14,14909
5,18475
18,13281
12,19709
19,27652
1,26582
18,4737
12,19752
13,19849
19,22275
12,3491
12,9710
10,21476
1,37099
13,39903
13,24111
2,20208
19,16591
15,42268
12,13819
14,4552
12,10755
7,42975
8,43020
10,44860
6,17649
18,7091
6,25992
15,21906
12,1082
4,30295
19,10269
8,40012
16,9609
14,20095
8,26882
6,43879
20,38229
18,39789
17,30692
19,18605
17,4132
8,42060
18,6982
10,5716
5,12432
19,23340
17,25538
10,10147
5,533
1,20908
5,35511
14,23067
1,41050
6,46995
20,32053
2,41253
20,41563
17,3561
15,46992
8,40512
19,39691
1,8117
19,21891
1,24855
5,48339
1,35555
4,7340
3,41144
18,30628
19,8410
11,19546
11,28295
7,19525
20,24413
15,3376
12,32151
10,12833
10,20800
17,29503
12,29668
1,42297
4,23333
20,49040
6,35339
14,23785
18,27486
18,19285
1,14629
11,37427
12,22594
20,3565
12,15350
12,8131
11,39385
15,35241
19,16609
10,18770
5,39843
13,11602
8,5245
1,444
5,36248
9,15038
15,5847
1,19625
5,5749
20,45916
1,25274
13,6818
17,960
14,28501
10,42902
7,17342
19,29863
17,3623
17,16859
8,14179
4,32920
12,35667
11,31450
15,9367
11,4280
8,45774
1,38047
20,19831
5,18665
10,30493
11,32415
16,33151
14,12502
8,32228
9,1621
4,17711
18,47791
14,21039
2,45907
1,7215
12,23666
18,11179
8,36738
11,35129
2,38658
18,22054
18,40690
20,8934
9,30820
14,21992
8,44239
8,13896
3,33462
2,30387
12,31567
17,7937
14,19842
1,38299
19,30047
20,2977
7,5665
6,9358
10,36743
11,32180
16,27247
9,30085
13,15335
15,37972
1,35892
15,11827
2,7187
3,24582
18,14768
3,20305
17,30527
15,20281
1,32235
17,24402
7,15958
9,35313
16,45686
8,23710
9,34316
11,11760
18,36305
10,27650
4,525
8,45995
19,35097
19,23568
10,10689
12,42158
11,18447
19,21818
7,3366
14,42716
17,41259
14,35865
13,26361
4,13604
20,27827
8,32972
1,22078
5,46679
19,20524
19,8546
17,26621
2,5583
1,12258
9,21995
5,26370
11,42058
8,31266
5,28198
5,30213
15,41282
13,15275
20,43688
2,18391
4,16404
2,9773
2,28229
12,37746
16,36417
18,49586
7,30546
14,34771
17,30155
3,6150
7,16262
7,32133
16,33227
16,17400
11,21534
7,43164
10,8556
15,14384
16,1261
12,18163
10,23572
2,18051
15,39672
10,5925
3,29334
12,45246
14,35887
9,16830
14,32107
15,2640
13,38408
15,11048
14,41270
11,23092
5,45288
15,19156
8,20158
18,49663
10,46646
9,19642
12,44003
4,5826
7,22963
2,10173
9,30610
10,28227
4,41779
7,48282
8,47718
3,26017
10,35684
12,10274
1,29071
14,15961
16,9802
15,49226
1,43683
17,26744
12,8549
4,21180
14,34595
11,18599
4,29625
19,7054
7,35092
20,36271
13,18330
7,4119
18,29218
10,38070
19,31670
7,49112
3,35627
12,2995
18,9775
7,34672
11,3026
14,3088
13,3420
2,24828
18,19601
17,39332
12,21475
15,3826
11,32193
9,39823
5,45393
7,27576
19,10412
3,15513
14,19171
7,2383
7,7603
3,44314
16,38301
4,14365
1,35644
2,17555
7,48227
8,13526
11,25885
16,24910
1,2463
4,23472
3,35963
8,4210
4,20035
19,37029
1,45552
18,19463
4,31088
3,35048
12,138
10,30255
19,43244
17,7782
6,42736
7,21276
13,49546
17,31135
17,28133
3,32523
17,2085
18,18326
6,41430
10,45520
10,35078
6,19719
10,584
6,6648
13,5625
20,2441
17,10588
10,21756
12,37708
16,39382
18,29414
7,15392
14,19329
15,46802
6,28013
16,36654
8,7878
4,34281
15,1783
11,15152
13,8421
13,43330
8,24671
10,24023
8,2012
17,29116
9,40172
12,12677
10,10375
18,25381
19,5813
6,30886
17,23790
15,33810
18,25776
9,14485
16,18833
10,47564
20,42281
9,19163
13,12433
14,10394
19,2399
16,34170
14,32360
5,38789
14,31940
7,22092
1,8613
18,6239
3,46790
18,22780
18,2832
14,21117
13,16278
6,22845
7,47394
15,36397
19,12366
9,36343
18,35953
2,11894
9,3544
6,39677
20,851
7,29442
12,21438
18,16701
17,25013
10,22182
14,17476
11,45596
7,48418
6,11117
13,28131
2,34160
2,36362
10,38261
3,2359
6,34965
8,22246
1,15055
8,33273
7,28136
11,6976
12,49895
2,47273
1,48307
18,15186
9,13897
5,38862
14,49034
16,24701
1,31938
15,48243
1,39928
18,38935
4,41073
11,4214
3,13389
15,26075
2,41799
14,37837
5,20821
13,29038
2,38528
9,31194
14,41631
7,2316
8,13287
6,23961
13,35907
14,31864
9,1197
15,42954
7,22882
10,19843
18,42453
10,33767
3,26173
7,28607
18,29786
12,41716
20,45008
19,34236
11,21601
19,34571
19,42893
15,48225
2,41704
13,25086
15,6737
19,19183
10,27664
4,12226
12,30906
1,224
19,6866
15,28493
11,32737
2,47899
14,26508
1,28855
19,7529
15,40596
10,8948
1,42645
13,32151
3,14598
2,15421
17,6601
6,6203
9,25728
20,11268
20,5131
17,2529
2,46679
14,39864
12,33345
18,2284
8,10123
17,16307
16,31492
1,33582
16,10131
9,22319
2,23784
5,44237
3,38794
14,5224
11,32793
12,45185
11,32949
6,30555
1,43538
19,49349
20,18765
11,3153
2,18972
7,49560
1,42130
16,435
17,37662
13,8046
15,48428
12,7281
6,39025
9,44151
20,43180
19,32897
19,8286
11,43644
7,24667
13,14026
8,43059
5,11695
20,22801
5,28282
13,39418
7,25220
4,39462
9,17839
8,46556
10,8229
6,8187
11,9281
5,14184
2,28499
12,23382
15,7680
5,32811
8,32135
15,12987
11,16064
15,32475
2,28886
17,15327
8,5206
4,242
15,11181
19,44231
15,2414
13,13137
18,23219
19,4225
6,18149
17,24553
18,20303
11,23692
4,30187
19,11817
12,21802
20,49413
13,42045
13,20398
15,47028
13,3949
8,1427
15,32000
15,18894
15,26153
2,46388
18,2714
15,7154
18,10939
20,40676
17,4065
13,23249
15,29654
9,15270
2,39921
2,31992
16,44188
9,9552
5,15228
10,24636
15,24090
16,1044
12,27844
11,22042
18,11756
19,13098
3,48353
9,46023
5,21170
13,39989
7,22029
12,19021
8,18079
3,23608
6,1239
15,39483
18,18185
2,19622
2,10228
6,17053
3,20770
4,30707
4,9922
7,21207
14,7982
5,11261
1,4154
8,28230
19,43132
7,2769
9,43784
16,14484
14,18323
13,25467
17,38221
15,19053
16,27270
17,22412
12,44958
9,32149
6,30627
14,36213
1,19993
1,15554
17,40391
9,41134
5,46936
1,26210
15,47640
20,4490
14,34188
13,14999
19,41324
10,9151
14,29315
17,48331
18,14025
5,16447
5,17695
16,17394
1,44721
18,26530
8,40659
18,44297
1,40178
11,40012
20,37138
19,33681
18,8898
8,32407
17,49207
9,35333
16,48219
3,7287
12,47284
14,21440
11,23090
16,486
14,45614
15,5209
3,1735
18,46365
5,12424
11,22491
19,33780
16,16955
11,15559
9,23714
18,2508
15,45435
11,33792
19,25089
4,9033
3,19629
3,43741
11,38338
9,8163
13,2328
1,44937
7,12978
20,40283
12,43998
10,5025
4,5096
3,44651
19,19141
12,9104
17,16167
12,7244
13,14733
14,19066
2,4684
16,167
9,44327
15,30775
13,32101
11,22667
17,13322
5,40625
19,43748
7,10553
5,7735
17,764
18,3066
6,42077
18,8203
1,24735
12,36273
8,2358
1,32238
20,43996
5,27127
16,6006
3,34591
13,21794
9,28044
20,42995
12,35332
4,845
20,1400
11,39785
7,20861
10,23823
2,7853
6,27605
12,4058
12,30659
15,11139
12,23086
13,32300
14,40117
19,17979
18,33083
13,47945
5,46411
17,5897
18,39311
9,36964
4,8194
9,49873
3,46758
15,37503
4,21651
20,32328
11,25735
5,12633
5,31445
17,27330
1,39521
20,7599
19,8519
10,43448
18,37501
6,45292
9,31348
19,49929
16,23845
20,10387
2,8407
2,33382
3,6707
13,5627
13,45063
13,28504
13,26360
5,4282
3,26637
10,48239
17,28206
17,45869
16,29754
12,30418
8,12356
3,49314
18,25869
15,44398
17,42574
14,33688
17,18441
3,44117
15,12730
6,31783
8,35496
1,1020
19,21922
10,6566
15,36486
6,49246
1,32042
20,33563
11,47570
3,43529
8,22862
19,28011
13,15205
10,3991
14,11782
10,28528
4,16412
19,33306
8,33308
4,10455
12,23605
2,35499
17,1339
9,6951
3,44101
9,6766
6,11590
20,11547
3,36523
1,48513
15,30078
4,11048
2,9180
7,45645
17,30982
8,40174
15,18126
10,1991
15,10923
14,44060
15,10634
18,31742
2,4185
16,46833
3,1824
6,12196
19,30245
8,37063
6,8406
20,38377
12,39797
15,13056
7,1456
10,7078
1,35730
12,26107
14,28357
16,18292
4,18872
9,9653
7,27123
16,45767
14,995
13,8403
19,20967
19,22165
11,20528
5,39425
1,23532
2,19646
5,29469
15,37635
13,8801
3,33641
6,34069
8,46460
8,5188
10,9253
8,40942
11,28727
2,13666
9,44757
1,8784
20,41239
11,31070
16,47578
7,14728
9,11119
12,46603
3,42374
13,13581
10,29714
8,47251
17,7877
5,8347
8,37044
18,28632
17,24091
20,13236
1,5242
19,24513
17,16929
7,17218
3,12696
10,34916
8,16851
10,40667
6,32974
20,40537
8,3627
3,35865
11,30071
15,36261
12,10660
15,33403
9,34369
17,32870
13,36185
11,33390
11,37293
13,6805
12,47842
20,32240
4,2773
15,26081
14,35360
10,24651
4,22276
4,12324
6,27153
11,36133
7,12391
9,14416
2,12569
6,6646
13,23552
4,1783
20,8394
6,39774
11,14828
14,7431
17,46587
14,17818
2,47488
15,42105
1,48825
5,8421
6,541
8,40106
14,16526
2,5840
9,24240
8,34323
15,34046
10,14218
12,6975
1,5542
8,35069
19,42454
14,12257
20,48876
7,1837
6,34392
8,11090
5,46100
12,35161
17,100
3,46470
9,20467
1,40068
12,3869
18,17505
5,32533
13,34050
6,27461
14,21269
8,13799
14,12197
8,22501
9,4134
1,4358
17,27651
2,10236
11,38878
15,7725
13,32244
7,28290
8,44924
17,19009
16,38010
11,4762
19,44593
5,48596
15,4501
4,898
11,8770
16,22892
11,17969
5,36693
6,5314
8,25312
7,10518
1,2956
9,19834
5,3990
1,6347
8,13250
3,1884
8,31677
5,31847
10,697
12,21040
14,19414
12,49222
11,12718
4,3055
2,1625
10,2194
15,34778
6,23517
16,46086
11,31989
10,26577
1,44286
3,46898
6,8421
2,19524
3,10086
11,29569
8,31641
9,14234
19,32592
8,19696
2,16318
11,18551
15,20947
19,26263
13,32092
7,20671
19,7875
17,44703
1,11225
7,17811
7,2534
13,4465
11,19760
12,30537
8,22027
4,44456
3,42346
19,47158
17,30184
18,36437
16,18432
5,14483
2,27397
2,2778
6,7189
7,32873
10,47721
1,28468
6,24415
20,24502
8,27416
2,40020
20,19793
3,48417
12,20688
12,39533
16,34238
7,635
1,11863
17,30369
18,28740
8,16236
8,6075
4,26586
9,42228
5,14866
15,11348
7,11005
19,35579
11,32316
9,48699
19,5777
3,11792
15,6997
5,34310
14,25288
10,19323
18,32653
19,46146
4,21599
13,37239
20,22394
6,5775
12,30473
4,33535
16,45005
6,24656
3,41702
1,37321
20,18504
10,12925
5,28239
3,40044
9,43737
11,11665
2,20739
19,48800
20,14405
11,34534
9,27115
6,27884
3,2622
6,23502
9,48272
2,9080
14,11990
1,29967
6,24202
18,28844
3,31595
17,8724
14,18846
18,43572
17,47011
17,30417
18,1308
1,6469
9,42195
6,37951
5,32097
11,44050
8,12051
4,43635
9,16092
10,37331
1,8188
1,37275
19,8556
2,19383
15,46598
10,23903
7,43347
8,29176
16,42543
14,42164
20,34240
11,10062
13,34225
5,20589
16,35384
15,10306
12,28566
17,36561
16,29198
10,14417
19,7506
16,9103
13,34673
3,44315
14,28599
17,30551
16,19752
6,12668
9,15980
15,15553
15,30107
15,23147
2,42714
10,1841
1,29549
4,20410
17,14168
17,15286
4,22924
8,27569
12,8353
2,49863
11,41988
18,40249
11,34612
3,13492
18,11054
15,39912
18,46522
11,18385
7,15844
4,5243
13,22277
13,47888
5,15275
5,41758
17,33224
5,26181
14,43247
14,17978
2,25017
14,46112
6,18396
19,44173
5,43385
12,15699
8,46860
2,26859
5,29194
16,27305
7,37228
13,46495
9,14166
11,47335
16,46081
5,761
17,48751
3,36584
1,39326
7,22157
3,40959
1,27834
7,29976
2,29434
19,16948
16,47099
3,18289
15,38960
2,30921
19,19548
11,27229
20,30535
1,14464
18,15313
11,37405
9,34490
15,9592
19,32624
8,4228
6,35122
4,14375
12,42263
19,45998
15,2967
3,22052
11,246
10,43298
4,32583
19,7768
16,15440
10,42472
13,28091
6,10297
14,9856
15,17809
10,12364
8,23769
1,23145
18,5261
8,6151
13,18052
6,43159
4,2503
4,10870
10,42001
6,48823
10,16851
5,20025
14,40499
4,3948
10,37155
8,24759
3,23022
3,15771
11,25003
3,45977
3,39206
2,28069
20,42930
11,22058
18,46192
15,11430
17,41678
15,3975
6,34929
1,4249
17,47005
11,21293
1,9967
4,1276
1,18635
8,5299
10,23035
5,5217
5,33789
17,16319
9,30826
12,22707
16,21260
2,20564
8,17107
2,46536
8,34304
20,17293
13,6334
5,29697
1,10014
18,6176
3,46064
13,10537
10,18144
9,44694
9,12166
1,12764
19,3913
20,48033
6,13676
19,33431
19,6034
15,22619
6,36384
19,44403
3,34813
16,12025
2,7438
19,28893
18,24682
8,7029
13,849
17,6576
10,21292
4,34134
18,37192
2,6662
20,11099
4,18323
11,21495
8,32574
1,43002
14,24260
16,47951
2,6154
13,7128
4,28336
17,48818
7,11336
16,30130
6,16513
14,44698
11,38771
3,11328
14,32389
20,24960
3,19179
15,11807
1,406
2,36171
11,34754
5,42138
4,13603
8,45429
15,11915
5,34558
17,41774
14,5637
18,45142
8,10943
17,27078
19,5569
2,18673
18,33877
13,10306
18,16639
12,44942
12,23834
6,18369
18,42995
13,19645
11,23452
15,8599
15,34379
13,47494
12,3144
2,11634
19,24924
8,26460
11,5930
17,29704
18,30837
2,49927
18,9277
12,15738
16,10709
2,42950
7,31286
20,7853
1,34906
4,17703
10,25341
20,29878
18,26833
2,37335
4,31787
17,42572
12,29582
1,27623
18,29537
17,6160
3,5806
5,4093
3,44139
11,40173
4,9314
6,27497
3,46740
3,23505
6,2241
11,19766
6,38417
7,38825
20,28977
2,39336
16,40119
10,31582
2,22736
3,20021
15,929
19,30967
3,13150
15,42435
15,18628
5,26622
3,26184
17,26108
7,18748
13,41375
14,22192
6,49066
3,35464
13,5513
17,2601
15,20631
4,35978
2,46908
7,35989
4,10179
2,23015
14,46359
16,6880
13,13525
19,23850
10,47860
13,17554
10,24362
19,11338
14,35739
20,44115
3,1318
15,29340
9,19050
9,43405
6,12852
7,33364
16,27304
19,8648
20,46690
12,6169
17,5493
11,43171
2,1011
6,14183
3,31279
17,1084
13,5103
17,1457
8,17289
10,20353
5,49843
16,42192
10,1521
20,22214
15,23325
8,44700
7,20381
7,24539
12,34967
6,2586
10,1831
8,32544
17,37338
3,47358
6,29486
11,34729
10,32198
8,6905
10,27907
18,37361
3,21773
11,30644
6,48616
14,47106
12,13512
10,7363
8,14796
10,42744
13,10477
20,19615
18,25501
13,43077
9,4992
20,10108
11,16296
7,3910
9,28748
2,37206
6,48638
5,8077
12,21030
2,40612
6,32424
20,10371
3,45215
11,5298
18,38504
15,34997
11,39703
6,30166
11,6885
15,15111
18,18242
20,5972
13,5522
16,23493
15,28838
16,14957
5,19550
15,22442
7,39508
18,2488
5,40589
4,4615
1,47688
1,13681
11,46945
20,43634
4,29406
19,15344
16,21444
4,43094
2,33553
13,7955
3,10779
13,14177
8,5683
9,30895
6,10066
19,35359
17,5660
12,24748
6,29032
2,9848
11,39824
6,13224
19,43252
6,26833
16,27002
11,38298
14,5276
15,49730
6,22740
8,11655
17,44924
1,28761
2,17351
20,26936
4,44015
15,21003
17,11961
6,20268
14,17141
9,10343
19,29369
10,37729
5,47180
18,15591
18,16613
20,19349
17,40304
9,19058
18,15601
7,35555
11,23631
1,30965
10,5119
16,48991
16,6216
14,9503
14,7330
18,29167
1,10324
2,44412
8,46969
8,21242
10,13266
19,43956
18,36561
10,18894
20,13609
4,300
10,41063
1,14163
4,33290
12,20479
1,21963
2,15142
2,23468
4,42861
14,17682
4,45164
7,26085
19,31861
3,44683
11,15290
15,46302
20,3935
1,1971
11,18920
12,14906
16,13987
20,42129
12,39569
6,13091
10,40338
5,47342
11,43142
19,14998
3,14488
5,47866
20,3316
16,49860
10,3410
5,21848
2,34842
19,6843
1,16964
9,49156
3,1547
16,2040
5,15212
10,41773
12,44484
9,2236
7,21467
6,5658
8,19538
15,20354
2,49111
1,36246
5,29370
8,22042
17,20071
1,15471
12,1920
16,44684
11,47329
9,17442
10,39870
5,25353
10,31869
3,41965
15,44028
6,33210
3,18312
13,24437
14,11438
6,1646
1,23267
18,21928
15,25164
18,48638
1,22828
7,32980
13,42064
3,14451
14,24665
18,39001
19,19126
1,46685
15,47895
16,34058
10,17489
4,34829
8,40740
16,33931
12,43119
7,39997
6,22614
11,14698
9,11343
10,42214
18,31046
11,14875
13,39563
4,49903
3,41380
17,42131
10,27667
9,21661
2,45234
16,27669
2,32146
9,46002
4,19413
3,38883
7,24224
18,10942
9,39644
12,42944
12,5906
20,30414
5,33176
12,39533
12,41187
11,40006
15,46988
2,5072
2,766
3,35616
16,13826
19,21672
13,45458
4,46329
14,16670
8,38076
1,35293
19,13568
18,34184
18,42113
7,16119
6,9064
15,9481
14,8921
6,22416
9,48596
4,24409
9,40515
7,21429
20,31689
5,49634
12,16693
7,17753
20,32721
8,2745
15,35640
11,45329
18,46447
12,40748
2,11478
13,7252
13,40517
2,12060
9,36036
6,36317
3,21711
3,25261
14,24018
7,9933
16,21087
19,20159
1,46467
6,27006
1,21399
19,7111
12,41804
1,21570
3,4282
2,9554
3,35190
19,45363
2,13506
3,26550
1,37172
18,11670
7,36457
7,45375
15,48322
9,24703
9,32684
2,29929
14,4608
16,32671
20,23950
8,28740
5,21497
13,12271
9,9907
16,15308
10,7175
1,26417
3,16906
1,44249
7,30244
19,43473
2,37979
1,3782
16,3142
11,14212
18,8049
19,45560
20,48372
11,30455
3,20164
9,21755
4,4251
4,26170
19,16599
6,28402
11,23168
17,13235
8,49485
8,39142
4,3957
19,47576
3,38392
2,7442
1,26863
16,27399
13,10148
1,8660
2,49900
8,12770
13,1942
3,30152
8,33911
18,619
18,4875
3,21630
18,15030
10,16521
7,40272
8,12813
16,42547
17,12607
2,31198
20,16007
1,43894
16,39695
16,28957
9,33471
4,25106
7,34908
13,37315
1,7808
12,1245
6,36461
11,19393
15,14770
6,6638
3,31896
16,12784
5,947
9,41850
6,29196
14,40630
20,30703
17,13327
6,38820
16,6042
9,6633
19,33488
14,22243
12,43678
4,41480
14,6171
1,16201
4,22335
16,21432
9,27530
15,3140
2,29893
7,1473
2,23632
15,33612
10,12583
20,36340
13,47749
1,18731
19,12885
14,33710
5,15434
16,19751
10,181
8,20565
12,39736
14,19919
5,330
15,6515
3,27331
14,8618
2,34507
4,7699
17,34088
19,4676
8,46062
20,13503
18,8288
6,23889
20,22315
5,29524
14,19326
14,33296
6,38903
4,41312
18,23752
8,32357
11,20073
9,44242
15,28126
19,49432
16,27930
4,45885
12,20744
3,11114
19,45387
18,17253
20,2491
17,10540
14,48540
6,37965
14,26105
3,25032
12,10160
10,5083
12,43199
17,35171
11,305
1,48072
19,19028
17,35807
9,29421
13,30527
7,546
14,17520
18,44295
15,21100
9,11079
18,48774
3,21673
16,9770
10,34884
9,42689
1,32557
1,15584
15,35089
10,7572
19,11977
1,36608
6,43838
14,25159
6,6682
1,4059
1,30028
14,38056
2,22526
16,22087
4,3737
7,3139
1,38742
4,19479
1,49898
3,12105
8,12656
20,23350
8,42145
11,25175
18,7040
5,7003
12,32292
16,31904
19,21984
20,38869
5,11784
9,18899
11,21735
5,5640
5,40125
17,247
3,6318
13,47928
16,12262
11,8505
12,4580
13,33415
13,10143
1,4667
18,35690
6,29366
9,15841
11,1186
4,27809
2,40919
18,49984
2,19651
4,8655
15,19471
8,9544
9,38447
13,32259
6,14595
11,39977
3,26685
3,30935
2,24411
19,33621
10,12148
2,7524
11,47158
11,9646
1,2867
6,40354
19,8873
1,9222
14,33296
9,28259
15,14233
13,18455
1,19098
8,47651
10,6879
19,17324
14,32840
19,43681
1,31697
19,9989
12,14783
4,40960
14,7704
13,4513
20,11431
13,11705
3,13643
10,23257
3,17605
8,35616
5,38226
17,16750
19,15154
17,44651
10,40979
8,47715
7,3599
1,24404
3,23992
15,9827
19,20945
18,6894
14,4681
13,18165
18,8092
13,15783
11,24462
19,4813
10,12520
20,30304
2,5221
12,44817
11,24433
14,27138
18,20432
14,7652
17,48506
2,10960
10,40876
15,47640
17,38726
18,14536
9,9438
18,7870
3,18639
18,47177
14,4165
13,29547
16,29815
10,36256
7,47476
20,4675
15,7569
18,47647
16,45076
13,2892
9,32743
7,12683
2,5883
11,28832
14,29291
12,14591
18,25607
2,6920
6,19666
6,25910
10,1417
16,3702
1,8473
12,33875
9,9134
6,41320
3,15359
11,14082
12,47114
15,1555
19,38916
17,32702
6,24802
7,16153
1,29260
5,48620
17,41784
12,43899
6,16979
20,15642
7,45979
4,36728
13,12089
10,33322
13,16868
5,20515
4,8304
5,23672
16,21516
10,1180
1,19019
3,48196
3,13426
12,4700
3,4651
12,28960
4,8386
4,39837
20,39245
14,43806
18,13822
9,1344
19,2453
11,17619
13,30135
6,8122
11,45694
17,18181
5,32854
13,33961
12,15753
4,12672
20,15766
14,33202
9,7947
8,28809
20,48177
3,7515
16,6799
14,49427
11,33007
13,12681
13,24508
19,4550
4,21526
3,25187
1,12158
1,43250
3,14873
4,7965
19,22096
15,42599
8,9607
4,37339
19,5212
12,44234
20,45156
7,7212
1,46381
12,12972
1,34032
9,30915
20,6369
8,14679
7,839
15,1799
15,23782
19,17556
18,9105
14,10493
7,19661
9,34162
3,6820
2,1455
6,37059
12,40641
15,22456
8,39652
11,48420
8,14983
11,38734
9,34760
17,24835
2,22074
14,30838
19,28020
18,45403
4,34579
9,43900
18,26477
17,37475
19,4630
16,23715
12,30340
4,5943
12,6536
5,46645
14,13035
17,16602
13,27835
9,20783
9,33265
4,3605
5,21985
1,47835
20,14351
10,9909
18,25718
19,24102
4,29432
16,20741
8,3781
4,44719
6,3552
19,11291
11,29694
9,28266
1,4436
14,36657
2,6012
14,27449
7,32101
3,11049
15,8285
18,43531
13,402
5,42898
10,3710
6,16116
6,46035
9,43030
3,40086
6,9781
10,23876
12,3423
16,11875
19,15254
5,44445
18,3890
7,38672
9,15293
1,42939
3,28364
20,9014
13,10823
1,36658
14,42482
9,20737
2,17841
11,43130
1,19507
14,19611
2,31917
1,14507
4,34872
18,31385
16,2558
7,38037
9,2138
2,26306
16,3385
16,1321
14,36348
20,16671
12,27416
19,42016
17,14306
19,38717
1,17491
11,20152
17,22385
12,45303
2,591
1,38917
3,16442
4,4315
20,6394
9,38247
3,38168
16,46391
20,43953
14,48666
2,8627
1,3377
14,47875
19,30916
3,37215
16,29558
17,2395
7,26453
14,23372
20,24786
5,48716
5,14025
2,29981
16,23193
2,22460
10,44272
2,45796
1,33180
9,27393
16,42129
12,37480
13,19270
9,20958
11,17500
8,42274
9,20323
6,42340
20,39942
12,12834
8,44755
7,14662
11,18096
12,23588
7,26685
4,6332
6,37347
20,18264
17,20430
13,27566
6,20000
17,13742
2,41803
19,12689
15,36054
17,19877
6,465
10,42918
19,36743
2,30650
16,19242
9,42413
4,9697
8,10355
4,4478
9,2567
14,22898
7,23057
2,34183
6,13699
12,5083
3,20200
16,26970
20,45692
2,40743
11,30473
14,42438
7,33087
18,29652
6,38225
7,1916
9,24498
3,21598
10,44902
3,19658
11,7504
8,13234
4,25423
1,27606
7,44454
19,38375
1,25355
15,46028
11,45668
1,10469
2,25599
7,16920
5,1119
16,41393
4,42132
15,36508
18,12852
12,44980
2,36635
13,31381
1,15835
19,8887
16,23763
18,45504
20,26697
13,13727
8,12291
7,8499
6,18521
2,22958
7,6470
16,42394
3,22297
11,6749
14,32596
1,49387
16,49198
17,23271
14,18389
10,28494
7,5196
8,36808
17,13311
8,33154
12,49726
14,49547
4,45894
10,2344
4,44717
2,14988
9,4173
9,47007
15,7146
2,21758
16,7458
13,19320
15,4072
14,29731
20,24145
17,18191
7,36881
18,13639
18,42308
6,28965
14,1587
14,45222
17,16968
7,14773
18,30044
1,19705
18,43858
17,14271
9,27040
15,16867
4,10497
18,11466
12,33420
7,48723
8,14629
12,14131
13,6089
2,40972
10,26607
2,19735
11,20537
18,37193
10,30780
10,9064
14,25221
15,42399
10,27545
17,38725
3,12859
12,18877
4,15220
10,29526
8,4942
18,38534
7,27847
7,43529
1,18114
5,48444
11,49916
20,12262
11,13686
10,2328
13,39477
20,2020
17,38272
14,14043
8,35529
5,28435
13,47954
12,29095
9,38115
19,30054
14,8615
9,17198
8,26699
14,28872
5,49561
19,39128
17,22025
1,32405
14,29603
1,3582
15,31571
15,11785
6,23159
9,18743
14,18088
5,12696
2,16956
4,29729
17,21997
7,39433
6,32741
12,6169
11,30118
3,13173
18,5967
6,44234
3,33967
16,48097
9,3980
12,45233
1,41781
1,40649
1,6366
20,34732
16,12616
18,36685
17,48835
9,33840
9,39196
10,5441
19,39201
19,4047
2,26032
7,40451
11,38172
5,15555
7,26299
12,33124
17,23406
10,9671
14,34387
16,1303
4,31940
10,39583
4,42486
10,22413
18,47396
19,49474
19,20934
5,29315
10,48288
15,34809
6,29823
9,13155
15,42472
7,20477
16,5281
13,27651
15,24434
8,4697
15,36995
12,29416
2,41672
12,36166
20,21957
13,8498
20,8716
12,28977
3,12709
18,16015
18,11081
7,35701
17,1995
19,48330
13,20560
6,41151
2,17480
2,4187
16,906
17,47562
3,46318
11,37556
19,6816
16,11464
17,3447
18,31162
10,34518
6,48979
18,6941
9,26128
20,48356
19,30379
18,32032
2,6495
20,45462
19,46154
7,9150
2,33245
8,23846
1,32967
12,14559
4,18491
15,25913
8,23995
1,5060
17,15199
19,41404
4,7945
3,36884
16,4245
16,18628
13,16997
1,37356
12,14235
16,6979
18,43962
14,44947
13,41090
5,32581
10,30226
6,48380
6,15855
2,44215
11,23219
12,8136
18,5087
1,26520
19,40750
15,9746
9,17386
3,44652
4,20289
15,5770
11,27827
10,25610
16,26069
11,30271
9,44791
5,24152
1,1846
2,13501
13,22212
11,49755
4,3165
4,16578
2,42963
7,23987
6,28247
13,6808
18,1909
14,15312
14,45087
17,9618
10,14860
7,28120
18,23891
10,47056
6,38590
8,47188
11,8676
17,38996
10,45634
13,38852
12,41166
2,2151
17,861
1,2729
7,43847
20,43293
4,18921
10,8529
9,42205
2,5748
9,13008
3,38798
12,8009
8,4852
15,11328
16,42910
11,18407
4,29116
10,44965
3,6489
3,45072
2,9463
12,5499
6,27621
11,31576
12,45268
10,10606
1,2547
14,38369
12,35579
8,5794
19,38661
13,3301
8,47561
13,16546
13,34926
13,13532
6,17756
8,15483
20,13845
3,38617
11,5767
12,9749
20,40811
1,13299
13,22749
12,47818
13,37288
7,19025
8,15535
5,46008
15,224
18,13294
2,48190
18,22016
3,40626
17,1396
1,39404
15,26422
19,28453
4,39352
9,49805
1,29309
19,11656
10,32776
5,24360
7,27483
4,22534
20,12747
20,32131
1,30319
16,18727
17,43424
11,13708
1,4016
5,48763
7,11192
15,33511
1,10027
5,29153
18,46812
15,21900
3,17113
7,36213
20,37250
19,3758
14,24402
6,5432
9,40915
19,24742
4,5811
19,48468
13,38106
12,31321
10,40041
18,37207
5,32743
12,7582
11,20336
2,6501
11,4039
6,25175
17,26930
17,20500
9,12192
14,39551
20,8636
13,991
5,29689
17,47842
8,14095
6,46416
3,19921
5,1559
11,27524
11,28561
3,48282
4,14000
3,39427
4,23637
19,29425
11,15303
19,1123
16,47975
17,44290
5,5558
10,13892
12,32622
20,18893
9,11764
13,2889
6,101
15,41144
17,46743
14,41336
1,1303
14,27036
1,38882
6,28548
9,46695
20,41241
5,18673
3,4405
4,28204
14,3607
12,32222
8,46212
6,48498
7,40491
3,47306
3,18480
19,14160
7,6530
10,8340
14,7646
4,19530
13,31639
16,10272
12,3089
16,25075
16,2806
17,9435
2,16251
8,34658
17,15239
9,9738
16,37313
11,18116
20,30973
4,44151
9,15111
1,8406
14,45420
18,11585
4,7094
19,20342
14,44454
17,45602
12,47022
3,47211
4,21755
12,10410
4,21046
12,8591
5,954
19,21292
18,14613
8,4135
18,16932
2,28705
20,16643
14,30631
6,21695
13,485
2,25447
19,19270
19,30167
9,36170
4,34695
7,17376
6,34810
4,16756
18,16479
18,33926
19,32782
13,15198
5,35299
9,3579
14,43224
9,44028
7,30779
13,12936
18,39200
12,6491
4,27085
5,7341
7,48760
16,8305
6,45253
15,31279
19,41601
3,43523
3,36959
19,3685
15,15399
12,15299
11,42661
8,12018
7,23246
17,10415
1,2945
10,33820
18,42990
20,13533
15,11072
1,1199
20,35931
8,25500
20,21941
3,19763
19,41479
16,14298
15,34709
16,35985
6,26843
9,19084
2,43912
8,12846
2,43043
17,35637
20,25371
12,39492
14,49019
7,29364
10,13204
12,49907
16,25622
8,7300
13,15919
20,23384
12,3820
7,48102
2,32587
5,6118
20,39607
4,2531
7,5787
5,15981
12,8598
9,16075
8,17548
15,39622
20,12942
19,43613
1,43872
7,36301
10,49669
4,11441
6,49185
9,4804
6,27357
1,24380
4,47879
19,37741
9,30109
6,5510
9,31884
7,1802
6,14977
10,14052
2,22353
10,11435
1,39942
10,33569
20,6018
20,49396
9,43535
11,40052
3,15498
2,35578
7,18569
8,25005
10,24734
14,49140
15,35400
8,48160
2,41408
8,19136
12,32365
3,577
9,8929
2,18366
10,470
15,3050
9,25016
15,27262
16,24080
12,40462
16,21121
17,26711
15,20517
19,12949
16,27397
11,28752
13,45407
11,11790
3,735
19,40764
17,14497
5,23967
2,25045
6,18391
8,19229
11,41562
5,20149
9,28819
11,18890
11,37077
11,15362
15,23296
12,7778
15,25814
19,30274
20,28696
1,37055
15,11745
19,31705
2,35591
4,48677
2,32808
13,8536
3,4843
4,10352
10,38666
17,37464
4,38881
16,27258
20,38999
8,7221
20,35194
12,8538
12,9487
16,10601
20,2015
16,10834
6,36156
9,43935
13,26677
2,41240
2,724
16,3628
15,18631
5,15996
15,35273
15,31379
3,41821
6,3185
20,6643
1,41086
12,10274
2,24095
17,35016
11,49486
10,29694
6,27121
19,15893
1,9217
14,49765
3,47222
3,48027
13,30399
14,42136
11,23250
16,24794
4,16553
7,30617
18,16995
10,41646
17,32588
1,45947
5,21980
16,27064
8,37170
7,6508
4,17648
12,14854
2,40473
11,19104
14,8361
2,24009
10,6983
8,6236
2,33873
10,10965
17,8022
19,40168
2,2028
15,864
15,31764
11,1436
4,18492
7,32076
10,4822
5,30793
1,31296
11,7359
4,16841
4,6645
4,49425
16,35258
14,7766
12,14229
19,41295
4,10405
13,3644
7,32896
12,15307
13,30176
10,49527
18,43236
19,31000
5,15702
3,18878
15,2787
15,10933
20,2157
4,36840
4,4689
14,21980
15,32366
17,42319
6,21439
5,34503
19,7494
3,46275
7,21300
18,36129
7,5788
19,39299
4,48766
3,8855
18,43128
11,33529
19,10725
16,22705
1,47495
16,12800
20,41895
16,47779
11,37918
6,20012
4,8839
3,18584
12,24553
3,4106
14,38004
10,6521
16,20871
16,9785
13,9041
6,38266
8,30976
1,41801
20,26357
16,36053
2,43594
18,3064
12,33793
1,17896
9,44175
19,42564
12,49176
14,30527
6,6543
12,36968
12,3653
11,39149
7,23634
17,28968
18,30587
9,26038
18,41439
18,3915
9,12618
9,8657
11,31985
7,7845
8,38578
6,34816
14,47286
5,33168
11,14862
9,1277
4,37710
7,46458
4,45316
7,31591
5,43669
16,973
17,34414
2,8055
19,49316
3,30120
5,40479
9,46826
10,38502
18,9838
13,35246
18,29142
19,13482
18,47817
2,16821
6,29919
15,27012
4,5336
10,10098
18,27588
9,37407
3,49207
5,48034
14,32716
11,13838
5,49362
13,681
5,5749
6,33421
1,37906
2,36444
14,7568
20,20416
1,29795
3,32792
13,34145
1,31428
10,44498
4,41994
6,11509
8,47349
9,26157
17,13226
7,29211
6,42894
20,29556
14,911
5,4741
20,46088
4,42477
4,25249
8,1847
11,37055
19,5836
10,4965
8,36142
20,27862
7,25009
16,5162
10,47299
14,19121
18,40663
20,1343
3,44716
14,12567
18,9951
6,7137
7,36547
7,16599
2,31069
15,12664
6,20051
14,14709
17,37022
1,19747
2,21635
14,32093
14,33912
4,49080
1,44168
1,20084
19,37442
11,4522
9,27580
4,32187
15,28370
10,541
19,46571
13,34961
11,33894
4,27152
7,43171
10,46764
18,4478
5,3364
11,8861
15,10962
3,42269
12,10829
18,46404
10,13312
20,47625
20,23385
2,41071
19,9040
5,2255
17,3366
4,32120
19,14807
4,11512
20,45797
3,45320
10,24228
12,2463
16,23937
1,6518
15,39524
17,16660
9,42907
16,10943
5,3271
8,36743
10,7299
3,6495
11,49338
16,27165
14,23666
12,49724
17,35874
7,15197
20,49168
12,14207
14,17515
1,24450
1,20314
5,30220
16,1110
2,4727
6,33756
15,20172
6,40891
13,27451
8,30832
7,10721
18,40613
2,37432
5,47453
9,23358
11,1560
6,22123
2,44631
5,42489
19,41248
20,34143
3,14685
14,8033
2,33788
18,14020
8,19206
18,12698
9,29820
20,34796
4,29040
10,26437
18,28931
17,33225
7,5039
7,44987
6,6277
19,28614
5,11496
2,45573
5,17053
5,10725
8,14966
6,19355
9,17564
16,4197
3,10014
17,20748
9,9990
16,22449
9,34682
2,9366
18,13821
3,20211
2,13297
9,45915
19,32973
7,26107
6,31506
3,37771
13,4949
16,40096
6,128
12,10768
13,14338
1,13570
19,20244
4,26626
6,10006
17,37891
11,41234
1,1942
14,42265
4,20203
10,23204
1,14703
9,46242
12,4930
10,9124
10,1037
2,7509
6,7804
20,40199
15,23758
2,26531
19,44080
17,20596
12,41024
16,21136
5,29064
14,4891
12,40520
14,37948
5,3438
1,13567
10,26659
14,20461
1,2595
6,24352
12,27723
14,26867
18,20825
12,23793
15,22107
13,21189
15,49667
11,36529
3,15119
10,29613
3,10802
1,20098
8,6094
20,32732
5,27377
10,25091
11,21672
20,9392
17,10042
11,47667
7,24595
18,8693
8,36562
8,15157
7,28560
9,39734
15,34287
3,27074
15,36590
16,43497
19,34587
11,21252
8,11855
15,25724
16,15885
12,11260
6,10212
16,45826
9,24541
16,23570
16,36180
19,5827
7,47489
7,12951
19,30164
2,30107
14,19821
7,49827
20,43335
19,27579
19,32592
2,11953
14,28192
2,37056
9,15612
11,19837
19,6413
6,2231
9,16376
13,23585
13,25982
19,26740
18,4425
3,45287
11,28606
9,46299
13,31643
17,9047
3,8916
7,1516
13,42664
5,24896
5,14925
12,13322
13,36659
4,9721
18,45244
15,36727
7,35639
19,703
11,44857
19,7569
13,5426
19,20352
20,24592
13,19988
7,10136
2,31712
11,31057
1,8742
1,45620
1,46557
10,46361
2,1898
15,4717
11,47194
6,16273
16,24352
11,27465
17,428
8,16124
4,38920
7,24685
6,49852
5,30631
1,10496
11,33755
8,8390
6,16640
14,46380
11,44322
6,34775
16,48878
6,45141
18,3288
13,2493
3,6544
13,17118
14,49661
16,2948
4,26606
18,15237
1,28249
11,25689
6,24319
18,15332
18,22035
9,11636
2,44374
17,28770
20,38843
5,16834
5,35542
17,13856
8,36402
15,19627
12,6462
6,16520
8,27801
6,46115
18,33229
2,6981
11,35460
3,44039
10,23243
7,44154
9,46837
9,39558
4,803
20,3138
2,49627
9,11421
16,18826
15,36090
5,1865
17,30302
5,35909
13,19775
9,9232
4,18492
9,21056
17,36325
2,41480
6,17184
3,39950
4,11690
11,20428
18,26778
14,28573
1,19494
9,26988
7,44064
16,37087
10,15283
20,37440
2,18228
2,16301
1,27001
11,19725
5,28765
18,13278
6,7842
14,43752
10,18051
4,3979
7,9124
9,17912
2,32395
20,47828
9,8609
19,26587
15,16463
17,24283
15,734
16,6150
12,29502
13,11309
3,7246
19,12688
15,28064
12,40484
13,27485
17,2316
14,14038
7,37279
11,14119
1,240
8,9947
7,32255
16,34167
5,32298
14,10486
5,16325
12,9898
16,38669
2,30747
17,9940
17,14455
8,13961
12,25519
10,37174
11,10699
12,44714
16,18911
5,40574
3,28091
4,15033
1,39368
5,15239
18,34912
4,29619
15,33353
15,16680
2,31638
17,40567
2,875
9,7122
13,7054
14,46994
2,29196
9,34630
19,6866
9,19153
9,24309
14,18661
1,44444
3,26271
2,49904
18,25897
10,12929
14,47562
6,27049
8,18994
18,19735
2,25319
20,16188
9,19513
13,46538
18,26155
18,26296
16,7513
3,26624
2,30838
3,10660
11,8703
3,25510
15,5933
13,43189
9,29263
9,35573
13,13381
11,16400
13,1438
8,12420
13,33423
15,18921
15,23694
3,44875
11,15625
20,49824
19,28988
16,49318
7,8503
16,42780
9,401
4,8783
20,646
3,47271
17,13945
6,30030
1,13507
8,31661
7,1469
18,28116
13,49785
17,32654
18,8231
1,6874
20,28755
14,45298
14,959
18,35026
8,19461
5,39669
15,8481
15,22910
4,11537
16,22685
17,8708
5,10631
7,10998
14,4368
6,39088
12,42353
1,16692
2,18852
2,16083
13,21063
20,38763
8,27138
4,34279
17,5453
13,41259
20,45230
6,47566
4,3167
1,32872
8,1198
19,38089
5,38772
11,22925
9,49001
10,43081
19,8833
20,5594
5,27085
19,48247
17,36252
10,5480
4,24888
1,39926
10,49439
19,19622
19,17607
16,33575
10,10619
4,45886
13,18371
1,48912
14,32302
6,33833
13,16970
7,26972
9,25686
7,7997
2,46734
11,44937
8,20547
14,16034
6,18931
11,3229
12,12696
14,213
1,46961
1,28438
15,41613
12,237
5,10486
14,39709
16,48462
7,18387
15,7936
8,40079
17,24463
10,43574
4,2665
3,4074
19,5578
6,20175
13,18596
12,44225
10,36716
17,18734
2,24224
14,4610
15,2524
5,35136
9,872
12,15249
20,27493
5,39098
17,42948
19,48224
4,734
4,11082
2,46137
7,35886
19,49625
3,44631
11,15663
4,45188
11,19904
19,47860
19,19523
11,36367
13,29038
20,1072
4,27694
19,48498
1,33983
15,18014
1,1786
1,16601
9,19071
17,789
11,34277
19,8284
16,19076
12,4922
10,27677
20,23586
13,43079
17,41082
12,30252
11,28327
3,17912
9,40798
8,22888
8,49546
13,9249
16,16278
2,36787
1,22510
6,31142
19,29681
14,41444
9,27786
6,44124
1,7487
11,19216
11,31872
19,29927
18,41756
7,44882
14,32789
20,18313
10,7834
16,2057
15,31295
18,9274
10,22486
14,15015
1,42165
17,21381
20,6894
2,15523
12,39300
19,48400
4,3438
19,39021
14,31750
20,38364
5,11798
2,48941
13,10822
19,10730
6,19593
9,30763
19,35905
19,35447
2,32446
12,2511
17,8380
7,24816
18,8499
9,4462
8,42017
15,27343
13,20348
9,1676
9,39420
14,8440
9,14342
11,37676
10,45757
11,6559
5,367
5,27997
15,245
11,42508
8,1808
10,15615
16,43643
4,35502
14,32150
11,36993
11,42033
4,32825
20,29974
1,22142
5,18350
11,43778
16,18487
16,6334
20,45907
10,18130
3,23269
11,35316
16,29845
6,15928
7,4590
13,31572
16,2323
17,13514
12,41573
2,5334
20,6328
3,48256
3,32936
10,31840
19,34518
7,3967
4,1349
10,16308
19,42729
5,42956
3,3183
5,3075
2,46392
1,29932
3,13337
3,33754
4,3687
9,14284
1,23464
3,20890
3,9736
7,37438
13,20476
13,44571
6,3197
4,37874
16,26593
3,45389
6,38828
19,25959
4,42922
9,25092
16,38737
14,24784
8,33613
12,17664
15,49075
11,1013
13,7001
9,28940
11,17900
1,3956
19,31257
8,4666
4,47441
9,10328
6,48699
5,46228
11,21866
19,4568
15,37838
14,31388
7,3223
12,30851
20,22770
17,14853
20,45025
5,23204
8,35979
10,2572
12,47354
4,3553
11,23873
2,16200
12,22953
10,33221
19,31203
16,23167
11,13130
3,42902
9,20610
15,48658
11,21545
11,40304
11,1684
3,23434
15,38486
18,14737
6,2356
15,40161
16,34341
9,35618
16,4470
17,30112
14,22448
18,17643
10,28800
5,33221
18,2281
18,21370
17,10553
4,24299
11,14321
20,8454
19,8158
3,9777
11,9320
4,40534
20,28026
6,1936
13,35990
9,29513
1,39422
11,36006
17,27561
12,38360
9,24867
2,33463
3,37666
11,30342
11,12844
2,25531
20,29064
16,20495
12,9605
19,28508
18,17607
5,19404
10,4382
2,24634
14,16282
20,27978
11,25134
1,30222
6,31533
8,26390
19,41933
5,39220
10,31013
9,242
9,38657
13,41651
12,39272
8,14662
17,13493
16,48137
2,33048
16,6077
10,37013
16,774
7,6161
13,27479
12,10009
14,7013
5,12705
11,20935
8,20436
2,11584
17,15360
16,17409
7,48597
3,11635
15,44783
7,20754
11,8892
11,9454
14,3490
16,9124
2,8330
8,7768
15,43434
4,31809
14,5181
15,43446
19,12276
17,7599
8,10369
19,26659
15,22342
7,48915
7,49112
16,4466
18,25853
20,33227
3,29456
16,41353
8,25743
5,45559
12,27407
7,12022
2,10063
2,48646
15,35167
9,19478
12,16938
19,19895
7,41468
15,3083
5,34950
15,15351
3,322
8,18836
20,19506
11,34190
9,33921
18,33521
17,18201
12,38075
8,21581
5,37891
6,42635
5,13124
15,31141
2,45999
19,17732
2,29203
14,48091
19,4198
15,7915
5,35257
12,25673
5,46637
1,17991
1,16377
7,24287
10,5266
11,25496
1,1394
17,44475
15,46775
2,39289
15,12309
15,48984
6,34257
17,48339
3,4159
18,2490
6,19430
8,47795
9,3052
17,45218
9,29507
14,41456
16,1382
3,13971
18,5793
10,47133
13,46648
15,37697
1,11863
14,44746
3,33687
9,43749
13,9191
15,20404
20,47584
9,37293
17,7992
10,33622
1,29312
12,8041
15,17347
14,33172
19,16684
16,49651
19,19190
17,20946
18,17440
13,20668
12,39159
5,35132
16,9382
20,10015
15,22924
3,2566
17,748
3,7663
20,43968
19,20930
20,49035
7,13962
14,34804
15,17779
19,14455
11,33583
7,36665
12,4362
18,38547
19,1710
1,44515
16,32438
4,48830
6,45401
6,11294
7,8872
19,46356
4,18055
6,563
5,14907
10,27497
2,48618
7,24316
9,18852
4,32147
7,12683
13,48909
16,8323
13,6739
15,49016
11,29595
5,25895
2,46831
4,35946
17,4463
2,27913
4,18384
7,37447
18,47572
3,33004
17,30827
14,4746
5,31297
2,37280
13,38388
11,35118
10,22492
8,48670
12,958
4,47207
11,38630
8,19705
16,17326
13,47652
9,21160
6,42978
9,39052
6,47840
6,39013
17,14774
1,14831
6,41618
17,14323
15,21022
3,47875
6,42734
16,46647
14,19796
20,34868
10,22105
2,41675
7,42896
17,49417
19,4244
2,43586
7,25015
14,48797
6,6219
4,19680
2,39910
12,23330
10,28280
12,2520
15,8099
9,9834
5,33143
17,31395
10,28585
10,20385
5,14317
15,23360
14,7106
2,1199
3,34001
12,48371
5,13664
18,48440
9,23017
4,34780
10,5560
7,5711
19,29874
6,20648
1,16235
9,16404
6,26626
20,36191
7,13654
18,37103
19,6158
17,21088
18,9955
1,47256
8,28993
11,3805
2,20071
19,5716
10,38229
17,32034
19,24302
2,49162
9,14193
6,20467
16,36037
20,15899
3,36006
7,8895
16,18377
5,25120
4,6763
13,36565
7,31204
15,47838
18,41915
7,24224
6,823
20,20299
2,20826
7,26635
5,5019
13,20395
1,2857
20,13712
19,7192
6,30572
5,44642
7,25934
3,31399
8,17331
18,12668
8,5742
18,18139
1,3259
14,7559
18,5625
18,9994
6,39915
14,41261
3,14917
10,2978
18,30548
10,40244
8,24262
18,44450
7,15936
11,2350
14,45230
6,6129
9,22690
15,42308
10,22680
16,1094
12,19205
11,43582
2,33680
19,49494
17,13002
5,13384
18,5208
15,18640
18,46088
20,44427
1,3852
11,31151
12,31466
5,18897
7,45299
6,35640
11,23229
6,2493
4,49005
17,47757
1,10927
2,31875
2,49416
19,40187
18,15358
12,29537
15,45997
18,19046
4,255
13,20769
1,38592
20,19790
7,41194
12,4916
20,108
1,35675
8,33399
9,34540
10,32002
8,40940
1,7301
13,19480
7,8254
19,25780
17,15783
2,11170
12,19862
17,9151
11,19133
18,492
5,13248
3,2534
3,16388
18,28921
19,48408
11,31434
20,47919
4,44472
18,37317
13,20696
6,31312
9,28445
11,35789
10,41987
17,18200
2,47183
4,9838
3,14439
12,29283
15,17135
17,2909
15,40725
1,5534
4,1346
9,3238
4,30958
19,1138
9,30562
6,39437
16,1891
5,41094
16,16371
8,38153
15,16490
20,44941
16,11902
7,40971
17,10097
4,8867
8,18148
6,6732
4,25186
5,4444
6,38441
4,21605
12,16163
3,793
1,31636
6,6642
2,10148
17,44384
19,33301
11,10542
14,9735
16,30658
1,14049
18,33714
16,27015
18,11023
9,25047
9,13322
8,41796
15,35308
1,29477
15,19974
20,33449
1,40133
5,7984
16,28516
8,31149
2,901
1,47245
1,888
16,25592
18,40570
12,29495
11,334
16,2858
5,9246
15,32090
5,6807
6,48158
17,5011
3,7475
5,34833
10,49588
4,19866
17,49292
4,46790
1,45412
13,14088
12,24994
7,38749
5,9987
2,31535
7,41170
1,7260
18,30681
10,31621
19,41609
14,6660
14,36553
9,4418
9,10315
5,16569
20,44767
17,3975
4,18484
1,15123
8,34745
14,1888
9,17192
3,3701
3,11779
9,33985
15,28663
11,38467
5,13403
11,13731
8,29794
4,45126
13,10058
15,24809
11,20828
11,36770
20,45540
1,7533
19,17475
7,15202
16,18682
4,18898
19,47143
6,38778
15,24380
15,2556
14,47719
6,3272
5,26501
5,1142
8,46302
17,26563
11,42607
19,42720
17,4738
6,7431
19,20682
14,31723
20,41793
14,25551
10,17075
12,21626
1,33328
11,3421
12,19117
7,45261
12,3287
13,19351
4,42041
4,33826
17,8884
18,8173
15,24378
4,34555
7,3786
18,17125
19,40751
1,46453
18,16321
10,43000
20,14860
9,47212
14,41686
5,8118
17,4286
20,4473
1,47102
3,22912
16,46830
20,32676
11,44584
20,17703
4,29700
18,47435
7,18880
2,34854
16,33986
8,37964
11,10654
8,3636
13,39731
2,39124
7,39966
11,41923
20,43459
20,1393
15,36595
16,11071
4,1659
2,744
20,6459
15,24492
4,3899
7,33975
7,10949
12,2591
6,38546
13,29320
18,7639
20,42599
18,19480
10,1024
1,17013
8,34737
18,5035
16,28814
2,22149
20,27828
7,33680
7,8177
14,19687
15,46706
3,18879
20,44259
1,9764
14,49444
6,13512
14,12423
14,5741
9,44823
11,14113
18,15048
4,17785
3,41247
4,30143
3,32106
5,11854
15,11959
12,20135
7,13762
19,44628
6,7423
14,46437
6,25026
1,23867
10,23679
3,34305
9,16197
1,21370
7,4305
3,1042
7,39847
9,26979
15,28520
12,41609
1,45934
14,48083
20,9977
7,44256
7,4825
5,24554
12,19039
20,2497
20,41076
2,11647
17,30824
9,28493
3,48740
11,28052
5,30792
11,18251
7,40325
5,8034
2,12655
20,26681
6,18057
7,45909
5,41999
14,19451
13,9797
2,26207
11,41285
13,32044
12,38140
7,20386
1,26143
3,10436
7,37079
4,28201
19,44381
19,33662
3,47422
18,36293
4,21222
4,5249
12,8529
8,35589
14,5551
4,5762
4,18111
4,30734
12,32764
10,3586
8,29935
10,25761
19,13993
5,39496
17,44431
11,44714
9,38305
8,3208
12,34396
9,659
12,45394
18,46351
14,49967
12,9088
8,37648
13,39066
8,46333
13,9340
4,13219
6,27217
20,19995
19,7957
12,9584
15,39570
11,34609
11,9150
10,28056
15,5874
9,10649
17,2396
4,3765
1,8422
20,31263
12,29442
19,36201
13,3677
11,44826
19,37874
17,4294
2,47795
11,24688
6,16152
14,43227
6,6150
16,652
11,36781
14,21812
12,38288
4,29916
3,327
17,6729
1,40064
1,1910
15,27759
8,25117
19,42476
16,12429
6,31373
15,2664
17,9485
6,39698
8,19192
10,25310
20,12820
4,47892
20,9048
14,24203
14,12403
19,236
20,43890
1,26679
6,15319
2,26333
15,31810
6,2083
16,15825
10,46629
10,41811
15,1907
9,13453
19,49242
11,993
6,47357
14,6516
15,20222
15,9217
18,17024
13,30788
8,34841
8,49355
13,14021
6,20155
9,36673
13,14289
16,35918
1,11527
15,27076
18,30704
19,47355
5,48643
9,5720
13,43191
10,7400
14,17946
2,8158
11,2149
5,14883
3,41720
10,3008
13,25811
10,49930
7,48075
10,37367
6,15795
16,30151
17,20575
6,11449
2,45148
9,25813
11,28783
1,34742
1,40189
5,44038
7,1796
17,15697
5,37650
6,35703
8,26045
11,39034
6,46567
8,42484
3,49602
6,46046
14,47443
9,48704
16,28097
12,30512
2,40387
13,22261
17,26341
6,6014
7,29867
6,20386
17,11622
1,29696
6,41503
12,41369
13,4687
5,932
6,28857
20,18450
15,40154
17,34505
15,48892
5,27908
16,8116
13,7576
13,7524
14,35141
3,12657
8,6669
2,37445
6,31734
18,253
17,46799
2,49942
6,11397
3,21327
19,10312
10,33247
8,28564
15,1221
5,41581
18,49143
9,19487
9,45401
18,766
17,7532
7,47853
11,45852
4,22147
4,22481
2,19262
18,25261
14,4787
11,37427
17,13933
15,36489
19,31926
15,8015
2,22167
2,10300
9,20596
19,45326
13,22231
16,40936
10,49432
4,13332
10,39792
1,37498
8,48945
17,47673
19,46405
1,37217
12,42683
2,25509
8,10479
3,29169
2,41911
6,20575
8,15116
15,35620
10,1353
10,45085
6,22097
3,2817
2,13146
19,35879
2,1137
11,44393
15,23022
15,32860
10,5092
8,12656
9,34901
16,23230
12,34133
6,4879
1,34446
16,25270
16,34216
17,30033
7,47539
2,40992
8,48619
14,13973
6,21596
14,23593
9,21021
2,4016
5,31308
19,36566
3,35341
19,15426
9,30574
8,42367
9,37001
5,36676
20,41519
4,18616
7,2699
5,16793
1,13423
17,39910
6,31167
20,19972
7,11298
14,6153
13,28576
13,5429
19,8884
11,49916
10,43039
5,36156
12,21172
1,14596
19,34962
2,10290
11,7490
15,1368
3,6503
2,15958
19,39513
16,22023
2,28361
9,26922
9,46747
15,1500
2,3502
13,12771
9,45734
5,26132
18,19294
13,39161
3,33029
4,39715
15,31537
9,47694
16,42130
14,12318
6,31393
4,44926
9,20773
19,31924
19,35890
1,35813
7,49652
6,26749
11,11228
18,35833
16,40295
15,3493
5,8901
1,34609
2,7300
1,48342
5,15105
16,2697
1,38442
12,40495
17,34738
2,19217
18,44496
13,38959
9,43306
13,46956
19,19157
15,30422
18,36820
2,44458
18,43165
12,20660
2,15137
18,41686
7,16040
14,10630
19,48146
2,15811
17,27384
7,3604
7,28461
16,31393
16,25647
18,12202
12,43945
19,20970
7,3284
20,43539
6,4723
2,11792
5,3881
1,4826
12,45837
20,16547
3,3312
10,12211
17,8574
2,17167
18,5959
11,17085
6,38588
3,42625
8,22735
11,25793
14,6755
10,11187
19,11429
18,31928
3,1464
6,22446
6,35637
14,5622
2,12730
14,26824
16,47770
8,48924
6,48040
5,43073
9,14828
12,35611
17,33432
19,44784
18,10307
11,690
13,15749
9,21215
18,49239
1,29919
20,30846
13,36817
16,42931
15,40604
15,25622
9,43749
11,1671
15,18942
20,33806
3,45673
6,44328
10,4146
1,31654
9,32602
19,47381
8,5507
9,26378
15,11333
16,18441
14,39051
9,5543
17,24100
8,47080
1,19363
17,37922
13,42497
13,31753
20,23568
8,45767
10,3475
8,31802
2,27185
11,20738
4,33241
9,48870
3,10101
5,1561
11,33676
2,1864
1,5989
17,24911
15,10794
2,41953
3,4324
15,25911
6,17674
18,48140
14,10700
12,24084
13,26443
16,22902
18,30146
1,43802
5,46940
13,33911
7,12346
16,46157
12,24253
12,12418
13,47000
10,45471
19,47156
17,7363
12,24975
15,16739
15,1941
6,18625
4,39052
7,40838
11,18819
13,6923
10,555
9,1237
16,14908
13,23774
9,8457
5,41440
13,1087
19,26923
6,49020
1,38994
14,49944
10,13700
11,16058
5,28883
19,11317
9,7844
10,22333
20,18441
6,43710
15,14180
9,40586
4,19009
12,48280
12,36494
15,8763
3,35171
15,11485
15,9321
11,40752
11,28319
4,43257
12,14382
18,18016
16,45277
5,17477
18,32268
20,32575
3,7934
1,31830
10,16148
3,1796
8,25146
15,10659
19,23115
17,31958
10,3824
2,44843
17,27363
16,28164
14,2734
20,49218
19,21032
11,15076
14,44332
14,38047
13,6654
4,14570
5,7007
11,7000
17,4851
9,41559
8,22688
17,26152
2,25335
1,24214
7,30412
4,9962
8,44084
8,37813
13,3948
16,16501
3,43187
14,42282
6,14952
6,28708
4,14752
15,11617
6,28762
6,29297
3,29392
20,21017
3,17228
16,12848
12,10451
6,30549
17,17117
5,34861
9,1460
16,26662
3,16290
2,35102
6,21609
13,45456
9,27057
9,23592
19,45144
18,32640
4,43585
3,6844
12,6640
9,10551
8,34892
6,48767
15,31484
19,47901
16,6606
1,37672
17,41636
9,35095
1,38322
7,17399
20,47395
19,30930
5,42469
12,32100
18,44421
4,20984
16,184
17,14218
3,24802
20,47941
18,30054
6,9592
13,15567
13,44818
13,33696
10,28839
14,19185
3,6336
2,27417
1,23055
13,2767
5,9725
16,24573
5,37862
18,39320
13,42823
3,1311
7,3626
8,3356
1,28763
7,14936
8,6673
20,14229
17,32376
14,43584
19,18099
9,1409
4,15950
11,2747
19,49394
8,26848
8,3912
10,30595
13,37083
4,18544
2,30289
3,546
7,4790
5,42754
13,2739
7,42546
14,42075
16,21805
5,33736
2,16831
11,13878
8,3621
17,22354
7,1678
10,39612
13,41643
19,39203
16,31177
19,7309
6,4442
5,45252
11,10661
1,32892
17,29396
1,34546
13,37674
5,10333
5,21740
7,49311
10,46241
17,20877
17,15237
17,18707
9,11805
10,45849
15,3604
8,1670
1,24750
5,43106
3,25605
15,38888
19,39694
17,26681
10,10822
14,41904
1,13914
1,41826
6,3264
5,24667
2,14077
17,33118
11,38278
15,13949
12,44952
11,35528
8,42066
20,26938
20,18061
9,26486
5,43714
2,40188
8,29071
4,16442
2,7041
16,22635
2,8669
8,17488
2,29572
18,1474
4,39647
10,45849
7,49124
19,35511
2,11118
9,33270
18,38260
1,32617
19,33563
18,49467
7,29017
13,18453
10,46904
8,12333
14,33535
13,21959
18,8379
18,17281
1,41527
12,46390
5,19090
16,12712
4,31046
7,25497
4,9762
6,17159
8,34557
12,40328
10,32163
4,44408
14,18887
10,41943
2,7685
19,9619
11,39707
9,22464
19,34239
12,20260
4,33326
6,44512
5,16033
13,3120
19,48299
8,40881
1,21309
1,4614
18,49516
13,39758
9,35294
9,48350
7,43754
2,4246
19,33117
3,40928
2,8436
3,42651
8,36899
14,38071
17,30752
19,3617
14,10409
13,43848
16,10499
12,42675
11,31950
2,39582
9,34246
20,43614
20,18141
20,16262
14,39222
3,31017
2,9020
14,32415
17,49539
12,10662
5,26858
11,9856
8,2541
17,2627
13,21393
4,31558
5,11892
10,38100
6,36208
1,13277
20,8637
9,5622
4,49867
16,30575
6,7402
8,34030
20,45981
14,9955
16,28269
1,48614
1,49936
8,18334
19,35300
18,19942
9,28808
3,48253
1,24123
14,5782
4,30965
5,20949
4,25725
19,6944
4,39071
6,23532
5,4694
11,5304
10,18763
8,26406
6,17422
4,40919
9,28425
12,44034
7,18116
17,26440
20,48488
8,47144
19,33579
16,39419
8,20356
2,15256
1,48102
16,47789
8,41764
13,8697
2,33063
13,20538
20,42856
5,9085
1,42208
12,16730
19,25584
3,32931
3,32754
20,17876
4,43423
2,37186
4,18377
7,47164
4,7775
17,25169
10,27940
9,5808
14,39783
14,5118
9,35003
4,44874
20,1707
5,18355
3,30210
16,35965
6,33645
2,932
12,36044
3,20061
14,18545
3,4576
4,29181
13,38282
16,13757
16,17930
5,816
11,22469
17,3618
15,25156
3,3445
13,9882
14,6261
8,2699
15,17096
2,22027
6,15956
5,48335
8,36547
13,4845
14,13041
17,1327
10,38979
5,5398
18,38110
1,14526
16,24993
9,31723
3,26106
7,3051
1,20611
9,21394
15,28440
6,10103
3,14623
18,29473
2,11404
2,37471
11,18176
8,6685
14,15591
3,2938
16,22918
18,49635
6,22743
19,10991
20,36655
20,22713
18,34492
17,18540
5,27736
9,47211
5,17979
11,33092
6,41141
13,32691
1,9627
9,13472
9,45787
11,42790
16,28437
16,2239
12,14341
14,46119
20,12554
6,45545
20,32569
4,45128
1,23240
15,26561
5,3434
3,34270
3,40744
2,39614
8,37279
7,27698
2,3280
5,29028
17,13093
18,47926
12,187
4,32676
9,17615
10,25088
12,4222
16,32499
9,40232
1,45928
11,14308
3,3809
3,38516
11,24418
19,38222
6,49892
13,5962
12,49655
12,43654
4,27193
19,45167
1,38894
12,34042
14,48935
6,1661
7,10326
16,36280
6,49576
19,28231
17,2703
5,5474
20,48524
8,8578
4,33673
8,17054
13,35611
15,36068
15,22295
11,41887
3,9382
15,33192
4,41672
14,32358
5,3223
14,20769
17,6650
20,8490
10,5838
6,27900
8,2692
15,8830
18,40504
16,14157
9,38832
14,41370
1,5946
11,47366
20,41530
8,45205
7,6781
10,30716
15,25106
2,2003
19,44884
9,19679
2,41879
18,13312
4,35831
10,48740
6,12788
15,13527
10,16423
19,15467
5,33968
6,13147
5,2162
6,45525
1,23157
11,23860
14,17958
5,18092
9,17152
14,18795
2,25633
19,36239
8,7741
15,27659
17,24644
3,37460
20,32178
15,47359
1,11375
8,31757
19,44800
6,19784
20,4456
14,27152
4,29970
7,9050
3,46853
11,17026
10,31779
13,9962
18,43429
18,15875
19,33826
10,34995
20,14728
20,7381
20,36766
11,20463
5,42950
18,2065
6,34147
9,25795
16,1969
17,28354
9,43122
9,22485
2,31472
8,33856
7,36793
2,15314
10,20599
20,48096
18,38121
11,39735
19,12559
14,30211
14,44575
2,39294
3,14581
20,11792
13,49764
7,2499
7,49870
2,10553
18,39326
11,41027
15,7676
3,43470
12,13547
11,13770
17,45884
18,17105
10,10965
2,43497
20,44359
10,33627
6,11920
17,41682
16,26581
19,3309
9,47447
3,41335
20,33473
4,35127
8,9127
17,29883
12,49437
17,23374
5,39046
1,22954
5,39101
7,1122
8,10014
2,9066
20,48205
15,11844
19,6317
19,30123
8,2370
13,327
4,40063
18,13352
3,5793
8,20751
1,19038
4,37547
1,27232
9,39223
2,24485
6,1913
19,7569
19,34211
17,19610
12,16410
6,26978
3,14800
9,6928
11,15528
3,48682
18,28147
10,31272
6,17564
12,40533
10,42466
2,41759
1,1362
18,11452
5,9348
14,25821
14,43069
12,43181
4,22892
11,5877
5,20768
4,33766
1,10045
2,27192
16,42494
15,10854
6,1344
8,16037
5,20239
14,976
9,29140
9,40365
9,11703
11,39345
18,27969
8,45092
13,4747
18,10319
11,6068
13,30763
16,6047
11,47939
14,40099
6,40831
9,27990
7,38635
11,30137
16,2808
2,19508
14,10614
8,809
1,40407
16,38271
5,6268
5,19382
9,19681
14,46746
16,48884
5,26615
11,32726
2,413
9,8917
8,23240
16,15576
16,35564
5,14376
6,5835
13,308
14,16046
16,5569
14,43301
12,2580
19,40665
4,2352
14,36166
8,29178
16,22501
13,14051
4,31044
10,30067
14,5040
11,42859
5,40912
16,9703
2,32317
16,13930
18,33217
10,47235
19,8645
1,18778
10,42431
12,22164
14,13136
8,18010
4,34096
2,45511
12,26632
4,22277
1,37916
12,39957
10,18505
5,3964
18,7298
8,4171
18,8071
16,4335
10,14311
19,5260
12,12242
14,22937
7,18865
18,37623
14,31192
1,12935
12,13978
11,18126
1,24518
3,26457
4,13906
3,26185
3,1283
11,17753
19,27180
20,45252
2,18895
8,14150
2,26560
2,33413
4,39215
12,36250
6,23300
1,32499
20,28341
12,28118
3,25958
14,30349
12,2883
13,45905
2,38433
4,24631
17,38328
14,20536
7,7374
18,35460
6,5077
16,32047
4,32565
13,14203
7,34017
3,9910
18,49664
7,32106
10,45055
13,13022
8,49407
17,17729
19,37788
6,17849
7,47306
15,44123
9,14488
6,48684
3,28825
4,11070
3,6269
7,32367
14,29171
18,40115
14,19792
14,40832
17,32636
2,49723
2,14775
9,39811
6,34807
11,27483
6,18690
5,15220
13,19761
12,2795
9,5890
6,31024
5,46883
3,36057
10,18619
5,30096
10,5992
13,25608
8,24646
19,15677
15,26936
12,29370
7,23146
17,17483
16,14627
19,15235
6,21256
19,173
16,5557
3,18252
2,26506
20,11111
4,38316
16,7758
17,42277
11,32726
10,16840
11,42607
19,36890
17,37055
13,27858
3,44053
20,10864
18,30889
17,9653
18,39887
13,3091
1,23530
10,41623
5,9509
16,47907
19,9587
15,19884
1,39699
20,27262
10,6360
5,41989
3,27988
12,13224
20,1195
9,22396
19,48082
11,40889
15,9127
2,43280
5,35144
12,32693
7,38701
6,2158
1,30914
3,28613
13,20923
5,9439
5,13385
11,12842
9,12578
3,36530
17,41706
20,10908
17,16986
3,24460
16,26583
5,33068
4,40926
10,5230
19,283
14,7856
3,7832
10,19431
4,20600
13,19035
15,42548
17,39023
4,6586
1,22821
12,996
9,33743
1,20829
18,20352
7,48593
7,41516
16,48864
10,11285
12,43741
4,17630
13,43597
15,34476
18,47784
18,1316
5,39710
4,14874
10,28171
17,4825
14,8028
13,38473
20,30042
4,31952
5,19424
20,11889
8,3961
4,20787
1,15812
18,29550
18,20646
10,20916
18,15324
7,10045
2,15846
15,45541
3,16656
5,10441
7,5211
2,39057
14,30311
4,26034
12,31341
5,38302
12,46260
11,36262
2,40112
2,13554
7,48004
8,2487
10,44025
19,26168
12,18685
7,27986
3,9642
7,3007
4,40804
6,12505
19,15451
5,29377
15,33854
17,38999
13,44982
2,45266
11,32860
12,41730
4,14298
9,23883
12,21605
4,11425
15,43685
6,4695
17,28095
11,37647
19,2127
2,22765
3,30731
13,44631
2,3849
10,32236
14,19626
11,4468
16,18942
6,17434
1,12340
18,24216
6,1520
1,42704
2,48416
11,27901
20,13401
16,24266
15,9832
7,21035
17,7757
12,46342
3,36980
8,26964
15,27353
6,6956
10,44110
4,25489
9,21340
3,19006
11,26978
2,33833
5,41105
19,31471
15,5469
1,48554
5,21281
7,20158
5,21660
14,47660
13,38595
1,46937
12,8734
15,43333
20,19118
11,17638
9,39630
7,49719
14,26808
5,42520
16,23570
1,39404
18,3381
5,48305
16,9054
2,38926
5,17847
1,1313
7,8081
17,13707
13,18219
16,17743
12,1512
6,29637
4,31172
12,38778
2,38200
3,19965
11,19765
5,1014
8,36378
14,32404
7,40328
12,47502
4,5407
13,44211
16,17173
1,30876
2,376
6,47119
2,42396
5,49362
11,44008
20,25581
6,13665
20,46654
16,49555
13,8557
6,32809
1,23548
2,22810
12,4048
18,19365
17,46935
16,3740
5,23277
11,45438
14,22390
6,46577
4,16640
2,24144
9,23219
2,8648
9,25274
17,33660
20,16055
8,11350
13,24849
19,41812
9,23435
4,38141
10,46523
18,31850
10,24319
9,33088
8,18638
16,48121
3,5876
16,20962
3,18737
8,46395
16,23400
10,19372
16,18409
14,44008
6,4016
16,46025
8,44630
20,973
16,30002
2,46540
8,33021
2,42029
1,49017
14,30379
1,44724
10,36933
15,42623
4,46147
4,47636
13,35647
14,35351
14,17600
10,30203
9,32622
2,10636
9,44623
10,11684
17,7816
10,29070
4,27609
7,38291
5,41418
19,5939
3,20078
12,6213
13,18001
5,44234
18,7812
6,14330
18,12001
10,27707
2,25320
20,25963
2,19816
2,26542
17,8533
16,29615
19,1004
20,18041
13,15200
7,7545
20,18713
7,25409
8,35844
18,3854
12,24468
11,47624
6,38661
1,28464
17,6395
7,25376
12,32436
10,5791
9,30062
11,21488
1,36012
2,30870
16,45583
6,4817
10,16244
16,14011
6,35712
7,37921
6,38457
11,48163
18,2874
14,2397
3,11189
6,13655
1,49499
5,24437
13,18935
17,13376
11,14610
15,42180
20,18704
11,33445
3,594
18,21285
18,1029
6,9672
5,27023
17,34790
3,32693
2,36041
3,40048
6,9839
1,24443
10,29942
4,20364
6,4138
12,38750
12,46622
20,19307
8,11542
15,43675
8,46568
9,14364
5,47965
15,28165
11,40656
17,8915
20,4114
11,43303
15,44888
2,15278
16,47487
18,13031
12,21508
10,45745
3,15993
5,39188
1,41824
12,30776
5,32277
18,33028
1,17456
17,39406
7,9200
6,10911
9,42541
19,40690
15,12657
10,37547
15,14751
13,8908
18,40448
8,22543
11,23286
10,4417
15,25426
2,17846
5,43985
6,22719
5,38215
15,30790
20,18482
8,36307
14,45412
11,18673
13,48332
17,39115
5,30384
1,8206
16,11176
19,36542
6,15493
4,18502
1,48574
16,34747
9,8662
19,12943
16,31966
9,26593
20,47078
2,22417
5,30303
8,24157
3,10737
7,10608
20,20817
8,39220
15,17020
19,37849
17,17634
20,6053
3,14469
20,3830
12,26076
18,44417
9,28891
12,46930
20,25405
13,34022
11,32390
9,20985
4,25200
10,35602
13,43679
12,46119
2,21025
7,49902
2,24503
20,27548
7,8592
19,10356
12,10118
20,30801
11,25073
18,7716
5,6001
15,49137
13,16517
6,38075
9,29396
7,48460
8,26760
19,1460
2,44745
11,19104
3,36848
18,34297
12,30365
15,43733
4,28127
1,44277
16,38362
7,29269
5,20082
2,31672
9,22873
11,46871
10,17058
17,40952
15,37261
14,46407
20,24218
17,49966
18,9515
18,19132
10,20913
16,43995
18,16490
5,22887
11,16355
14,35985
11,43192
16,5738
13,25971
14,3080
1,40909
2,38393
3,40628
20,26507
5,16062
5,18878
9,48894
13,20537
14,31873
8,9418
6,1388
18,15868
5,36025
19,15362
13,11394
9,31742
19,28596
10,41868
11,2114
16,46004
14,49108
20,7901
10,38344
12,8787
12,39596
9,25443
9,7136
12,12206
4,18121
12,32389
6,13639
13,48121
15,10813
10,4286
9,34921
8,12545
19,49289
7,39733
19,44457
10,47175
10,46836
8,7775
19,25777
17,26065
16,31849
12,35143
16,38262
4,36278
13,29434
19,45391
18,24928
7,21390
20,41220
13,7235
18,36437
9,41724
16,47107
12,22262
5,16222
13,15507
13,16093
5,24930
17,49962
19,36524
17,41673
14,25180
11,43938
16,32899
14,2392
17,25845
11,19954
6,10537
20,23892
20,6287
9,31396
6,28838
2,12438
8,5502
9,32639
14,49408
18,27696
16,25533
3,36200
4,35486
3,27882
17,44946
8,27104
15,35050
9,17332
17,12530
5,3149
5,15815
5,20107
5,45412
15,48647
8,22222
13,44763
14,39946
14,28595
4,30374
13,20789
14,49118
2,39817
10,22497
20,46763
20,47039
13,18886
2,2678
2,28146
18,12161
2,1933
16,27409
2,49235
2,6932
7,47672
5,22674
3,26489
18,14237
5,11641
18,2422
18,23910
1,15752
12,427
9,49667
18,17309
5,10843
6,19059
16,41548
3,41718
5,34471
16,10275
6,12233
14,39419
7,29843
16,9341
7,14296
14,48349
13,41971
3,33999
17,47905
2,16548
6,33833
3,13819
16,12427
10,5624
17,40814
10,16918
8,37183
8,35735
1,31717
19,13009
16,24702
11,26527
17,26618
1,24549
17,18036
6,42791
3,13230
2,48125
1,7675
4,37622
20,14669
6,33817
2,33817
14,28000
1,38484
20,15970
19,37919
2,33939
10,2584
19,34562
5,39900
20,47711
19,11914
7,31679
11,35390
4,48321
12,16890
8,31728
6,12721
8,35606
11,44433
11,35954
4,406
11,12403
11,18825
12,20611
1,8329
1,32302
4,8098
18,46495
17,3363
2,31935
4,12665
1,47078
18,41591
8,20190
8,15876
14,8463
17,48172
11,17271
12,49488
14,39158
11,447
12,12836
20,25657
2,21570
13,26583
19,44910
7,43742
8,15537
10,41211
10,8907
13,236
13,5391
11,8393
1,49270
9,11990
12,16558
12,44040
7,4512
6,789
18,47033
17,35670
7,14883
2,40581
17,41612
4,21895
16,23674
14,23698
1,45272
9,35225
9,44296
3,15885
4,44698
5,42364
16,14969
15,28353
1,24416
12,47621
3,23617
17,36864
12,15640
3,40962
9,37413
4,34213
4,47951
13,29725
14,37081
18,32621
20,20003
16,25112
4,37801
18,48377
19,32430
15,4437
8,970
9,27670
12,36148
9,11706
3,25812
9,940
19,41376
15,33292
7,19054
6,25583
16,6537
18,17058
20,33740
17,37332
14,1646
2,36969
16,18277
17,23653
13,19524
11,12768
6,23089
10,47001
9,18705
8,3155
9,20516
11,36857
20,13555
17,16818
14,1932
13,41617
2,43410
9,19098
14,23788
5,1720
3,46300
20,22365
11,38385
1,18201
20,2058
9,29343
15,49904
1,33978
6,39202
13,10088
20,14535
18,42267
1,29280
10,48597
16,11273
16,40121
9,34451
3,45027
7,37204
17,28878
1,4931
8,18776
15,16807
3,28731
6,32879
5,40040
14,36943
3,26837
14,35962
6,42677
14,30300
12,42291
8,23244
17,4402
1,35305
3,15496
15,28385
10,1309
4,11086
13,45943
11,44107
6,47277
11,45341
16,49025
15,23023
10,49604
10,21489
1,38646
14,37971
1,48045
5,12690
4,34168
16,1241
3,36519
2,31132
18,36643
14,25255
1,20079
9,11911
15,38031
4,33695
16,36442
13,5294
15,11638
4,45008
2,26270
17,32314
10,39320
9,2562
10,6555
17,42785
9,18408
3,14755
5,15849
19,30729
17,41960
18,44073
9,27193
15,34186
18,43419
8,3105
4,44366
9,8740
12,9720
8,16712
16,13457
11,13062
13,13468
8,9652
6,31741
1,37553
16,29269
5,5630
20,22727
12,22033
4,35034
10,13538
20,9886
18,859
12,326
11,42236
10,21996
13,24427
15,31878
5,18804
15,12884
2,38202
2,47560
1,34382
2,48716
13,20852
10,35286
1,3889
7,20816
18,3543
17,21448
2,45824
2,47546
18,4989
17,4626
15,15811
14,29756
12,48035
7,18328
14,23968
8,32969
10,7559
3,29158
3,30595
4,41873
15,5809
17,3750
16,43868
5,10875
8,12477
15,46573
17,19073
11,24612
11,28589
4,23084
6,39520
15,10822
1,22706
10,20398
19,23372
18,29673
2,34013
7,27588
10,11038
7,6095
4,1765
15,18145
9,2515
6,22840
1,42419
5,24001
2,36257
15,39560
2,40230
3,16908
15,34850
15,5432
9,27711
2,13764
11,38846
15,10592
10,3901
1,31605
9,21953
2,20721
19,30986
8,8805
4,41152
7,5493
6,29497
17,43989
14,40697
11,46233
16,8528
16,13034
3,49594
19,46171
10,21649
18,14725
17,48845
8,20802
18,23667
8,7914
6,33507
7,44336
11,15939
17,18272
16,29065
12,10544
1,45203
12,38919
13,34750
15,17511
2,49042
18,20849
3,27521
1,21525
13,3068
11,31630
2,13320
8,19101
9,48943
17,29757
2,42417
18,6939
14,29688
13,16483
11,24759
3,27876
7,25570
5,6876
11,13497
6,33200
8,25452
8,12514
4,16068
10,44816
10,4412
12,30609
17,30050
5,37523
8,41844
16,45431
20,1049
5,7385
2,36215
10,4752
11,36080
13,13715
6,26810
10,28019
3,26776
5,8900
9,3013
9,49277
2,7177
10,11172
16,28615
16,15745
12,11807
19,4782
9,45907
6,12464
2,10184
10,47931
16,30950
4,45212
4,24318
18,29643
11,38273
13,14127
11,48967
6,12137
3,4237
15,6441
20,33532
17,43768
13,41833
2,11954
6,11465
6,37599
16,11281
2,19612
4,31130
13,5125
7,18149
18,43989
14,5817
16,27881
8,40680
17,29502
14,9612
9,4632
1,32922
2,16927
8,17973
11,17779
14,14779
20,42190
9,41189
7,29417
6,20092
10,23036
13,4351
2,26713
10,23898
8,43002
3,31201
7,7850
2,34628
19,26764
11,21818
17,12582
2,31844
18,47301
17,31912
17,14544
19,25714
20,28155
8,8693
5,5780
10,38600
3,17775
19,48559
14,38913
16,16918
3,41265
17,10695
20,34125
13,6890
6,14626
4,45290
12,4049
16,26361
8,27613
15,5508
7,1589
3,32843
19,46601
6,33546
5,49091
2,36225
10,40059
7,40816
6,35635
8,24408
3,30630
10,8601
4,19040
19,19219
18,45202
16,39075
3,40403
4,12819
15,8023
5,13107
20,8674
20,42266
14,43563
14,43400
8,16163
2,39727
10,6034
17,9994
13,22419
8,12593
5,26046
1,39735
17,10443
20,11692
2,13631
7,11890
14,40471
6,35922
3,18247
8,31572
3,23297
19,41950
16,40204
17,23653
10,42989
5,45289
14,48963
16,1048
15,5284
18,47456
1,33349
17,44574
14,24044
11,9787
19,512
17,47098
12,31160
18,22740
3,38803
9,15309
5,29819
16,25868
12,33334
8,36308
17,30871
12,40826
9,20327
18,15791
20,20538
3,16692
2,28930
20,13899
3,25660
6,19995
12,1518
9,32172
4,40816
18,14466
11,21413
10,8007
6,31321
3,39437
15,45082
11,8809
10,47858
5,11741
14,42493
15,21486
10,616
14,27804
16,39229
16,6502
17,49266
18,22482
8,47473
19,34402
2,28784
1,20153
14,24959
2,43250
12,4359
15,6571
13,20505
3,11277
20,20835
7,35986
16,16012
13,14097
2,31087
9,49760
5,43909
6,25520
18,21754
9,17501
20,32658
17,47097
4,45110
2,9676
1,25998
15,17092
11,48838
12,23118
10,11122
2,46945
4,7667
20,29471
9,17269
4,31209
1,42194
13,38889
15,36192
3,36594
4,9356
19,41219
13,1733
9,41722
1,32773
3,12422
6,36814
15,36306
10,12218
14,15048
5,35670
9,22768
1,49108
20,23514
10,4179
20,45108
18,20434
13,27578
15,3780
10,23281
9,24038
11,49931
19,17542
2,26569
12,13883
9,39363
6,22371
16,13940
9,38612
10,41106
7,36180
13,6192
10,15683
3,9189
8,38784
20,43792
15,49986
7,10860
12,35976
5,27425
20,7064
9,18461
20,7425
10,46297
13,34477
8,37758
20,30079
20,8117
19,12898
10,3873
5,8211
20,22997
8,13851
17,5816
4,34624
11,42475
8,2863
15,45639
10,48678
1,7467
20,35464
4,5950
14,7389
5,2469
12,28251
11,5540
13,17554
2,14818
20,49189
14,47354
6,28321
4,25997
13,921
18,36358
6,43583
11,37087
10,40156
3,8929
11,49464
9,21390
15,26843
15,26948
16,21294
8,877
13,37890
20,24714
20,41356
1,11599
6,44644
9,31177
11,17773
4,5712
16,29036
16,42364
13,39172
14,13309
12,40404
14,8690
19,15479
13,6343
10,6522
5,4839
18,12207
12,44745
16,16618
6,25168
6,44361
9,13297
13,41309
15,46012
1,28851
15,41099
4,19182
6,30451
1,4117
13,22010
5,21698
3,9982
16,14961
11,12509
5,24542
14,37291
19,13116
10,20427
18,20233
3,37802
11,12008
19,24813
16,48078
9,22771
1,37239
10,39136
10,31169
18,13775
9,6187
15,31180
19,29555
14,9702
11,41969
16,4940
10,9155
7,25260
19,989
14,31507
1,6136
10,18860
11,7073
15,45189
12,42496
4,38824
4,32027
4,32984
15,26814
7,484
19,27945
2,30798
17,11690
19,14007
14,41500
20,7840
2,24617
14,48976
10,35847
1,30194
2,19561
16,47709
1,41816
7,4642
7,18414
11,7170
1,2578
13,15810
1,9065
7,33439
9,24930
10,35508
11,15650
20,1333
1,32062
19,39938
15,32608
13,7678
16,1889
1,8514
7,35445
14,25822
10,33533
17,7011
5,26279
16,23594
7,43052
20,20728
3,22631
17,38382
15,45505
20,16909
12,29203
7,22598
19,38103
20,36328
2,23951
14,17546
14,20489
4,45949
9,4670
19,33012
14,5228
11,7803
18,36082
12,47328
13,42788
20,1186
9,21653
1,2575
8,36876
19,2031
15,8350
12,20338
12,28393
1,26580
9,38358
14,46605
19,10863
4,3370
18,37349
8,3974
2,39932
11,27027
7,29057
8,42105
17,34768
10,47380
17,25338
3,17640
15,48755
3,11216
3,11733
15,8194
19,41960
7,17083
13,17081
18,40724
19,26272
17,33977
20,31048
20,19288
14,19874
5,38766
1,26965
2,43091
14,25671
6,37972
6,28611
1,11753
8,33124
7,40286
17,24015
9,11721
13,17866
16,11007
6,45324
13,20111
7,17737
19,2088
1,10802
11,26369
14,42723
20,20397
17,40979
14,46185
11,47277
6,23828
5,49049
16,48610
4,6212
4,47754
4,18444
2,47344
13,7946
9,47737
6,8208
18,17671
14,16935
6,42626
1,36760
5,23559
2,13630
2,34801
17,14745
17,35679
6,26848
15,794
15,29748
7,39080
20,2744
3,39145
15,49039
19,20649
14,31477
9,1341
10,28634
14,43350
6,13912
5,26267
7,46476
18,30646
2,16867
5,523
19,43002
12,37602
9,3519
12,7626
4,19111
12,31654
4,46766
3,432
13,34664
12,9396
18,23565
1,32662
8,38439
17,10201
8,28601
17,15434
16,27624
11,17846
16,36400
10,46658
20,40669
14,44028
11,3714
9,37290
17,45988
15,32734
4,43065
20,31288
1,14112
9,2043
6,33968
1,12261
5,36943
7,1496
20,48616
14,33757
20,10819
19,39243
13,8033
4,21150
10,3737
1,217
12,36171
13,10527
7,28298
17,2427
4,34755
12,43616
1,13647
1,30280
10,654
2,12376
19,22507
13,49379
7,16340
3,45763
7,13043
11,2895
6,2075
18,13152
16,45345
12,15247
3,25935
14,23663
8,36549
3,16099
8,39461
16,45018
18,48337
5,31869
20,28848
14,7102
18,1110
19,43909
17,37352
13,34522
7,43344
2,1715
16,2598
6,10971
7,30669
10,16436
2,22544
3,25942
10,17038
7,11513
9,203
10,4960
5,40834
17,8177
6,10665
5,26000
13,3340
4,44552
14,33520
5,18094
1,34361
20,23456
6,4190
2,48141
11,16439
10,33128
2,44257
10,29190
18,48270
9,43015
2,38521
16,48725
2,28645
11,3726
7,45075
4,3606
17,11210
1,22509
9,39866
3,36572
13,6708
8,36330
1,41486
16,18820
12,30713
2,9963
20,39089
20,323
3,20542
2,47145
1,3051
16,45465
2,21990
6,30947
13,17847
16,28503
17,27260
6,37684
13,16028
2,20630
12,30370
18,4519
17,21070
16,18791
6,10068
8,1535
7,29381
18,34073
17,22044
10,23467
8,24870
14,13594
12,36669
13,13631
16,16500
5,30235
14,1547
11,21757
17,11290
10,853
7,4435
10,21910
6,16662
1,26026
17,5553
20,23813
6,49091
10,4059
7,18141
13,16316
10,8389
10,45166
2,16026
12,36319
13,45030
8,10835
16,21681
12,24414
11,17661
8,31436
5,48445
8,12757
9,3849
12,16682
19,13765
9,30208
10,13225
5,14661
5,22010
18,7149
12,37969
2,37361
11,29136
15,18852
6,45897
15,7572
14,2776
13,17923
7,30025
7,5724
19,20022
19,17508
11,2670
14,25774
16,38013
9,1828
3,46217
10,17837
10,21111
10,8782
12,9162
1,17242
17,15585
17,27917
14,7207
2,45735
5,2488
16,6156
3,46112
15,5572
6,34861
12,45898
9,48441
11,18437
20,6753
10,30376
3,1441
11,31516
13,33013
5,39859
8,43767
6,7157
2,24747
11,10914
5,23990
2,33527
1,26341
12,37768
8,33660
19,49490
8,45535
12,27520
20,30704
19,36705
20,19519
15,36743
14,28992
20,14654
7,10651
7,45420
7,13201
17,29061
12,37721
17,6307
11,48329
12,3788
1,12986
5,13159
19,36238
20,49039
15,8389
11,46695
9,9063
4,24211
20,18077
3,5572
5,44028
16,18354
2,5561
12,31997
5,32314
16,39785
19,547
18,5586
10,4550
10,30616
3,12622
2,47664
12,44742
13,38934
4,47483
4,49832
7,32214
13,12957
15,40304
18,15999
14,10622
7,49589
4,26565
5,17117
13,26226
6,44956
2,34151
10,27244
5,7889
2,46465
4,17103
15,1570
6,46172
19,32435
11,47075
10,49298
18,32456
16,47753
8,49779
6,29089
20,16419
1,17972
12,39704
13,23114
13,45871
12,17471
13,34755
15,33632
6,36704
3,15273
8,44157
9,48185
16,10359
20,31511
6,15549
17,9141
11,9149
15,38141
8,2349
6,16718
12,37981
7,43470
3,39908
11,19722
9,27728
13,9374
11,21504
2,39417
19,3222
19,11934
16,12103
18,37680
5,38161
5,47799
9,34276
16,39735
15,21829
9,29717
7,14417
14,8769
9,38549
9,22098
13,34408
2,35593
2,15485
2,29899
5,5272
3,28826
20,827
11,16399
20,41402
17,1565
13,13230
11,7423
14,7654
7,16856
9,28868
16,4631
15,37800
13,37814
5,20239
19,28068
20,6024
15,26425
4,38599
5,45601
14,42102
17,1423
4,1367
12,46647
4,34298
13,807
4,46159
1,32161
13,26910
11,48344
6,27119
13,4266
8,34891
14,45868
19,39572
16,4052
16,12066
18,29566
3,34926
12,892
10,40147
12,14480
9,40691
6,49711
10,13601
9,3837
2,39526
4,3195
2,4973
14,28426
10,19599
11,14509
11,610
16,34623
1,28209
3,34375
20,46626
8,28635
3,18959
19,34251
1,17387
16,6812
3,26105
8,37298
6,8929
10,47252
17,21166
14,11202
11,39497
14,45392
4,8408
11,20979
17,34335
19,42951
16,11594
10,37799
6,36739
19,5677
9,24584
17,31575
12,18465
19,18245
2,41359
3,11483
19,48737
20,10944
16,40398
15,46829
19,8388
12,11520
16,20702
1,37233
3,27234
20,7946
12,47888
3,554
2,36777
7,45249
19,49400
4,19119
18,38760
19,14116
5,39790
5,20596
9,3326
18,27696
13,22674
12,20813
10,29819
3,7525
4,43906
9,25801
8,33341
12,26370
10,25942
7,35669
8,31013
11,4133
12,12391
1,44663
8,34231
8,24045
3,2073
13,45300
9,46122
9,38941
3,43713
14,46008
12,41258
6,37802
11,7473
7,29726
11,31860
20,12351
10,32313
11,25201
1,25571
12,11890
2,43926
2,23388
4,42023
1,26983
7,18847
3,12741
6,37595
14,19417
1,12201
13,11216
13,10647
8,16298
13,11468
8,40641
20,28992
6,33246
3,12481
6,11327
11,39875
15,417
3,42047
14,11287
6,48846
4,48673
1,39742
20,39727
1,36349
6,17392
18,49042
8,8813
11,39490
9,1956
7,31309
15,24475
6,28859
15,35217
17,45715
6,41358
5,27783
2,18049
4,7894
19,35773
8,47848
14,38253
15,23442
18,38526
13,5994
14,21541
20,8944
13,45797
1,18686
20,32799
15,46841
20,47702
16,41930
5,37142
1,12756
11,10858
9,49454
8,22168
12,16690
19,35457
10,1895
14,31221
20,39377
6,17268
8,45076
13,37886
11,12228
10,28506
18,44054
1,25188
6,5311
7,38097
16,40172
1,1983
3,10505
15,46160
13,1150
12,20975
2,10988
20,24439
5,37944
15,7803
2,10019
1,3011
6,17551
3,28449
7,17378
12,27441
7,25782
11,21866
2,15288
19,8213
1,40640
11,23035
19,2795
13,25118
6,2927
14,37466
17,39314
6,23346
11,39861
20,37797
17,45364
4,49777
15,48079
16,39532
13,36158
3,2905
2,42020
4,21703
15,25790
13,34602
7,23874
8,25155
12,18503
4,31141
7,36421
18,16665
17,30397
5,12182
7,35019
4,22498
6,23923
9,22810
14,1257
19,22198
15,27153
16,17237
20,47366
16,36039
5,43436
7,46212
18,39642
6,20347
9,4308
7,44929
13,27391
10,46021
5,25613
4,36778
3,14029
12,3168
8,36904
19,3086
8,25051
19,23383
12,14091
14,10428
4,48384
15,40598
6,41844
17,9711
12,30615
6,19753
15,8909
18,39868
13,3739
7,48987
9,48992
15,47930
5,23636
5,33456
19,11701
4,36728
1,39918
19,40907
10,5697
10,1152
20,20916
18,41209
16,39874
19,14984
12,1805
5,40713
20,25754
4,2892
17,4294
11,26205
10,8587
9,18492
1,27325
20,38542
15,21015
18,31956
7,19491
6,44626
13,21322
18,22879
11,28121
19,32005
17,17771
2,5926
8,40439
2,22580
12,29474
4,15258
15,18582
16,21198
9,572
5,17664
7,30333
11,26443
8,41484
8,16417
18,46959
7,5692
7,36586
10,44378
2,27035
5,6361
12,46681
11,3565
19,42571
10,37463
12,3497
15,7797
7,22739
9,41966
5,29975
1,30547
20,11166
3,49116
4,13571
16,46036
11,21651
20,35722
7,38598
3,49995
12,26821
13,14326
13,46063
1,18360
1,9629
12,43580
14,24487
17,15926
17,38835
5,840
19,8836
11,665
2,26098
1,39954
4,26162
7,15687
12,42378
20,47642
7,30806
12,11294
1,3335
19,2288
18,3164
10,12752
7,25102
1,36888
5,21827
13,13787
1,11752
1,7917
8,38607
12,45575
4,580
16,33542
9,17968
19,12794
15,28747
11,20354
5,28264
12,16785
4,4999
5,3635
14,45343
17,339
20,5851
15,9495
15,3105
10,29929
8,43499
3,34473
6,33370
12,43853
20,35956
10,35780
8,35778
3,6062
9,34281
6,35440
17,35726
6,10864
19,3332
10,36676
18,38569
17,42283
17,26215
9,35767
20,25344
14,16002
19,4296
16,27375
16,27120
15,1438
17,9843
2,31251
9,16171
15,16993
6,17552
4,28097
4,5155
4,6328
14,33011
11,38855
15,29550
3,4285
7,26577
19,48025
20,38727
10,36269
7,15620
7,19946
11,5110
16,42476
13,5074
17,27757
13,38017
12,26127
18,39434
8,22504
17,5330
18,3461
15,18153
10,27306
20,8416
4,18656
15,38206
9,3246
13,23518
20,18290
3,537
18,24295
2,39707
14,37806
9,11164
14,20630
7,42238
14,837
8,9365
10,30394
20,3045
15,13661
8,21137
5,13564
17,11590
3,11501
15,4204
12,31002
8,23075
3,49534
10,19529
4,44841
9,39353
7,37662
19,33237
9,43290
10,46431
3,45725
20,20549
4,31052
2,5758
7,13218
11,41687
20,16174
4,18968
15,31085
11,8663
20,27958
10,44784
12,9621
6,22344
10,9468
16,28172
12,34100
2,24497
8,25054
10,47150
11,42299
1,49356
4,13476
8,15990
18,35154
7,10852
3,28104
17,959
6,47769
12,45876
19,2447
16,42903
7,19763
13,24095
6,36593
11,40079
13,30634
10,15941
11,12807
15,23046
6,38095
13,23043
16,15424
7,36406
7,23666
18,6444
15,42796
10,33016
19,1430
13,16624
7,42921
3,965
7,12088
20,19273
3,40835
19,36434
15,4989
13,48181
16,9201
4,4182
6,23442
9,9309
11,21384
20,26165
2,20586
8,44871
15,41001
9,24422
4,16292
12,2643
2,6491
1,47644
8,4605
8,9664
4,43181
7,24453
12,14780
12,6844
14,29149
7,9856
15,8575
14,11440
13,34931
18,29825
3,23382
4,46341
12,3984
1,29625
7,28428
14,39825
6,7888
20,29093
7,20656
15,28966
14,5409
11,41842
14,29816
7,43577
8,42572
2,14312
5,41164
16,11134
15,36920
12,17396
15,28369
2,3888
3,23308
3,15352
8,24899
17,26593
10,35526
19,10916
12,45837
4,39554
16,41236
15,41000
7,47746
18,3076
9,47965
12,17864
20,21342
4,14178
9,8660
13,29191
8,49884
18,11838
8,9021
11,24015
11,39678
13,4660
16,21067
18,4193
18,11764
12,7295
19,39990
3,46983
10,7475
3,46381
19,28078
19,11038
3,23099
2,3625
17,43481
3,34106
20,34718
2,12301
18,27497
8,17798
15,33577
14,24907
19,48473
6,3720
13,42659
8,42059
3,29595
2,33619
5,10353
8,47304
15,31951
9,29235
12,25431
15,12017
10,29492
7,16238
14,38398
14,37784
18,7025
15,30637
11,26678
12,32961
20,37555
13,30936
7,28137
13,6520
1,42317
17,7905
13,14521
11,1010
12,47671
17,40671
3,9934
12,2375
3,18916
6,14467
1,41148
12,49521
9,19570
16,49905
1,3327
4,19721
16,10465
2,2394
5,40357
18,49836
5,42524
6,9088
13,48438
17,45767
6,49812
17,39636
10,12582
7,3570
2,27964
8,24431
9,44554
19,37176
19,21182
18,31060
6,29063
9,14304
3,1987
17,47733
7,16880
4,47498
20,34541
17,49825
20,19944
16,13145
15,43676
5,49077
9,7478
7,22481
9,6360
14,44028
12,37463
11,36447
9,38947
2,5875
12,33772
15,46244
10,15136
13,18426
6,40136
15,13288
14,24514
19,36141
8,10116
15,17631
17,30554
9,37390
15,36135
12,11957
11,18079
10,20255
18,47279
7,34645
15,46073
12,14124
5,22557
2,23568
13,36320
18,31609
2,33805
7,5329
8,8441
5,41124
8,42739
5,46259
15,42046
3,26106
9,15499
10,47047
11,19776
2,8707
7,36282
2,39453
8,14341
15,13758
6,25526
10,17125
10,16112
13,39796
18,27340
20,32502
2,10068
15,6885
2,26774
19,30031
8,45417
3,22843
14,20854
4,2213
8,5556
12,45499
2,35763
1,2472
3,48606
4,42419
4,13457
1,10768
10,20329
8,31216
9,17444
4,42109
6,33125
11,11271
7,1830
6,28613
17,27642
3,23844
8,41483
14,10922
6,12706
14,12381
16,38312
15,21232
14,34176
15,21990
17,42568
15,18446
16,20211
4,42108
19,8447
2,40024
11,3836
20,42401
4,27358
1,18550
18,22134
9,14172
2,18036
15,47196
1,1682
17,30350
6,43102
10,48222
16,21064
16,43374
8,27657
1,8129
17,11249
14,23967
9,45530
16,33880
1,22665
1,28672
3,34330
10,37691
4,13745
13,31743
15,33135
9,47355
10,23223
8,38634
2,3093
16,48512
14,45701
14,10487
8,17892
4,16271
20,25809
20,5763
12,5944
12,2243
4,13592
3,18838
3,22355
15,9424
13,10943
4,24615
10,1168
1,36914
10,23778
13,19401
3,3342
14,48287
12,39330
13,41975
19,9147
9,43422
1,5433
12,49357
17,35291
13,49910
18,26261
16,44514
9,27706
20,42785
13,9983
10,13267
5,29446
16,28102
17,32579
8,18633
9,10892
8,3225
2,39858
8,44500
1,47969
17,9192
3,35562
17,20814
11,6480
4,12604
7,29141
1,31113
16,45249
11,31710
19,43336
3,22813
12,13875
15,37289
13,43218
13,46726
5,31908
3,19105
8,9575
5,21247
5,32004
13,11316
4,39796
20,27413
15,14848
5,17855
20,4467
11,24705
1,1389
11,10881
5,5378
5,37635
17,13545
18,32660
13,22848
19,28219
2,44847
6,46526
3,1636
20,40900
18,35975
20,46174
16,2615
2,34052
9,14993
16,4904
8,3084
9,38389
19,34854
16,13118
10,31558
4,10373
10,43505
15,18854
9,38166
2,40807
9,37030
12,32373
13,28653
4,40436
7,38674
5,24850
1,7153
9,1549
16,13913
10,31681
4,42385
1,43732
3,35791
18,23513
8,37503
13,45534
1,13449
12,13268
4,8196
17,23693
18,17996
1,46121
15,34627
11,40180
3,12770
4,22927
19,23674
17,44306
13,5014
5,39980
12,4329
19,38146
18,19448
4,46344
16,11747
4,43417
3,38138
15,46006
10,44632
19,22505
4,28261
4,2208
4,10596
19,24470
1,34832
13,46832
9,10182
7,8176
15,23213
16,11991
3,3024
1,29775
20,19941
16,16883
12,14830
20,47337
14,27382
17,43963
13,44958
7,10961
12,20610
2,32792
14,44998
8,2794
3,291
17,12367
7,46248
9,19373
2,16623
11,39776
15,39036
4,34162
13,22733
3,10877
14,19905
20,3325
11,44328
9,34601
1,19517
6,17920
14,18611
14,9645
12,1028
6,20330
20,3811
9,21249
17,8015
5,9596
11,18983
20,35838
20,16055
20,25456
19,18934
19,24405
10,13676
19,1407
10,25060
6,40508
8,14036
9,30712
20,12877
10,1656
10,45652
10,23727
20,39159
15,26181
16,49664
17,46106
16,7988
8,25078
7,31594
11,26353
6,47858
1,46771
15,22011
1,37895
19,48601
18,48576
2,28848
7,17282
13,12634
3,36626
6,14139
9,40434
12,16532
8,29201
2,31366
6,30595
2,31825
13,31374
14,25748
19,36478
17,21407
15,19512
4,44251
12,6123
7,43046
1,12425
16,6572
9,44605
5,20569
4,23779
14,19302
18,2384
16,15186
11,22640
17,21340
16,913
1,36424
2,25642
1,608
18,46543
7,5315
3,3283
14,32774
12,11124
12,22205
17,36221
20,23663
7,8223
15,6944
12,19010
19,9714
15,15646
15,40420
11,34314
11,4570
14,44720
3,27241
1,38804
1,2919
18,24257
12,5136
13,49745
11,9542
16,11880
18,24001
10,8016
15,6747
6,28632
20,37348
19,10518
17,14822
10,39926
5,8507
14,34461
2,26264
7,10017
3,5292
1,39185
4,13634
10,29901
14,22258
8,6633
4,16743
9,17066
6,41708
6,41929
15,16324
13,16044
15,15991
11,31135
15,41132
17,35908
3,47390
3,14611
20,19060
5,45601
12,46405
6,3197
1,11959
2,29406
13,9698
18,2479
1,46876
19,44982
13,11978
20,5102
3,5738
12,44703
5,9219
1,4949
20,23802
19,23848
19,19923
14,24877
1,23114
19,11195
7,5936
10,1732
13,23227
14,14637
14,35837
9,45142
3,44113
14,27093
12,16413
3,49686
3,21284
13,41776
17,32016
12,43118
11,9630
10,21887
19,3256
19,9278
10,25560
13,15712
2,25558
15,10260
11,21724
18,2466
12,34965
7,21582
13,26846
16,16851
16,45181
9,18947
19,36607
13,34755
5,16869
19,35515
10,8069
4,47110
6,24839
17,10842
1,41845
11,46494
10,22929
3,36201
3,507
20,1624
7,7450
5,43131
20,37066
14,33265
11,32020
12,49554
16,43337
16,16106
6,7501
5,38269
14,8302
16,21507
9,4887
18,3236
7,2414
4,22385
7,35681
7,19007
19,17469
10,40730
18,38844
6,48830
17,48382
10,20498
19,26616
20,25579
5,28387
3,2814
4,15701
14,32032
7,48882
9,38343
6,35306
4,42642
16,32559
11,25209
10,10869
8,1137
17,43945
1,28030
2,4978
6,9772
7,41629
7,5308
20,19063
14,45418
16,10434
3,43938
2,11098
14,16538
8,40172
5,25478
20,41618
12,43774
4,19788
13,40408
18,1483
17,16552
18,38152
12,38023
6,42697
3,20869
20,17209
19,13446
8,7185
5,37782
8,1027
18,3690
3,49497
8,34065
18,29454
4,46183
8,7648
1,33918
3,9342
10,13792
7,15440
5,11253
15,21281
3,15499
1,24823
1,29712
1,32574
1,21966
11,46443
9,33580
16,9325
18,5571
9,1903
11,20312
5,24010
16,41912
12,25248
1,12815
14,46199
19,21110
2,33294
18,16425
2,15159
15,24109
6,14546
14,29173
12,21497
13,3187
9,43526
3,38436
16,45217
11,24238
8,32139
15,1492
9,32166
5,12925
6,39279
14,4036
2,15320
18,29896
6,8875
19,30872
18,29837
13,30074
15,5880
14,19642
18,4442
15,36784
2,24043
13,41214
13,18321
6,40909
8,12019
7,48934
16,15636
10,27486
16,35927
17,788
10,7793
11,20742
11,20428
7,29183
20,37033
16,45311
4,15746
3,13461
11,2179
19,48427
2,48064
20,6609
18,20993
16,9185
12,1255
6,21142
11,33253
20,47008
9,1139
3,23493
14,22761
3,20210
11,31580
7,33541
12,32260
15,24260
16,23930
7,30013
7,41765
5,16467
9,13075
19,36309
16,47113
17,26658
7,32793
3,36896
13,26842
2,12183
20,48235
4,42636
2,2047
4,45648
13,43985
18,23504
4,47156
16,30497
15,13131
14,40937
15,21700
13,32545
2,46888
3,11307
4,42327
8,10936
12,34061
20,2479
14,37116
5,26192
14,25143
2,4234
9,35784
9,13722
4,24533
11,26870
4,27502
18,44341
17,13273
14,36347
9,2327
5,14107
14,45769
2,12293
7,13340
2,14192
17,13131
18,39733
12,1084
20,41547
6,7923
3,40695
1,1877
11,48873
18,31681
6,47114
17,215
4,13514
9,4244
20,29647
12,35045
12,47396
5,49707
2,46957
6,4009
10,41757
17,25771
6,27227
6,47600
2,9752
13,46956
7,39799
16,8710
8,22080
10,37647
17,14759
10,35338
13,17082
15,477
16,15813
11,6758
2,5556
20,39496
10,43204
1,46672
17,17247
3,11892
4,40162
11,19140
9,26037
2,33939
17,34297
17,34798
10,3572
18,28409
18,19462
12,8462
4,25477
6,38814
10,43908
18,27479
1,40532
16,11330
20,37861
2,46835
19,48619
5,5891
2,14883
18,30622
18,11716
11,34138
7,18745
4,47995
15,43014
2,42761
10,11546
2,14340
8,28451
11,32191
15,17301
16,7962
13,28613
3,28565
1,17150
4,32965
5,858
8,34181
8,22351
16,31834
3,9687
19,20225
10,16053
20,13153
11,21439
3,1243
1,48340
17,13968
4,49672
10,12380
13,46174
11,41042
7,24205
13,22768
11,13717
18,7693
14,7795
18,10124
6,42263
1,37667
6,40117
14,24084
9,40082
15,9110
6,2198
13,23578
6,39578
4,24531
11,38103
15,40367
5,30169
7,34111
11,33835
6,5157
10,42604
7,20403
16,17989
8,23704
9,21220
13,43269
6,21972
8,34696
9,46619
12,12136
8,30977
10,1527
1,23511
11,18198
18,2433
9,41893
16,36439
19,49825
1,17897
13,33515
4,41329
17,23287
11,45434
8,35517
8,35584
10,42569
18,18487
20,16249
4,15727
7,49444
17,7300
7,10231
3,20234
9,10904
17,38424
5,39288
15,41972
7,41603
15,21666
11,34038
4,40847
16,32883
5,37850
18,44064
10,21098
19,13726
7,26818
4,49126
16,28836
14,14443
10,13867
8,37347
16,32415
13,29381
12,44221
20,41405
20,11250
18,7285
15,4243
15,27174
11,48024
11,6237
4,37407
6,47009
11,15125
16,5740
11,10990
15,6543
4,2336
17,12879
18,39892
6,30647
7,48922
1,38786
8,3086
7,31213
2,47521
8,43224
19,9975
4,35174
9,27441
17,39070
9,5885
20,49903
10,23061
17,38837
10,8035
9,16850
2,21547
16,10794
6,39385
10,45560
12,10468
16,14271
1,13737
13,16430
5,24753
1,38211
18,22088
12,21816
5,37899
8,42165
13,43885
1,24170
2,24018
17,38511
2,13671
5,33107
14,39654
14,9464
7,10712
16,45992
16,23815
12,49959
13,16209
18,16018
17,25746
7,36694
8,49965
5,20792
6,24965
15,48021
8,17665
20,23726
13,8988
14,31152
2,41364
8,22460
10,27770
4,40755
9,42484
7,40992
7,42616
18,25432
15,36317
11,45435
20,29501
6,3867
11,15153
11,9725
4,28460
5,21811
11,1685
7,14674
7,30923
17,26650
8,2204
3,44761
15,36496
2,47029
19,23339
1,37427
10,4769
19,44451
1,31738
6,1788
18,23114
14,32429
15,45345
18,41504
2,12118
3,3839
12,49568
1,43117
13,40247
20,9410
8,48659
7,24921
9,38689
10,41307
14,28538
3,15893
8,39192
13,6591
6,43303
3,31687
18,39954
16,43522
14,28918
6,23761
15,3127
5,22031
9,14634
18,4870
4,25756
3,37675
18,33887
19,14237
15,42733
12,32427
16,24597
10,28521
20,33219
5,15738
8,47882
3,14783
4,5578
20,12308
8,36718
8,8589
17,1121
13,28648
8,22092
5,18500
8,40783
3,24960
3,30887
4,35502
20,33365
19,25493
7,12535
9,677
1,12570
9,14056
8,9581
3,7971
17,5667
16,25507
9,46360
9,42705
18,26685
14,18791
2,46964
13,15662
16,33064
8,45156
1,33051
9,31204
19,29095
12,9407
12,46303
15,25749
4,18655
3,35748
13,46078
2,22864
9,19840
5,5114
9,40275
19,24418
17,16266
19,27851
10,7140
13,22564
9,48203
6,47561
7,42480
1,44021
3,26495
3,32166
20,48819
16,5686
16,33498
4,11882
11,22681
5,15413
19,25111
17,5044
15,19822
16,39173
13,25879
18,19634
19,24067
12,48439
5,15455
17,2194
19,46103
16,31789
3,28039
9,42993
5,16987
18,10178
9,8884
17,49750
16,24461
12,46637
14,33940
17,31828
15,30555
6,14885
5,31754
19,25457
13,8546
7,23729
2,33297
11,18803
4,30643
13,47964
11,49724
10,26871
6,38223
3,23029
1,11883
14,39755
1,8744
20,1071
17,1948
20,31946
1,19445
3,24223
12,25664
11,49378
6,8323
2,38696
15,36499
10,36032
5,2316
9,28288
14,12058
16,12663
8,24152
9,6157
1,40973
11,17143
17,45587
5,10575
5,34546
6,28912
9,3636
8,36324
19,11455
3,37059
15,42039
15,26545
12,20795
6,12257
7,13279
15,7361
8,8238
12,25252
8,28632
9,19297
9,47962
11,48239
13,30064
9,35584
6,37112
6,1385
12,42788
14,43050
17,39996
10,8471
16,20107
4,16292
3,26690
20,8601
12,4645
5,1538
4,4284
15,39961
1,1147
17,3967
2,23894
10,28810
6,32271
11,35700
19,4275
18,21784
5,7371
4,38592
10,42343
18,44833
11,38574
15,36298
16,16611
11,28123
18,40406
15,4008
10,571
14,11708
15,12067
20,21780
16,43636
13,43607
13,11978
18,14156
11,19796
19,11104
8,38166
14,16165
1,28866
3,8482
15,16798
19,37917
18,31676
7,40842
1,48993
7,18686
10,41858
4,465
9,7444
1,22316
16,23966
1,26720
12,45616
1,47561
3,10704
7,46213
15,22377
2,10169
5,18692
4,26386
16,22559
2,38350
8,33394
17,46520
5,34978
20,11320
8,44880
5,44857
7,30735
15,11022
18,29600
11,243
20,10446
6,27682
16,25072
7,36782
12,12496
8,19691
2,6886
9,8652
10,2798
9,4237
18,3674
19,48268
16,33469
12,1391
1,9988
9,27027
19,6575
10,36586
14,24380
9,20739
2,5156
13,9937
9,27491
11,527
15,27326
3,14314
19,48044
20,2474
12,10251
7,5216
6,8622
2,9157
15,25302
9,15801
11,3445
17,1388
13,1641
10,30281
2,47173
4,43849
4,30426
9,268
14,41713
7,48413
19,41903
5,22665
2,49663
17,31279
12,18888
9,29159
5,24225
17,35222
14,41039
20,18568
8,10691
19,9927
19,14719
6,24666
7,9958
3,40668
15,32402
6,44335
10,16530
3,41845
15,19579
10,3568
15,12389
20,27512
13,36956
14,34109
9,46181
4,41428
17,8543
13,31195
10,42443
4,4880
8,39670
10,36357
7,22622
2,18020
16,23955
3,3196
9,9606
11,46326
15,18881
8,35249
3,27101
9,33660
19,34266
5,9731
16,22452
15,14529
11,37944
7,23048
6,18519
8,21492
3,45075
3,35630
8,34262
8,7516
13,2297
12,10481
6,5116
7,42483
10,27477
19,37530
1,1279
3,33736
20,40083
17,8107
1,34998
6,404
1,20617
14,8293
1,22203
6,38566
11,45601
6,9630
11,21139
9,20935
9,37275
9,39033
6,9238
19,9794
12,49619
14,11333
6,313
13,7264
14,27339
10,10962
17,9588
1,2433
7,24958
12,48022
17,37924
19,41047
18,25608
11,35440
2,13361
9,33922
20,21745
16,502
11,38094
3,7642
8,5901
18,40280
6,5719
20,6661
6,2717
1,3445
13,2449
17,16097
8,48128
15,40953
12,28455
17,4058
17,37515
11,32740
13,22666
13,42444
5,38971
16,38492
2,1320
4,19767
20,23592
10,42682
9,45180
18,36812
15,17911
4,47252
10,10212
8,20931
17,9282
3,19854
5,25838
6,16799
8,26047
4,48667
14,9676
14,45055
3,30026
17,25749
1,47120
14,19161
20,42090
15,1348
15,28483
1,36103
5,13892
1,46781
16,16608
6,6753
17,26187
6,7170
20,10448
5,48292
1,24659
12,38359
13,22803
3,2333
12,26106
11,10595
7,24421
3,41299
17,46815
4,41078
3,20215
15,33698
20,33771
7,19508
18,6397
3,29802
11,43462
4,12286
6,33710
11,32161
11,31824
14,34767
18,8158
3,39467
12,29214
4,19876
5,48724
7,39216
8,37911
14,40978
9,11235
1,48221
12,23308
4,43287
5,2299
11,36890
13,9024
2,36766
1,20964
6,8987
6,5178
12,13464
3,40659
5,34482
18,7894
19,40184
12,4546
8,2962
18,47509
1,3535
17,22065
16,9591
5,23971
17,19925
1,22666
13,31889
14,32077
20,19958
6,22929
16,1495
5,49147
11,4594
14,37615
4,2101
6,4423
1,34031
17,46106
6,12392
8,45002
5,49949
9,9293
20,29667
10,26325
6,48642
1,27903
15,1173
19,41614
1,23740
8,1619
18,37292
14,9142
10,29695
16,3998
18,48541
6,38665
9,24100
14,49271
17,16324
16,7783
5,31020
5,16588
12,44211
16,31295
2,8615
9,17877
8,24638
14,33931
17,41035
12,30210
11,22311
11,17382
17,8473
6,43200
7,12583
7,22517
3,21500
16,1811
15,9595
16,5162
2,44507
14,31785
6,41358
8,9474
7,49291
11,26885
16,27890
3,38295
12,15117
12,12173
14,10022
15,10017
3,34272
1,46217
20,34146
1,44662
5,39716
20,13796
14,9559
17,34476
9,33829
14,12332
7,11761
7,8492
15,18012
13,32266
17,36429
18,40373
15,21189
19,41985
19,35045
9,13743
12,39514
8,41901
5,35179
10,44819
20,20748
6,25508
1,10298
1,5035
19,6486
16,1855
11,23253
3,21483
13,2324
12,14548
6,18345
9,40972
5,6172
6,47897
14,15464
10,29837
10,48375
13,19201
14,29214
19,11191
7,5820
4,14153
10,17065
9,29731
18,45537
4,23431
14,7104
12,31988
3,14329
7,35162
16,13716
3,15278
18,40267
19,38955
15,10265
1,40235
13,20189
7,48417
7,13446
20,35951
16,29902
14,832
6,16738
15,40432
8,6670
3,21520
17,7150
17,184
20,4147
12,46515
20,23883
13,17881
10,29497
7,42249
18,41893
8,22696
2,15671
7,2168
9,22954
13,2484
19,28669
15,32390
15,46643
13,31642
7,39170
5,33896
15,44035
17,27895
20,27039
5,27340
13,40201
4,16579
12,12968
15,10331
18,49035
1,39493
6,18802
4,30325
16,9275
12,31488
8,31968
3,1763
8,7146
19,26813
16,5968
11,14365
9,33799
10,5085
20,38500
3,19379
8,20561
11,36833
10,11653
5,24618
17,2534
19,9516
6,512
11,44222
5,27918
12,13868
8,27030
19,5889
1,18322
6,6008
14,19210
12,2433
14,49908
17,44819
6,27869
18,30376
9,33091
20,47251
12,21787
2,2030
14,18931
11,44117
15,49147
19,20412
20,30715
5,45431
11,29618
19,18500
17,19853
19,5637
12,49027
15,3029
20,35991
1,40380
13,23143
10,44768
18,31592
8,24743
11,25133
18,21596
11,35737
1,18160
11,8600
10,3339
15,5011
8,26569
12,8921
15,38341
16,14785
12,136
12,15031
15,31824
13,14334
5,18339
7,19617
2,7057
9,19560
10,3234
1,803
1,37243
5,20357
9,20122
6,28589
7,35273
8,36701
14,30368
4,5548
1,31792
8,2451
1,3833
7,11351
6,23716
15,918
11,41189
11,21458
2,20083
4,26439
12,48058
3,36380
19,39407
2,7761
19,5458
12,7534
2,4502
3,48711
4,26831
13,15778
7,45996
6,5619
15,48644
17,48186
10,6669
3,5383
11,39169
8,7763
4,14229
7,26039
19,47839
10,37217
10,39293
13,22433
20,22361
19,18895
4,24965
8,33362
6,1296
8,30563
4,36789
4,10443
18,41441
6,41572
10,46274
6,22164
3,25220
16,21876
12,34351
7,48506
19,35289
3,20246
10,20768
9,17540
19,30982
2,249
18,6649
14,5573
1,29882
5,48114
8,8737
15,11814
8,8695
1,7893
13,22814
18,8080
3,23901
18,10489
7,36076
19,22378
7,22881
19,49520
18,12256
14,14583
5,15209
6,45206
4,38190
5,22327
20,40056
14,38975
9,49940
12,5327
4,21338
16,8197
13,23627
14,26840
5,41205
15,17060
9,19655
9,12096
6,32630
18,39122
11,775
3,28273
17,18172
13,28307
11,33576
9,3872
20,17428
2,46488
20,45585
4,21870
11,25360
10,41963
18,42797
6,33830
14,3695
11,40592
15,27045
15,9311
20,44313
12,31638
7,25616
19,42768
2,7673
3,12290
15,31733
10,17889
5,11381
3,16419
20,14589
4,45273
16,36511
18,10427
11,15971
13,25450
17,1861
19,30584
17,26207
19,19223
6,42701
19,49730
6,44452
19,5661
18,7438
19,43780
19,44716
4,16831
14,13996
9,37958
14,39333
6,48891
13,22729
19,7665
13,36573
9,37094
7,25144
3,7043
11,30761
2,42210
17,10047
17,30023
1,20134
5,16493
12,47331
14,22951
8,2266
4,41152
5,8318
7,19738
20,399
8,13852
15,19636
1,31391
7,49917
3,13112
4,30023
13,46383
8,23442
4,25015
1,44464
18,41111
1,27686
7,47117
4,32148
10,49737
19,31209
2,5105
6,35957
5,4477
8,13436
18,36714
16,14855
15,38550
15,28046
20,8073
11,39622
10,24463
5,32160
1,33420
6,19942
2,37142
15,49672
13,40253
10,9911
20,47436
19,11289
11,3312
15,17730
15,44974
3,14187
18,43676
13,44364
7,35342
10,46629
7,3897
14,21230
1,47904
16,8899
15,30643
18,1130
18,32300
3,34687
17,6384
13,44348
12,8834
9,13430
10,23474
12,38378
11,30391
4,21913
7,19260
15,19502
4,17047
19,26883
9,9958
2,44545
10,22553
5,4814
8,23289
13,8129
14,48615
6,39716
6,9128
14,14888
7,39765
3,14990
5,1337
1,25249
6,192
11,29655
6,36540
18,30483
3,22888
11,15882
12,14872
9,26633
7,27421
20,34914
14,1286
3,12765
8,21735
4,25280
14,11208
19,7511
6,11372
8,12578
12,17899
8,9940
7,3256
17,41166
19,19638
11,47895
7,41352
4,21576
18,2406
13,29494
7,5630
2,32359
10,23256
13,175
17,45738
3,45255
5,11039
4,26646
8,38781
3,16703
13,12385
18,49507
8,24986
5,40319
7,46927
13,32631
16,22309
18,7039
8,9881
15,6134
17,47549
15,44018
1,39648
17,48834
15,26474
8,36680
19,12903
1,41232
11,14299
18,24542
13,30285
5,48002
1,9378
19,48502
7,13630
13,43044
2,3208
19,7014
20,15110
6,30887
5,10414
10,39780
13,1900
4,624
6,18027
18,38542
15,17603
20,19603
4,7865
3,46226
10,27974
11,9269
5,32846
3,11837
1,2813
6,37538
11,6980
10,46130
19,32261
13,18156
5,24234
16,10663
7,11651
2,1942
1,39570
15,46402
7,46235
8,23492
16,21242
19,11935
7,11153
1,27608
3,43356
7,12279
19,19076
14,44148
16,13405
20,4428
11,3127
7,26009
16,12109
19,22366
17,17612
11,10464
7,791
20,14126
15,21414
9,16068
18,4126
14,26396
4,32692
13,5371
1,16662
11,49735
17,11518
16,39567
18,40410
5,18676
9,30240
9,20712
7,28687
6,5243
18,14983
9,17930
9,43225
10,43998
16,23243
1,45819
20,31638
3,1825
8,22092
18,33943
4,30457
5,11034
14,33815
11,48919
10,21926
16,27043
18,14849
12,9524
10,29444
10,31278
9,36929
18,31043
11,2918
2,24345
4,12501
13,43636
14,3984
18,3242
20,46980
17,5080
15,3487
11,48328
11,49556
11,12217
6,34390
4,19918
14,7356
19,42806
7,31525
12,14245
1,16435
15,17390
2,7085
15,34862
9,33700
18,29462
15,29094
13,21504
18,46887
20,20237
11,47359
12,3855
2,39925
9,32769
14,17596
4,19833
4,23666
7,24432
15,39300
4,25835
10,2741
2,20284
4,15678
16,3477
1,23673
3,20234
3,3932
12,13738
2,47688
18,38529
4,46646
12,35146
20,12981
5,44178
11,47473
2,15772
8,24984
9,3143
10,43506
6,21959
10,12628
10,15025
1,31642
7,19976
20,11332
5,3608
20,13204
4,11652
17,22159
7,46306
16,10049
4,32686
14,25526
9,23481
10,5372
15,17787
3,17906
5,32161
20,8505
2,26179
3,16173
14,41030
10,3390
18,25257
6,4457
19,24094
19,33567
20,47262
1,23987
9,27658
19,14921
5,40318
4,35562
6,11579
17,20428
4,18721
8,33379
3,31440
11,28707
9,14250
12,40453
18,38484
6,35160
18,8923
12,17694
19,5680
11,35166
15,19453
3,13119
6,15016
14,48519
17,17858
16,32990
20,15324
9,10233
18,23573
1,26683
8,25607
7,6885
15,44676
2,19019
15,45411
16,41240
10,45631
1,34750
7,17925
5,25608
3,25925
3,5692
13,25228
13,11714
6,14563
18,4877
1,31445
9,11326
18,14171
14,43838
4,49121
3,46425
16,22153
19,11458
19,43247
10,36673
8,40775
9,7067
7,48080
5,46971
19,9179
17,2544
7,2956
1,27841
14,21301
17,9688
2,15524
1,5741
15,12971
14,20478
12,38551
6,41027
17,29919
9,19490
12,49923
14,43865
6,40961
12,8279
7,31497
8,13803
4,40185
11,48417
14,43959
1,1877
6,2686
18,10025
15,47131
14,13160
19,48956
15,12396
18,36372
6,35783
3,49106
12,34315
19,23761
5,25248
16,5659
8,35612
1,20437
8,8097
6,4281
11,13153
4,27175
20,34655
17,23350
13,30330
4,42909
19,41500
14,4198
12,44962
6,11405
6,10176
3,36342
18,2218
5,26967
19,7304
11,34318
20,48324
7,36998
1,10046
6,39685
4,27649
18,27259
13,37574
4,37329
14,33203
8,34219
3,40890
14,28181
7,2829
10,40634
5,36585
12,28245
17,44157
11,43213
7,28032
16,25991
20,3928
7,17833
16,5473
20,37235
15,14164
17,45314
11,23307
4,4661
14,2782
2,48799
19,13409
16,37446
13,17679
6,49234
9,23585
10,25472
2,20960
15,17117
7,13040
2,29295
2,18512
5,16239
3,40635
16,44832
13,11327
5,28685
18,1911
11,9235
11,24706
5,29350
6,9935
2,1777
8,8321
16,18338
19,12995
16,4865
9,2238
14,33965
10,34673
20,37203
15,45860
3,4361
13,10559
12,46995
5,31096
7,40405
1,2544
20,13549
3,10548
15,2708
18,37980
12,39020
4,11416
19,31912
7,45784
16,21407
16,39011
9,40015
2,12886
8,48001
19,43347
19,6706
19,11519
11,43160
5,7216
2,5215
19,49845
10,12726
2,30652
1,604
19,8137
19,9320
3,8061
11,37960
15,33591
8,43556
14,49722
11,23143
8,9876
12,35457
9,12770
10,37631
20,45296
19,37996
2,29003
12,10484
5,48318
5,38249
10,42874
16,22657
10,23584
11,28468
20,1960
4,13951
9,29339
11,32352
11,2935
1,19307
20,35784
9,37693
14,32344
4,22697
4,45127
19,19457
3,18081
14,32904
11,38475
12,48214
7,44963
1,37153
9,36284
5,18456
5,29357
11,14398
7,10328
19,44896
12,19747
2,46425
4,11132
17,31435
12,28285
15,17745
10,39111
14,14188
16,26828
6,27579
14,47465
10,15768
9,35062
5,26197
12,4099
4,4974
8,4735
1,32805
5,6252
1,31377
3,27533
3,5668
15,46536
20,28131
20,3526
8,3275
19,41340
9,1148
15,25911
18,5247
11,15086
16,43177
10,35730
20,40350
7,7290
6,4048
4,42936
16,3208
10,44147
13,20815
5,29747
6,27838
16,27068
7,43387
14,4493
15,25001
16,36479
7,46617
1,7253
12,40347
13,12037
16,49984
17,48083
17,8813
19,1080
11,47272
7,40635
18,18167
16,7499
3,49998
19,21698
20,13681
6,30373
15,45459
12,6284
11,31424
15,41429
5,19210
1,38780
17,45203
2,39509
8,15692
2,1241
14,49653
6,2598
20,21502
6,13724
19,20361
11,23796
7,41421
4,28785
10,40123
3,27711
3,47363
5,23977
16,45973
5,394
17,22969
10,9554
20,879
15,40426
4,25531
2,30580
17,40580
17,46053
18,48744
10,20937
11,17273
9,34024
20,23518
19,5916
2,26726
12,8553
3,21795
7,3677
13,30416
20,32990
10,14294
8,29608
15,16506
16,10949
17,7453
17,20897
14,45576
13,47099
8,8754
6,6750
7,2402
7,47582
11,5968
6,16342
19,25879
10,13946
9,18490
18,16052
2,33342
15,7402
13,37100
2,14457
19,39469
9,6192
18,35897
10,11368
9,44914
12,30659
8,17881
6,47633
4,34031
9,5465
15,49658
7,12381
3,12474
11,16604
16,38209
17,47900
17,8083
6,11813
14,45814
18,9800
7,38815
12,29393
13,35915
20,10507
7,37904
4,29118
17,28527
18,20969
10,22385
6,39863
8,47913
12,9220
6,24504
3,25631
3,19393
17,33411
20,13326
20,8778
15,4135
1,13975
4,32317
15,26231
11,46734
19,42301
10,18176
20,47045
8,42504
6,42211
14,17162
18,46134
6,10844
17,48102
11,44648
17,30236
6,11858
11,1112
5,42359
15,42171
18,33612
12,20850
9,18604
4,33961
13,1028
2,34333
14,39908
6,34162
8,24139
12,6772
2,48620
17,6060
4,24963
9,23549
13,42142
9,33666
2,36288
11,23220
16,48348
4,15400
2,8774
14,27159
12,32111
12,12363
16,4229
10,24261
20,43765
14,27699
16,1011
7,45639
15,1582
2,10499
4,42109
17,22990
17,41364
18,48646
1,49331
1,8350
10,18922
20,29421
14,17753
13,28331
12,9998
17,44239
5,24245
15,39236
3,40851
6,29632
15,46696
13,47195
14,27372
13,12480
13,15499
3,9040
13,42643
8,16250
14,16405
8,35609
9,46015
13,37839
19,8752
2,8960
12,14204
20,12945
17,4604
8,28081
9,4449
5,26904
18,18091
2,42664
2,21709
8,45709
16,20106
11,31517
17,41621
11,21202
3,10884
6,39967
5,39957
17,36476
8,20719
18,19825
14,42720
14,46775
19,13058
20,19965
16,16380
17,22366
1,28916
19,26011
14,40023
18,3454
4,6190
7,34509
5,43472
14,11787
9,34117
16,31735
19,12327
11,16286
6,27737
8,9858
16,19859
4,19820
12,19862
15,46511
12,7623
12,40508
20,14671
15,49232
3,4135
4,44856
8,41833
2,49510
3,7685
8,12548
3,39600
5,3629
19,36584
16,48381
12,21875
7,39624
18,39160
3,27474
8,44610
15,11654
5,16990
10,29619
19,35218
20,33659
16,11441
17,38364
12,2435
5,1346
2,36002
7,9463
3,10732
15,22145
7,8231
14,1064
9,29681
3,48642
9,24051
9,14135
1,38166
16,36754
15,34220
17,26217
15,31659
2,34429
13,27161
6,30857
18,37229
8,14479
3,38315
12,17730
19,11618
20,3724
16,2328
6,14162
9,24421
8,27984
2,9969
9,21633
4,33348
16,23751
14,690
20,22486
13,5028
8,4910
10,43444
8,26058
4,40912
9,20227
17,10019
16,47469
3,35101
13,30943
3,27169
5,17232
4,3697
11,27938
12,30632
1,15866
5,42082
6,44917
4,36624
20,9519
14,26219
5,24843
16,18001
14,26380
13,9627
11,27209
8,1484
19,1093
1,44492
10,22796
10,28618
13,43587
3,18988
6,45121
3,26580
15,46821
16,2566
17,39793
3,38671
8,39848
20,4510
17,8622
9,42511
2,36776
13,16365
17,18988
1,22241
13,7166
20,38411
19,40318
14,33261
8,30314
2,45592
2,17164
7,2065
14,44199
19,12571
17,42615
6,27864
8,29495
6,34616
1,26221
12,7780
16,30949
14,10300
1,20651
18,4403
19,19125
5,42679
17,29291
4,9904
20,6254
15,30620
20,8186
2,8625
10,35728
3,5659
13,11480
7,15635
2,37698
12,6071
8,17629
7,115
8,49620
1,37531
20,9518
11,29961
13,25861
14,46189
7,49829
3,12400
17,33714
9,24137
7,5737
20,2986
18,14506
13,13127
10,30063
6,22410
10,18539
11,34437
20,46371
8,5584
16,34946
3,36393
13,48551
8,15122
6,30843
17,37339
11,42438
16,44957
17,19900
20,29327
12,33601
18,31518
6,3723
14,11909
12,10408
4,19314
10,20603
14,9306
14,38978
12,41731
14,46267
4,5222
4,9439
18,37590
5,12654
17,3798
8,43815
1,6008
18,43116
16,33055
12,8606
10,4174
18,49841
1,9292
20,40379
20,41818
11,45541
7,39965
15,42646
8,3877
6,17831
5,9221
4,22861
4,7177
20,12427
19,31805
18,10275
13,2065
15,32702
20,13584
11,44453
16,19947
19,21996
13,24451
7,18933
9,46151
5,32296
4,18311
16,40410
3,44097
9,24963
13,44012
12,5464
10,32915
4,47212
20,28981
10,28738
11,38003
7,15990
10,14527
1,12105
10,46977
16,10344
8,7698
20,16565
17,49435
12,12003
7,33222
7,11752
10,3368
20,31839
18,6096
14,13100
9,33284
12,11761
4,36420
8,8576
17,31619
5,48354
3,10178
16,19221
4,47976
3,43058
9,17812
20,19086
3,45916
7,12217
20,40036
15,41873
16,48670
2,653
10,45257
9,18837
9,26733
4,29545
4,1303
15,2950
5,15400
4,30635
20,28701
5,12660
6,2732
20,10615
9,35745
13,34430
5,39972
20,26772
13,40643
7,24881
3,49528
9,38796
20,4211
17,7242
6,37602
6,22833
6,32622
10,3977
9,30517
9,6367
9,39190
12,23334
14,47580
5,6126
11,27725
5,13933
1,46662
8,19546
7,5545
4,1212
16,169
9,41975
18,6976
11,46741
3,2861
12,23639
7,46664
2,1499
9,13393
15,7329
8,10487
17,4480
10,26931
6,40711
18,15949
9,37836
12,36244
17,35781
16,17246
19,47047
15,31256
13,14690
5,6488
17,5413
2,24134
1,49548
7,34090
5,29312
17,47564
4,4362
13,4030
4,22150
19,12642
11,44016
9,30260
14,25590
5,2627
1,18714
10,22626
5,4248
9,41540
13,29663
4,12218
14,38430
19,42705
3,18000
20,1109
8,40757
6,11544
19,10769
8,6438
20,27333
19,34204
8,32873
8,7028
10,28048
3,45423
8,1397
7,38817
3,15918
14,14399
5,5914
17,16962
5,30088
3,30419
3,3780
8,49874
8,11671
13,46059
9,27941
5,46916
20,4980
3,5672
13,38632
9,44747
19,12862
11,45884
19,44071
4,44368
16,40828
2,46448
2,28884
2,22041
5,4703
20,38080
17,38288
9,33628
10,15870
1,18316
20,2758
20,12027
9,40606
13,33753
13,19576
20,28731
8,2791
17,1735
4,8079
2,30895
6,8114
10,46166
19,26401
20,15431
2,21862
5,24399
5,36892
15,46371
4,4083
8,29188
9,42708
4,13218
18,12154
20,27660
3,24009
17,6120
2,1068
2,49323
5,15997
17,12593
18,48724
19,15340
15,9583
3,17409
14,40752
2,18339
7,7666
17,25553
17,8988
20,2477
20,23367
5,43645
8,48842
10,45470
20,46947
5,10653
15,27660
3,35373
4,42713
8,35686
8,34483
18,39038
13,18071
8,3957
20,37506
2,20448
7,20553
15,46021
1,42201
11,22650
7,45452
17,27505
1,35683
12,11298
15,25699
2,49073
6,40266
5,40158
10,44645
18,20532
15,32742
1,29544
8,1961
5,577
2,18068
16,14656
18,2164
18,17922
9,36973
16,11929
7,6332
2,7253
2,40447
2,40591
8,20234
18,24385
17,21513
12,46226
12,965
12,14325
2,28033
4,33797
10,38779
3,36346
16,37379
4,25658
13,22010
13,4432
18,9822
7,48342
7,29277
14,22486
20,39751
9,18843
7,21480
18,37914
4,42151
4,22478
11,35934
8,4719
14,14123
15,2877
11,30052
7,15667
13,25630
3,2183
2,22533
2,36998
2,10139
18,37855
6,16818
8,21663
17,19895
16,13207
16,36243
13,45680
10,40472
18,15245
8,36669
15,29236
8,16736
15,32839
11,17463
6,42600
6,28707
1,37204
5,25944
17,33121
10,2341
14,10973
17,43597
10,22692
4,23953
4,45603
16,45074
20,8055
11,33366
14,14423
2,25811
7,21578
16,29894
14,47771
3,12562
12,37706
16,19053
6,32348
5,36992
5,33584
15,7142
20,41518
15,24007
10,8181
20,39531
19,22654
19,10938
1,2797
12,8701
16,5155
14,295
12,39041
11,26327
3,23137
9,35276
9,39870
2,49511
17,1700
15,40573
18,16744
2,46356
11,17281
13,45861
6,7522
18,45242
2,43477
15,14520
18,30058
19,475
15,35358
5,8665
9,26563
7,44959
6,6049
3,37130
18,40896
20,38713
10,41673
11,25999
2,39532
19,6237
3,4563
4,19869
15,30750
15,23333
17,5701
9,5131
15,47781
13,8898
13,34437
5,11457
1,49556
9,44246
4,44690
2,48909
18,7874
13,3036
17,11202
2,41183
20,13082
11,40700
2,48008
3,35045
7,28368
16,18923
1,20438
9,8004
5,29697
14,46073
3,720
20,27594
16,10763
3,33852
14,34911
18,15583
13,26043
5,18770
4,36012
16,39574
16,19310
17,44201
13,27661
13,13426
5,45889
4,3090
1,46192
1,750
2,45134
5,25258
15,33429
3,29095
13,923
14,2316
2,3552
6,28054
18,44778
1,46547
6,23892
9,22938
14,34019
8,42835
9,34221
19,2536
18,44221
3,48329
2,37919
5,39641
17,3735
4,26552
8,17639
5,37816
14,5371
5,41702
1,17729
6,46802
5,2600
18,12942
6,40422
9,30138
13,21682
5,27830
8,45713
15,19786
4,19514
17,36289
8,20429
13,40594
1,41471
16,4441
20,23397
1,9970
2,10397
15,29532
10,33997
3,40234
19,8919
12,23947
16,22071
17,27159
13,6567
1,49725
18,20558
16,2058
10,47855
12,14088
12,13145
14,22691
6,35552
19,20106
10,11992
19,24641
10,40455
20,47036
13,22320
2,7449
15,1585
5,2942
12,3089
18,41369
14,15678
4,35297
14,26142
4,28176
14,194
8,37709
19,1747
9,21012
9,47020
1,48394
10,12150
19,358
13,13004
1,6210
8,39873
20,12544
9,47680
1,21205
6,12631
12,43959
6,10141
19,42725
18,5578
9,45049
3,5520
4,31237
1,35253
13,25058
1,25086
18,29660
5,4022
2,17406
18,38346
7,44334
9,45278
13,31065
14,21786
20,33627
16,21285
19,13479
5,3117
18,10469
8,25831
10,40597
20,40328
2,34920
1,27688
3,39775
14,12479
19,8702
4,37886
14,6256
18,35517
12,43365
18,23428
4,38111
12,7214
3,37117
7,12795
16,43398
7,5285
16,15711
10,22357
7,16285
14,42369
10,630
11,43543
16,28226
20,20352
2,25996
20,26896
15,41923
4,36046
15,26470
7,15352
12,14409
7,32781
17,26333
9,38302
17,40546
7,36160
1,412
14,31398
4,39163
2,20221
7,43973
16,41678
7,14766
10,36629
18,39817
1,49486
6,25721
12,2163
1,21946
4,9913
1,48138
4,38580
12,12378
15,20972
16,12040
17,35202
5,16903
16,41707
10,21178
16,32502
1,22238
7,5093
12,3117
13,32207
11,32872
2,47473
20,24862
5,1175
18,2404
4,5986
10,42594
11,22467
6,4277
5,36763
3,20996
18,34655
7,689
4,13394
2,26202
2,30706
5,18258
1,15995
6,13551
8,3613
2,39709
11,15225
4,11899
3,45368
19,36038
4,26070
11,3800
18,36921
4,28290
19,12420
3,18349
15,36339
19,16247
1,8043
4,2521
20,16766
17,36282
14,17642
16,43540
14,48705
6,42602
16,14320
10,34092
10,29829
3,41232
12,43616
8,22759
8,16753
5,596
14,42645
14,48314
6,44519
1,42386
7,32394
11,22082
1,4489
13,25230
14,19432
4,3471
1,10948
2,36620
20,49176
17,31473
18,37215
10,12657
8,20824
9,21668
6,8272
18,4775
13,12183
15,34970
5,23669
19,7497
11,37512
3,45728
13,34549
11,34869
2,13918
12,5093
1,24749
19,12321
18,9564
18,36638
14,40158
14,38109
5,44996
17,17195
20,25470
13,1622
7,47219
10,44440
7,32268
10,43148
16,31177
2,2941
20,37501
12,16364
1,3590
15,38519
20,8584
19,6519
3,20104
18,49444
3,48877
11,30441
16,16596
8,36149
13,26427
17,18537
12,38225
18,6794
15,19937
19,21503
11,3486
9,26148
10,28914
17,45068
4,36690
12,32460
17,13181
10,43545
12,8001
17,48109
14,29146
15,43796
16,29213
5,45564
8,3979
15,1370
6,48598
5,35276
7,39604
19,23539
5,17134
19,39869
1,41134
6,25038
2,29851
20,20017
4,204
4,34695
2,20030
7,30679
16,46627
19,33552
19,25504
13,23842
2,16217
7,2128
11,20331
19,43148
10,28483
1,4284
12,10045
15,26818
12,27974
19,25763
8,34784
8,32816
11,12222
16,17532
8,42514
4,20527
5,32811
7,4179
16,29599
6,36430
9,41983
17,43076
20,18981
10,41846
9,49457
20,47806
16,10062
18,130
9,33259
12,11269
4,44234
5,15575
13,25112
6,36321
3,11168
13,21343
16,35038
18,9397
11,17038
18,34074
15,29083
6,14390
8,3493
17,28470
8,29965
9,15778
12,39332
18,6870
19,40058
20,47461
19,47257
10,13354
1,38552
4,43783
1,989
17,35521
2,35670
5,33501
19,16952
14,35169
3,38362
6,17194
14,16612
18,31394
3,25768
5,16529
20,39820
10,15201
20,39232
10,39768
14,13428
2,21583
6,43889
12,44332
9,13741
15,18256
5,15883
13,22844
20,15901
11,13333
1,30804
18,36639
11,4805
11,28870
5,4240
10,15871
7,18954
16,26804
18,43804
9,9321
5,42463
12,15753
20,41278
4,39050
8,20871
17,8454
4,22847
12,7584
14,491
5,6870
13,16606
7,40259
18,46352
19,48540
18,19251
2,40223
12,30082
7,36177
4,5087
6,39660
20,32117
12,24750
12,24274
20,21095
5,36598
18,34441
3,27640
3,27963
16,40559
18,39785
14,13599
19,7477
19,21177
15,31084
11,45382
9,4963
13,42045
17,10082
9,36363
7,24572
16,3881
2,49315
20,37901
13,14914
1,32187
18,20170
8,20204
2,41933
9,43026
10,11966
15,6684
2,38401
14,41458
1,44556
12,6668
12,43742
6,26888
19,47486
4,48426
5,19162
10,30409
1,17878
2,46919
15,37183
19,31587
17,20076
3,8598
6,23242
10,2020
6,19663
14,16670
16,44289
7,13271
12,39455
4,11275
1,27240
12,49600
1,26686
17,49920
20,30679
13,25665
7,40272
13,45617
9,31931
10,23184
16,23468
20,45755
17,4783
15,1217
18,22033
2,1670
19,27127
6,30305
19,37522
17,47559
20,39896
12,26263
2,4077
4,873
5,5175
10,25847
12,8201
8,38219
9,19630
4,43676
15,45384
2,41678
14,10083
14,9648
18,13716
11,37248
14,37122
5,46592
15,48191
1,38948
2,41668
17,43025
17,12363
6,10390
13,45314
14,34002
8,25522
1,47258
20,10319
10,41495
14,28921
5,27613
8,7810
5,35750
14,7978
17,30794
5,43760
1,48863
6,48525
5,1855
5,18653
19,16447
7,21222
9,48623
12,33265
17,22260
20,16751
19,24825
19,48204
10,40158
10,39204
2,46008
19,33461
3,28746
3,36416
15,1141
17,15095
19,39678
15,49663
9,29655
7,43263
2,1722
3,186
12,48867
1,21799
11,48506
5,4866
1,10996
9,3761
5,21684
6,10642
15,22245
16,29174
19,11301
19,11623
13,32768
13,25410
16,35289
11,34908
14,46462
2,36688
16,42903
6,36350
18,39696
13,43551
2,21512
17,41197
8,17149
16,5001
17,11584
7,1454
2,47811
11,8160
17,6987
16,33722
13,42044
13,35241
10,32565
4,9818
2,43171
10,46065
3,34516
12,46641
5,9019
7,22399
7,45146
9,12322
5,36349
3,40224
12,11428
16,12601
15,39359
18,18731
20,44018
13,10075
7,2119
8,11968
17,23614
5,18916
2,47298
13,41114
5,10318
13,4912
19,40358
6,43617
4,18545
17,46357
13,27130
16,38739
5,14020
4,14054
19,21289
2,25285
6,23714
20,22222
2,13590
17,6650
14,31491
14,23532
17,8807
9,36901
10,28101
15,42550
3,26980
14,46698
13,18465
19,36751
3,19084
17,22374
2,28287
15,12446
20,4398
15,19430
15,9887
20,36031
9,35522
14,7611
14,36468
8,49347
14,45895
10,48823
2,6258
8,21453
2,37452
11,40217
2,20205
19,41987
5,24815
5,1658
11,5119
3,27762
17,41276
9,14817
1,47101
2,31587
16,8283
14,29459
11,44525
2,34710
8,7103
13,33142
9,594
6,43595
13,5696
2,47360
3,11819
11,46606
1,37352
18,47932
18,13795
2,45015
8,13033
15,31399
2,39369
13,21761
4,3353
1,18338
5,23062
4,10047
8,33196
9,20910
5,22193
4,12777
15,17314
2,31168
15,18731
14,20547
20,47811
16,46422
8,12570
18,37114
3,3582
16,29535
20,43037
1,47861
14,29670
1,45393
6,6646
13,49699
8,6838
20,36619
12,20991
3,25895
14,14490
15,36671
1,9717
8,26072
18,44976
10,44710
18,22009
13,39129
15,38466
9,1112
19,48087
15,1225
20,32357
16,33162
18,9899
1,12941
1,33240
3,34975
1,23713
5,7994
5,43414
20,10867
13,11545
6,46136
14,15455
20,26689
15,40923
7,32159
2,1909
20,30435
12,12705
4,29075
18,28442
4,37645
1,39935
19,35871
20,28698
11,12699
8,37472
18,21615
10,1751
10,29077
9,39499
9,13758
16,6536
12,7195
11,24133
7,19355
16,37745
15,44368
1,22926
7,6205
8,43536
15,7747
3,27741
4,34895
10,4006
15,18402
8,11437
4,44651
14,25294
11,27628
2,26521
20,8125
4,2186
16,43613
5,26869
6,15854
6,10815
17,3385
4,31882
14,26000
16,24364
13,14518
1,26704
10,6617
3,30557
18,43947
15,37767
15,31050
11,48237
6,6900
19,12330
14,11496
14,241
19,31596
20,15361
9,38160
11,1822
7,41614
4,21463
17,35814
8,591
10,8473
15,29861
11,6824
11,34964
20,39179
9,4380
20,31716
17,11041
7,21385
9,38085
2,17255
13,21936
12,25003
20,18425
8,36166
17,31589
3,17184
4,9705
1,23534
2,37811
11,20892
18,37307
5,20451
17,28707
14,41917
5,22505
8,20502
2,21569
10,42400
15,8764
8,21045
15,14794
3,33711
16,39725
3,977
6,18783
12,37978
9,48667
4,27038
9,48371
16,11361
13,25366
5,47681
11,21039
14,749
17,30698
11,26663
8,35358
11,9146
1,39047
12,49519
8,47184
2,7899
17,1961
13,37903
16,24081
5,27713
12,3429
15,12320
9,6555
18,42278
17,20917
16,49615
7,31171
19,13374
3,28440
13,535
17,123
12,19728
15,28933
1,5023
20,32592
4,19837
8,38832
16,5678
20,20832
4,41385
3,8979
2,30627
7,28930
6,22853
4,35057
1,30614
20,10689
8,31807
20,32312
18,38537
20,9445
20,14612
4,35914
2,12478
14,1269
14,43926
13,26555
10,13774
12,19713
10,16396
4,12276
9,33381
18,6679
15,5358
6,42912
3,23252
1,16249
17,41827
6,17621
5,34410
9,5830
15,33542
2,4881
1,23603
17,36882
18,8192
1,20540
1,42388
4,44152
16,20208
3,935
5,35342
14,14627
16,43731
2,38674
12,40707
2,14011
10,31526
2,22505
14,39314
1,1935
17,30410
12,26433
16,17768
2,34442
13,42557
19,19222
11,20558
15,23907
13,18555
8,3307
3,29234
7,8728
13,45932
5,47488
5,39438
18,37041
4,17674
1,42663
8,27391
8,19170
2,25768
18,7576
4,9034
1,1620
10,35051
14,19363
20,49425
2,27267
2,30503
8,29029
14,4478
17,13674
3,9186
12,46823
18,3997
20,10659
19,9769
6,36530
13,21293
4,2850
6,45689
20,46132
8,14163
2,26751
19,32949
8,40298
3,9803
13,29727
19,17566
9,32276
4,26025
14,40190
19,24095
13,31344
14,34890
7,15661
14,29625
19,8894
18,33204
9,13617
1,40115
8,35380
20,28471
9,12380
9,7183
14,3690
3,47699
1,39910
20,45352
8,4305
20,21725
18,11723
18,37836
20,13312
7,43931
3,38238
1,14451
2,17661
7,9504
11,3498
2,3756
1,20591
5,198
11,29688
14,32019
20,7860
11,39985
10,36987
3,26288
15,33393
6,20280
14,31046
13,11650
19,22688
1,32440
4,5082
12,30175
3,28324
20,45939
15,2704
10,9910
17,22812
12,26506
12,30200
11,42930
13,25057
13,39422
1,24997
8,13305
11,8649
5,7600
16,43528
17,16401
14,15577
11,42375
8,10767
6,8656
20,37716
14,47196
12,1274
13,23156
16,41718
13,6077
1,42920
12,36332
1,45785
16,14982
5,6161
18,27927
12,27815
17,30079
9,7944
7,9747
6,19755
2,4256
12,15454
7,45354
17,1810
5,46655
18,15403
10,37729
15,2143
7,39310
1,26222
19,43138
2,20261
17,49112
3,20467
6,8488
2,4894
18,32398
5,10138
10,40877
5,5137
12,13802
19,25389
19,17780
5,28208
20,31212
18,36911
19,20964
2,2859
2,24249
16,4620
9,35620
16,16204
10,2210
7,18754
14,42574
16,13671
5,48312
7,46880
12,18929
5,31966
5,19297
12,17245
8,40745
7,44195
17,17611
14,11868
18,9526
12,7745
15,33707
11,25907
8,22400
16,45912
12,7610
20,49074
18,25935
4,1692
1,22996
8,41225
16,45852
2,40008
19,23266
17,26359
12,3883
3,26950
13,3184
11,25664
4,22000
8,27182
20,41461
6,25838
1,39505
18,45995
3,17128
6,44418
4,2283
6,25213
11,48906
20,35043
11,44152
6,5889
8,28125
7,17591
6,13024
12,45189
4,374
16,30515
9,34247
18,5663
2,20850
5,31581
20,9298
10,6401
9,25861
18,1716
7,14930
6,15885
18,38329
12,42911
20,15552
17,41905
2,45393
7,29574
11,36414
15,9447
11,15856
4,1479
8,26421
16,7406
20,22556
18,34789
17,787
10,18703
9,4693
1,26548
10,2012
5,10206
11,39233
12,11457
11,5382
8,12052
3,48106
15,32180
6,17724
1,7212
16,31425
16,33987
19,14276
20,25541
2,34451
14,24275
1,20374
6,18207
20,35682
13,35908
9,36072
3,39594
10,36913
11,25423
2,8428
14,37352
7,37503
9,5632
6,25867
6,19788
9,5279
9,475
9,24159
16,21174
8,46966
7,31443
15,36074
6,16520
13,8933
6,9467
14,31626
17,43986
15,7074
10,8851
12,40377
20,12672
18,44986
15,393
3,3621
10,18830
14,28518
1,25275
13,42553
9,44970
15,28629
15,33034
16,15533
17,30264
16,6330
7,40233
8,36043
11,11403
9,13207
5,6371
16,49389
8,17695
20,37776
4,8310
17,13694
7,46312
9,37562
19,30711
7,11288
13,31593
16,14157
9,45072
3,11843
13,40770
9,49782
3,44690
7,2888
12,6576
4,2923
18,24808
17,38705
2,5877
1,21113
16,15816
3,10183
2,6887
4,39329
16,44888
2,1915
12,42749
5,20703
14,22736
10,49550
20,49213
18,12214
11,24478
18,17061
12,8341
4,43571
7,26561
10,3056
9,15125
18,4821
14,23398
17,44443
19,5084
3,43117
12,11173
1,27482
1,15824
19,35298
16,19952
7,404
12,49162
11,22204
5,20476
19,27273
10,37204
19,37119
20,31451
14,10748
17,701
2,9161
17,36177
3,16431
1,13780
16,26797
16,17004
16,16235
16,32152
3,37588
1,46189
12,3482
13,20074
5,45701
16,45778
20,11279
20,38390
8,23033
13,22131
1,45159
5,45473
7,25368
7,23284
12,42083
8,6948
15,46457
13,13812
9,39914
6,38211
16,13937
9,9194
6,28236
8,13984
20,35530
1,9565
17,36634
9,34887
7,2015
7,14205
12,3276
7,42247
2,6864
14,14183
7,8112
2,23305
11,48105
14,45011
1,19013
17,20754
2,25224
17,35979
10,5163
15,34868
15,19184
11,46452
15,14769
8,22855
12,23581
2,42686
11,10715
7,5653
12,25544
18,47568
1,28937
17,12660
9,12315
20,16001
12,44707
15,47997
9,38252
9,37732
18,4574
10,5239
6,3777
7,19141
16,47571
8,22919
6,18682
18,26668
20,42427
3,29996
19,31465
3,48982
4,21746
1,41249
20,23473
9,31658
18,33602
7,7965
2,32203
18,9599
20,29572
8,28529
8,41949
18,19770
13,36803
1,11574
18,13324
17,27887
14,19675
19,16560
12,9717
1,49109
8,13410
18,2663
13,33544
16,433
4,17769
14,483
2,6972
14,42493
6,49973
13,44713
12,19141
15,30252
12,814
9,46559
1,15352
5,16147
7,26960
18,8058
14,17764
6,25310
3,22085
19,19943
14,40664
11,7340
18,46860
18,19045
11,2449
16,24463
13,21091
12,15300
19,11478
20,10415
18,43884
20,1085
3,44727
10,29617
8,13272
20,23010
14,3159
7,8853
17,10599
12,3045
18,4943
16,2737
9,40695
10,13477
16,35877
2,26207
1,16533
20,3596
19,5202
19,27691
13,24056
15,7266
18,6265
17,33281
13,11363
9,8867
20,20858
20,19508
20,43828
5,26259
1,8046
2,25269
16,24490
14,15292
10,39928
9,36727
1,41104
20,11757
14,28042
5,49861
1,6229
14,1325
15,10870
19,21164
4,29225
20,2520
20,43180
2,10477
13,37148
14,38346
18,596
14,5162
18,4963
2,7589
15,43991
7,30509
7,27650
10,5784
11,37832
9,15312
17,7717
8,6298
11,49825
9,24858
9,46759
1,26192
18,46936
5,8264
19,40290
14,47311
6,22936
10,17947
18,12603
5,48823
16,45610
17,11885
12,43890
16,32506
15,16776
5,10895
4,19691
14,11407
17,35822
6,42937
10,31661
13,21676
7,10299
5,11753
6,20726
6,4334
8,19346
16,5926
2,5725
16,4740
5,18515
3,34178
3,31660
1,12251
5,26705
16,43953
2,1977
14,47304
13,29300
15,39159
3,30347
3,40710
14,44893
10,15503
19,9024
19,1953
20,30634
7,4495
20,47238
14,20919
20,8270
12,31532
17,25503
15,49631
18,7887
19,6506
18,38352
7,36448
19,25269
10,37090
2,46881
16,5834
1,37429
17,22638
18,49362
16,22474
10,5339
3,41527
1,7198
16,36897
9,4457
5,5941
1,28296
14,48698
2,47235
19,17826
10,25893
19,49196
9,47588
14,13836
6,29060
10,12059
11,49739
3,8446
17,34783
2,39294
8,43947
20,3085
14,28070
10,26253
12,49866
19,21666
2,47995
15,22224
11,31624
1,13586
17,18894
18,23014
7,3233
14,40086
15,31240
7,12452
18,2032
11,12567
15,3886
11,44539
19,9376
19,44450
17,15740
10,8246
15,37837
2,6509
8,49896
11,37680
10,36952
2,35709
1,2859
12,41716
7,37734
10,34343
18,26882
20,30656
10,21471
6,28494
1,44543
2,15026
15,38196
19,15726
5,31737
19,15001
6,14804
12,18739
2,10005
2,41747
2,14899
17,26502
10,30754
8,13185
20,32992
20,47098
18,20531
18,47165
11,8783
14,41659
17,43339
5,30282
5,7076
2,25241
11,14877
13,18570
18,9692
6,14477
20,2629
13,11054
15,7805
13,19473
3,16152
20,49999
3,37794
17,33434
11,933
8,22299
4,2760
4,49381
12,34093
5,35329
14,38425
15,29785
20,30053
5,16437
12,22328
2,364
9,40825
11,31436
11,41640
11,17490
6,17426
5,16670
13,44087
14,6102
19,7625
11,17133
12,36774
16,28322
11,31994
8,3303
8,44365
13,41009
2,47622
4,4585
18,42088
5,47619
15,40900
7,1013
20,23069
8,18296
11,15900
4,43006
19,33172
12,42078
20,10509
6,34580
2,22671
20,39803
6,7417
6,48540
16,20827
7,4627
20,8643
3,8606
13,41045
12,43395
16,3543
8,7209
9,42423
2,49931
20,11070
3,38717
14,28981
20,5622
10,2050
6,43194
15,33936
4,46455
7,21102
4,48011
17,23996
6,7799
19,26674
1,22638
13,12455
17,25451
15,41251
7,17211
5,10570
4,6318
3,31275
14,9867
8,14587
18,30143
11,16720
18,47643
10,16536
2,42341
6,5139
9,44960
18,13120
19,37525
6,32342
8,38698
20,10870
18,2338
20,14398
17,32036
16,42977
5,2280
3,31520
7,40409
14,46765
20,2615
3,16601
12,28014
10,18833
12,24114
14,39175
19,9673
3,14264
7,32472
14,14976
16,12390
3,20258
4,23999
2,18997
18,11206
3,21458
16,5489
6,33263
1,8250
13,6221
17,29637
20,21835
5,49682
14,40761
17,11689
10,36930
11,44262
13,31552
4,14008
5,45843
16,21874
12,34959
6,47344
18,6633
1,49634
12,13575
3,688
19,33435
1,12388
12,46798
4,21249
5,49798
5,10933
9,38967
8,20922
12,18227
12,26726
18,49556
3,21904
7,6948
9,2692
14,9092
12,38839
11,5955
1,18334
2,48729
19,3117
12,46530
12,18200
13,17209
12,46314
5,28149
11,9609
15,2353
19,39698
16,4462
18,928
8,1036
11,24205
18,544
3,13034
15,3769
1,40232
2,10725
14,46857
15,48922
5,27089
16,41403
8,1290
9,4929
13,1527
18,30322
9,11249
9,11770
10,9185
9,26305
11,854
16,25469
5,5823
8,40549
20,2000
1,48952
8,32364
5,20618
3,47428
4,36519
19,38611
20,18416
19,3509
10,5194
7,17436
15,27112
2,32701
2,5032
7,29881
5,7035
19,11769
7,29731
1,26463
3,38615
20,25127
5,48020
15,17353
20,34276
6,47277
19,10385
1,14497
6,10862
20,46408
18,40177
9,24535
9,15839
18,44732
5,10454
2,38561
7,29032
12,19922
12,17118
18,5376
4,1338
16,19411
8,42744
7,32250
5,202
5,46733
9,10796
1,29346
6,1097
14,40318
7,13335
6,17120
1,39948
13,20363
4,13579
3,14797
16,35289
8,13538
11,16149
14,41876
20,29058
15,33053
18,28198
17,38211
19,18491
16,12312
1,45172
20,17801
20,943
2,39660
17,26307
8,32992
19,44560
10,7024
13,1840
13,15547
16,16903
16,23470
15,334
12,1408
13,40458
17,28941
14,33168
12,12691
16,32425
5,4954
2,45215
2,38850
13,26547
15,30122
7,8267
8,34763
1,47474
6,11047
11,36029
18,1738
11,3903
9,3476
9,35635
15,17555
16,43670
4,49547
15,9671
2,6713
16,42866
18,9006
8,1875
17,30436
17,21179
9,5998
9,25312
6,6845
10,45336
3,49420
15,6874
4,24888
19,43034
2,171
19,33649
12,27259
9,18026
2,49311
4,43073
5,21331
4,9353
15,20246
10,16117
10,34745
10,37062
11,22444
6,22454
11,42952
1,44091
3,6120
17,8201
11,32642
5,49681
5,45149
5,13453
20,12553
5,2129
1,43188
9,38032
20,41308
3,29186
9,14442
18,49105
3,25862
5,35302
9,12772
5,18697
4,15279
2,20574
10,38785
11,35388
16,40256
15,26670
11,19739
5,17796
4,17337
6,41179
20,16472
17,12579
4,37137
9,2271
13,15174
9,21702
6,14877
7,37444
10,29471
7,31474
4,25058
19,33063
13,38265
11,26825
6,32747
17,31159
4,15715
1,11592
17,37237
1,13398
8,7125
15,402
2,41416
1,14666
7,11963
18,15172
20,39750
10,1567
15,16645
18,18091
6,2940
13,26477
3,27090
19,9892
9,37911
7,3578
1,24743
17,26161
10,15052
10,1296
13,26605
6,49788
4,27161
6,4630
16,48397
8,40086
5,18832
19,34597
4,35556
1,23094
5,49332
3,27360
2,8395
14,9924
4,546
18,18708
15,35011
17,31575
16,17963
2,28917
16,15609
5,16464
15,24351
3,41089
17,3355
20,4871
7,20836
2,40381
10,35784
1,15791
8,9889
6,32373
19,2409
16,37599
9,31535
12,15169
17,45870
6,47451
14,4763
18,27172
20,16642
14,26933
9,43052
5,23251
6,19123
7,36852
6,30657
3,10724
20,23728
5,25667
9,17470
16,4148
9,36077
11,37176
5,32575
14,37737
20,37022
20,26388
17,23323
8,3051
18,12359
5,42422
19,2029
4,683
19,19823
13,22812
6,46096
19,23031
11,13384
20,22431
1,39599
3,22802
13,31283
20,41119
2,47450
14,15551
15,28993
1,7781
16,47758
8,37670
9,26353
15,27778
1,5746
5,11209
6,8052
20,27609
7,43923
14,29251
4,20217
9,47635
20,49376
14,22620
9,35490
2,37212
7,47894
3,16793
6,36054
16,26205
5,38227
17,29277
12,4509
10,45859
7,38049
16,13289
1,5907
8,34535
12,6072
16,3626
14,19419
13,18795
16,49830
12,46040
9,28041
8,28594
9,30896
6,34882
13,19245
14,23094
2,38185
12,12590
19,43828
12,36814
16,9469
15,37407
6,7175
4,16783
2,13754
12,32954
14,15564
20,37395
8,27596
13,37486
5,23093
20,26198
16,7521
7,18864
13,17927
20,25553
14,4927
13,49181
17,34049
18,30213
2,17646
8,12966
19,43805
13,29858
4,17137
20,40017
5,1788
15,21127
16,21685
5,15922
11,21204
11,25870
6,11804
3,26808
6,6692
19,687
6,7210
12,7311
5,18117
11,46764
14,44557
1,31693
18,25199
20,5767
17,44783
10,48560
2,30043
18,27264
20,18477
10,40051
4,29251
4,48990
7,1531
7,35369
11,45768
8,31983
12,1551
7,6024
4,9999
20,43540
5,19950
18,43411
16,7652
6,42058
7,37563
14,45965
8,37753
14,9716
12,41637
1,5178
12,7604
4,26466
7,42838
5,28609
2,7961
4,47115
8,1850
17,6978
1,13221
19,33502
3,46849
9,32607
2,2116
7,37169
20,4044
8,14773
7,42998
16,27311
6,35874
17,26672
7,21060
12,40477
17,36540
15,8966
6,1634
13,14448
13,25854
1,18373
11,34428
2,46592
17,21803
3,32663
13,7817
6,23769
12,9010
20,34861
14,36339
1,15906
10,19947
19,35521
5,5110
11,25609
11,30397
12,20472
20,19339
18,5635
13,48549
19,22834
6,1688
15,34546
15,48779
6,29333
11,38647
9,20221
13,3585
1,4782
2,43789
4,20126
4,47802
18,32236
1,41913
9,3579
14,49110
3,7748
18,43276
17,10342
9,47266
4,28395
15,28518
16,10347
19,48724
15,14552
8,39312
19,31496
17,27962
17,21878
2,48635
16,7520
10,49726
12,42437
15,9375
17,38202
4,38407
7,12161
12,29609
17,28061
1,17742
7,7856
13,30069
6,44933
8,9336
17,33944
12,41361
5,3858
20,9462
6,49538
14,34553
10,35404
19,5761
7,41227
10,36842
10,17407
19,4537
10,17360
1,47154
2,906
19,20982
8,17123
13,10550
4,47158
16,37697
4,10299
15,13988
6,3455
6,48945
14,41102
14,3546
13,30229
18,5798
1,37445
15,21983
16,18509
19,45836
16,17098
19,35154
11,9941
7,8024
7,28831
9,30731
12,1772
8,711
5,14334
16,9750
19,9823
7,6216
1,33092
4,37325
17,5493
4,29254
11,37027
20,29348
3,28399
3,15498
16,44131
14,4781
3,42662
3,46423
16,26834
17,18749
20,44743
12,2132
3,6322
7,35182
19,5884
4,42859
19,8142
17,30644
20,17430
19,48657
12,7651
10,5235
8,13198
19,8136
1,5054
7,41727
16,35612
6,38795
9,19012
11,26320
9,16309
20,9036
17,40682
13,14347
13,2573
13,9522
11,26537
20,7207
10,23681
8,7236
17,37638
2,28856
13,34263
15,13756
6,2536
4,7242
17,37521
8,28796
17,27318
7,38243
12,40698
17,29457
7,43142
18,33965
16,35909
2,2877
1,36604
17,43639
18,1478
9,30352
16,16906
8,24676
11,26941
7,48362
12,8910
14,5467
17,25117
6,5588
14,28158
18,22614
8,47708
20,17092
5,8280
6,12894
19,38826
19,29861
11,5800
12,32505
10,23987
7,20917
18,44104
16,28232
17,17813
9,22721
5,32928
12,29977
13,7480
3,15576
17,8985
10,18699
11,35682
9,30930
8,19098
1,28941
16,29304
5,46833
18,43448
17,19026
5,14090
3,2021
1,29050
1,35283
1,35739
19,15503
19,23173
14,46648
1,40576
8,8405
17,2197
9,31617
20,35337
4,19101
14,9173
5,12999
19,28485
19,41802
18,20306
11,13636
18,47190
18,43089
12,31396
14,17914
15,22363
11,16964
10,48434
20,8359
20,21658
16,41678
2,31091
7,31830
6,3279
4,9155
11,8903
5,45851
6,40994
15,31457
10,3638
16,19651
6,27291
7,41049
19,35295
5,33874
6,2019
5,45035
15,24315
2,15191
19,6785
11,18187
12,41057
10,34337
14,47287
13,3722
2,189
16,16975
2,21116
11,42395
9,29056
13,40142
17,502
7,49268
4,47725
10,49883
13,8008
16,25847
9,36228
1,7798
15,8054
3,15310
14,48558
15,47700
8,20988
20,36073
5,38231
3,14818
9,29036
14,2026
2,5521
19,12713
17,3813
9,44678
3,46344
5,28045
12,22336
5,2974
13,30560
18,49108
2,36591
13,49705
12,37233
6,33931
6,27027
13,18780
12,45050
20,47184
16,39954
1,45523
5,35603
15,21976
9,32360
8,11483
4,36337
3,43540
19,40454
12,22048
19,7732
3,21576
4,34583
17,46636
5,6663
10,21547
8,1680
20,21520
10,8570
16,19264
16,27939
1,34067
17,26665
11,38374
5,40094
8,48625
18,23887
1,24931
19,2231
11,38346
18,26845
8,25340
18,13584
3,30652
10,44568
7,11629
11,3919
7,20221
20,32492
4,9472
2,6620
18,32722
13,16386
17,16117
14,513
7,14258
20,3091
12,35569
14,27460
7,36982
3,27800
13,35046
13,8020
9,2952
1,12115
14,14298
19,26495
20,27333
17,14904
14,27811
18,13890
11,42438
4,19364
18,21049
12,49755
12,45793
16,22977
7,13014
2,14528
5,49465
11,20595
5,37582
20,7332
7,47053
12,46873
18,12075
15,10220
9,12953
13,28565
2,44493
2,45845
4,18394
6,2027
20,44208
2,10830
3,11039
4,23940
18,8528
8,18223
6,18062
20,25883
20,41321
14,22474
11,13760
2,41245
4,12971
12,24034
14,13290
7,13036
19,49801
10,8189
17,45291
8,4098
19,9634
10,36159
20,46872
10,35216
7,36013
6,4555
15,41891
11,42319
12,9058
18,19846
11,24420
19,36029
3,40383
6,11200
7,209
8,13282
2,5033
18,36248
8,1653
6,42731
6,41048
14,40053
7,5500
8,15328
4,12257
14,32218
19,10824
20,311
10,332
19,1856
13,3830
13,17785
19,44383
1,4095
5,27194
18,28170
7,35590
15,14056
11,41790
19,49068
14,48706
1,27898
5,41286
13,38841
10,13865
14,39866
5,22490
13,3278
13,49484
13,44750
12,23536
17,26686
14,18734
10,48770
19,1998
1,39465
13,49567
11,45260
3,48275
14,39451
20,32919
4,6605
11,230
15,43979
8,10944
15,13342
14,49384
4,30901
10,46615
2,2490
13,13154
8,15153
11,41692
12,38317
2,46443
14,43853
10,31471
17,15009
3,46163
1,16932
14,12187
3,7865
5,25856
14,19564
10,5620
18,37367
19,41671
15,37652
8,12056
9,30586
17,6568
10,19485
18,16336
9,2363
1,20133
16,33604
8,10131
1,7025
5,39542
19,46248
3,29170
17,8304
11,23221
1,24922
2,40252
16,11256
4,10150
13,7574
13,6765
12,38872
11,3840
14,12705
18,14192
13,699
3,26221
2,25082
10,48749
18,6434
9,3233
16,37659
17,48652
20,25324
13,37790
14,19762
7,34753
17,209
13,45276
16,34475
14,18142
7,38934
17,9865
13,5971
13,10054
15,46270
10,27324
3,35575
10,45952
20,17915
18,42414
3,45040
13,32397
7,36849
5,36350
12,14106
19,41636
6,12695
11,34132
19,23640
11,35496
16,33658
11,11985
1,41791
12,40090
8,20275
2,8233
15,21481
13,7767
12,17421
13,46997
9,11605
2,27365
6,22767
12,7443
4,22759
8,6100
18,16138
12,41121
16,679
17,28604
3,37715
11,47251
10,39764
4,18261
19,1067
10,23318
3,19382
2,31197
2,31831
10,41981
3,34066
2,30858
2,42208
3,21640
5,28932
20,33400
15,14295
9,18292
8,2961
7,43868
18,45273
8,3923
14,28610
4,20763
15,12931
9,36922
16,1489
17,12689
12,2204
16,26165
3,23824
7,28373
3,19527
15,41224
3,49248
9,36024
5,17000
16,38990
5,8578
17,34656
16,28930
9,13230
3,23116
4,31201
13,27937
12,2269
5,13942
15,39987
13,49532
5,35788
5,12085
19,20701
18,38375
5,22896
14,35866
15,26827
11,11786
4,33204
8,13702
6,9903
12,817
11,33377
9,2890
1,31469
16,35432
10,34540
15,7245
17,40399
14,28352
20,15025
14,28974
14,31693
14,40322
16,29811
13,33317
12,22717
6,38979
8,12915
8,23587
8,20133
1,13302
1,5120
8,32357
14,34511
15,49283
15,34649
4,28867
9,23980
12,38006
19,2838
2,17932
4,23190
18,26344
8,40963
9,43732
9,39551
13,26395
9,29593
6,39432
8,38876
2,27090
1,1781
3,45234
12,20645
17,913
11,20128
12,10245
18,13615
19,42792
2,25873
11,19009
19,13471
6,45616
18,28838
16,24671
16,7908
9,30811
9,49428
15,37044
4,19991
19,16973
11,49467
8,41550
4,23480
8,2278
5,40887
5,25912
17,49582
19,2552
2,46732
12,22498
10,30873
20,24880
13,38471
11,6415
16,9583
14,24962
17,36290
16,33069
1,7599
20,26186
12,47151
12,6846
17,3264
12,29433
16,34104
15,12508
17,6648
10,37190
15,24897
5,13983
10,17193
9,4993
9,8909
18,1267
11,3710
13,23170
1,11170
9,15460
14,1768
3,26480
15,49603
18,49228
8,5500
15,10171
15,8810
3,14004
5,9395
20,37692
20,31677
12,34008
12,1424
17,19429
5,27036
16,6667
4,39057
9,6486
15,26160
3,8602
1,18994
10,23161
18,22236
6,47702
3,19101
13,49412
15,19101
9,2375
6,15552
18,44814
13,42472
9,24542
8,37335
18,2803
7,48523
8,33719
13,41898
5,36282
3,10033
14,14813
11,41032
8,24074
19,29854
3,32571
18,12840
16,7733
10,23619
7,22688
14,31414
17,18762
9,21620
15,37716
6,15996
12,2933
5,16133
9,31686
6,7155
4,33918
20,8335
5,8514
17,10240
13,32614
19,28131
14,26085
14,33693
14,20846
8,47977
2,29747
5,18330
4,37268
12,47576
16,9098
3,22787
5,22438
15,40065
11,40969
6,40586
18,24886
20,27205
15,14413
7,38532
20,38781
8,39881
6,23966
11,5904
12,6636
11,33763
6,47871
8,39864
3,35000
8,36040
5,29623
6,3355
6,8869
10,40439
9,18611
2,7982
20,25610
17,19082
9,37529
7,33053
10,7631
13,32680
12,15397
6,12910
9,45670
17,30651
7,30591
2,23708
8,11742
10,6897
17,38505
14,15254
11,7058
4,1606
16,49080
8,40695
1,16327
6,8593
12,9122
14,10816
10,46808
7,12776
9,3991
15,1932
18,29856
2,47375
13,25734
20,22614
9,39007
17,34745
9,36343
11,24566
17,26002
1,34832
20,1878
19,17781
15,20682
18,10527
8,19977
1,9507
7,4099
12,11688
13,1855
17,3194
5,37251
12,22728
16,15766
12,352
1,33950
3,11800
12,33109
11,20662
2,4698
9,15808
19,42857
10,39849
20,12298
12,7779
6,37598
15,46612
16,28056
16,10489
12,36439
6,35012
9,21749
6,14947
4,14690
2,35055
12,10092
6,48348
20,28681
17,30126
14,5380
10,36899
7,11158
20,42611
20,36920
17,15715
5,21986
17,11667
4,26832
12,13519
20,18861
1,38266
17,32737
13,21791
14,17406
7,49580
14,19849
8,11878
2,18064
13,16963
14,30627
20,35179
17,5353
10,41762
13,45081
11,272
15,5515
14,7801
7,33918
4,44009
18,40924
15,11577
11,27954
11,10873
17,7782
8,684
9,3057
11,25301
5,1964
10,23751
18,28707
10,2286
7,14318
19,15001
4,36545
19,5153
4,21188
2,9205
11,33751
16,41964
20,38563
10,2537
1,36863
12,2778
15,14280
15,18024
7,40187
4,30428
11,40479
12,3533
13,17555
1,23101
9,46529
13,31681
18,37247
7,3105
18,1851
20,37672
20,24293
7,15479
3,17270
6,32909
19,27295
5,29410
2,15706
15,36692
20,37521
2,41599
4,11092
6,12653
16,6010
6,12649
12,41085
14,31419
18,2679
18,19396
5,3083
10,16518
12,30701
6,39560
9,6780
11,1533
7,34755
11,35848
6,46773
2,39069
8,6026
6,37015
19,32197
17,11305
18,40485
15,45514
15,35507
11,45771
6,12943
6,5762
19,45479
9,16137
3,47965
12,38505
18,45898
13,36365
1,964
7,32930
13,8114
18,2567
10,14229
10,43588
2,1817
20,13256
6,40316
19,27728
10,16683
11,27239
15,26329
15,47529
12,551
12,5045
6,28591
15,2467
15,28181
5,7280
3,34140
8,39822
2,48144
11,22119
17,41606
6,12156
13,40773
14,7399
14,46958
15,23041
11,6623
5,47392
16,25076
5,48852
17,37776
10,32480
14,47664
17,1514
2,40625
9,4759
13,47461
13,23244
9,24047
3,2050
11,30410
3,9300
15,34043
12,20948
3,25179
15,20738
8,3342
15,18277
5,3134
13,48233
13,47975
18,38701
4,2017
9,21189
2,14982
19,45100
14,17992
2,18963
18,708
5,24493
12,17252
18,26227
1,10186
1,17119
17,13276
9,47130
17,42855
5,24264
9,22070
10,11667
16,27100
17,18210
3,20880
16,19770
19,2662
19,46918
6,39026
9,19484
2,25463
15,20670
1,20293
3,36483
13,11336
7,20584
6,2315
14,49377
7,45671
4,25162
9,18108
13,33733
2,35157
12,41331
15,46226
8,49352
1,35010
7,39379
1,34875
6,48025
7,24978
5,19993
8,15721
6,24908
13,47097
15,32203
1,47061
4,44166
14,6012
10,15988
19,2654
10,17228
10,13907
4,33526
13,48792
12,12027
17,25808
11,7410
11,17140
13,45988
3,20737
6,21231
11,49168
17,13344
16,8825
7,11304
18,49965
8,28890
12,25855
12,27672
16,38789
17,9628
18,16788
11,44821
3,17040
17,14834
16,6699
8,1560
6,29059
3,36597
12,28768
10,38975
19,23965
7,13607
3,36175
1,21686
1,37102
9,24408
17,49587
10,6048
9,129
20,2131
7,18502
1,12378
5,13669
2,30742
6,7014
16,24329
12,9123
3,45925
10,9439
12,47084
11,37038
5,38665
9,20795
7,3807
18,8784
13,24871
12,33547
13,7418
16,34939
1,46981
17,1610
17,23606
5,30979
18,30945
4,39083
1,45034
8,4740
13,44478
8,5805
16,11236
14,42303
12,30463
11,32411
8,21473
19,11570
19,38940
18,48099
3,20175
13,8659
15,31412
12,4385
20,17838
5,22147
8,33061
15,33087
8,2902
14,34606
18,13984
14,48733
7,29085
18,3502
11,30973
14,44083
2,37240
7,4056
1,17813
20,46073
6,21585
8,7301
4,14296
19,15964
12,42414
19,34598
5,20669
7,49363
8,7996
4,45639
13,44690
16,6331
16,19547
9,49392
13,29888
4,32914
19,47605
20,26530
5,11865
2,14233
4,16850
15,7954
3,44245
11,16492
11,48514
16,6393
4,29005
19,46905
20,36522
12,25553
16,12952
9,14863
12,25740
5,15571
16,35641
17,36832
13,10832
12,43854
12,45025
8,7139
4,20849
6,44062
12,48905
17,24334
19,28331
17,27882
13,46539
13,26276
11,44819
12,19642
13,16898
14,48111
2,38398
8,12904
1,18705
17,10023
17,1473
12,21710
18,21048
16,36847
8,40971
9,42706
20,16962
3,20480
17,23910
20,4775
1,17402
17,11237
8,17092
8,32017
1,2352
15,11960
19,36467
2,3941
20,30584
5,10088
16,26363
5,45808
16,24425
3,3631
8,8077
19,29911
14,11491
11,21180
16,34296
5,39046
19,17582
20,35351
19,14481
6,34534
7,42438
11,30639
16,5215
5,16407
5,15345
4,39345
13,36097
4,43780
15,25814
3,18451
11,28091
14,41405
7,48374
16,33076
8,6792
7,17112
7,39435
16,16423
13,28315
9,7415
1,42184
10,10526
4,18508
6,32813
6,21836
20,10720
4,12967
20,10178
17,11013
18,12028
5,9460
7,32675
4,36598
16,45004
5,33068
10,30704
16,38340
15,45008
4,41400
6,26315
20,38013
14,5685
12,600
11,31808
11,4473
16,46271
14,39208
3,33099
4,14551
4,33571
6,3729
19,11726
3,7772
14,49411
17,45689
19,31689
20,36574
15,49323
11,7199
13,31600
10,41130
3,20141
15,45791
7,40882
8,26762
19,36848
6,49696
12,15906
20,9247
9,45026
9,42438
15,43202
18,19354
19,37147
5,8286
14,34715
4,27120
4,48045
3,14877
2,25879
7,37323
6,14576
17,40464
20,39922
10,11308
12,40295
11,3722
13,39746
14,4921
4,15266
9,34776
14,7318
16,1725
12,8552
4,27615
17,46965
15,44262
15,42841
4,1730
19,2187
11,14056
17,5677
8,28184
20,21771
7,4585
20,13264
1,30599
16,24047
3,18457
9,5371
5,7492
12,36226
8,36180
17,35643
14,14359
13,17059
1,15159
10,11392
20,47098
10,34745
9,20619
10,18340
9,19612
13,16372
12,3429
16,6582
11,31767
1,4855
8,1607
10,39577
1,38138
6,35371
8,16989
19,42345
17,18829
2,18271
19,1809
9,13057
12,22134
6,13156
7,25702
3,902
1,13717
9,45868
13,35398
14,2269
14,10788
5,22052
16,27967
3,39582
12,554
5,32632
5,44729
1,26398
12,35137
7,45272
14,15900
13,6702
18,48529
19,10957
17,22347
15,33529
3,12994
6,13018
19,34564
7,25915
4,34064
17,29458
2,612
4,19330
1,30447
1,38328
1,25732
14,34151
9,5547
10,20401
12,16658
5,16608
2,48780
13,31728
3,49039
20,20090
18,10348
4,33670
19,39816
5,14795
16,26711
8,31502
19,8534
14,22009
14,25926
17,42167
11,11366
7,6986
15,10386
11,29292
20,5052
12,35204
15,46284
16,4820
8,39137
15,34724
17,27585
20,13583
5,16510
13,16017
13,32849
20,21926
14,49298
12,11890
4,36521
11,10204
3,212
11,7532
16,34302
1,3149
12,31569
16,15664
6,32530
4,28230
2,26916
15,26838
9,48753
18,31212
8,11296
3,33195
6,48252
4,6327
6,18119
13,49242
6,9090
8,24568
18,46433
14,36733
17,40567
7,24121
8,30858
2,33112
7,23380
1,28710
18,21741
10,33235
17,28963
15,12703
11,39347
1,38361
5,46909
20,24490
19,33401
3,584
20,38519
19,39039
4,44917
8,46074
12,22561
15,1053
17,49979
8,36144
20,22321
18,32358
1,908
5,41472
1,27726
13,22737
2,3763
18,37304
19,43180
5,13571
16,33140
4,7990
10,20303
2,38282
16,28292
14,27557
5,30022
5,23257
4,45419
4,44523
6,3796
8,39395
16,8650
14,36708
1,32669
16,11338
18,11864
7,2205
18,4692
5,26354
13,29710
17,28260
14,12092
10,34937
5,21407
18,42147
19,7491
7,15916
17,21139
14,11817
5,11318
3,35971
8,26467
12,24397
15,11571
9,41783
7,19100
18,21474
10,26747
13,44110
12,20704
8,20705
19,11241
17,46774
11,38710
13,26032
20,45790
14,11576
12,23261
5,19202
14,47329
14,37937
19,23038
19,7417
6,38940
19,28954
19,33754
9,1676
6,18024
9,17005
16,16201
5,12312
1,1662
13,11483
2,31461
5,4451
10,9879
9,30240
11,47075
8,3983
16,28820
6,8450
13,2168
1,12731
7,42576
9,24814
10,7122
11,29283
16,502
20,2607
2,15571
18,21440
11,13856
2,28625
16,29982
5,25060
13,10923
16,8642
16,46184
20,17824
3,14687
3,22930
5,17755
19,7983
16,6725
3,17748
2,10135
4,35261
4,3618
8,30914
10,48671
4,19909
2,26648
20,39380
3,11927
2,18619
13,44209
12,22237
16,27694
10,42795
17,19346
20,1066
4,44517
3,17250
3,29905
17,3298
12,3775
15,2562
3,21621
17,11897
11,12044
19,41073
15,35670
4,36048
3,32582
17,40764
6,7672
15,45032
13,699
3,4845
5,33826
16,39298
1,36718
15,15726
15,44665
2,36161
17,31094
1,27392
16,45502
16,38531
18,38218
8,37567
7,45757
9,10636
17,43977
16,13154
11,45753
4,31631
9,13931
17,44123
7,41017
5,27350
15,41665
14,11924
19,10582
16,10769
11,31943
4,41666
12,28092
2,6725
16,28204
8,45742
2,3422
5,20602
12,21265
14,7244
18,18909
3,11023
17,18757
15,39803
3,9816
14,36259
17,48316
14,48750
12,46864
7,49328
3,13924
11,20820
4,2658
16,45974
14,22704
3,23914
15,26098
19,46339
15,3895
13,31633
9,12091
2,17608
17,49448
3,21369
16,44741
15,2344
9,39414
15,6295
20,41657
11,33152
4,46827
4,9780
6,40017
5,45942
15,10220
18,31922
20,37863
2,23589
14,46624
3,9148
13,32441
5,41962
5,47872
13,29452
13,1249
20,8141
8,38554
11,36634
6,36030
12,1441
10,32733
11,47536
16,44276
15,3333
16,44425
12,43143
3,1195
10,10944
12,22471
13,13999
5,14456
1,27571
9,34292
20,42613
9,12737
20,35626
15,48579
14,35768
4,26389
6,28267
11,4271
11,23159
16,8607
12,21200
12,4730
19,40070
2,35290
13,41094
18,15253
13,23166
15,28834
18,33204
4,7438
17,38651
8,1958
3,18256
17,46159
6,12314
2,22298
4,8918
14,48254
15,43401
3,37306
19,21988
19,20413
11,46775
7,6568
5,11360
8,30861
7,3063
1,10492
17,4014
19,43255
7,43919
7,40370
16,14581
7,35741
10,40257
6,11117
12,1472
5,21190
3,34314
11,40589
14,43988
15,46329
1,41441
9,20387
15,42374
3,17453
4,28702
14,18389
13,14411
6,18438
16,28468
6,25881
3,14087
16,21152
13,1746
14,19303
1,21212
6,11895
16,12622
16,23301
20,8107
5,45893
6,398
1,2459
13,1748
10,36813
18,47339
10,30739
19,23993
18,38816
3,17778
10,1765
17,10517
19,30793
20,25309
15,7271
16,40344
7,1924
7,47955
13,2664
2,49768
12,3867
18,1111
13,41447
19,21484
9,23419
10,17603
3,30912
2,18231
20,26258
5,21120
10,17230
2,7417
2,34797
18,29342
18,31043
7,37214
2,18666
4,39332
19,32058
8,37406
3,34535
12,11714
3,13274
20,16813
1,9489
2,25620
12,42052
1,30677
15,5295
5,17602
3,21459
15,49417
17,3291
6,6916
16,41092
9,24161
4,15543
2,16058
20,13853
9,6202
4,12120
15,11427
18,2381
9,10089
14,12357
14,35640
10,7863
10,5719
19,42455
18,6562
6,8890
17,13611
11,12771
14,10976
11,43876
9,2484
2,12575
17,5269
18,29958
11,6436
6,18635
13,6563
4,44485
11,4087
14,7057
3,23294
4,48061
8,9742
14,37164
5,41400
7,31280
3,13432
1,41809
4,746
5,37091
3,30950
1,8089
16,26471
11,46993
17,46176
8,25021
6,2117
8,36786
13,46386
8,15077
4,48343
3,33738
10,32046
20,12955
4,10367
5,35701
15,729
1,32571
13,28953
8,46059
12,14925
6,48364
1,21713
18,7711
18,6781
17,45413
2,40421
5,42566
11,27068
18,25953
15,24704
14,33613
8,44176
4,9547
17,8368
12,2464
7,25116
14,36206
13,45999
1,32933
17,14728
14,23241
11,15983
9,49980
17,12541
7,30903
13,48021
12,21268
11,29553
3,19966
1,45105
14,36963
13,15397
9,38247
1,9065
6,27862
1,43775
19,35291
19,35398
8,12918
11,44796
17,24187
16,46574
19,13439
3,5874
1,40844
4,17036
14,26642
15,20881
6,2501
16,11826
9,18051
7,17431
4,30512
17,32002
13,17567
4,49885
20,14742
14,2617
8,9896
8,15072
12,5300
9,1583
1,36065
16,33816
6,35872
19,15245
5,10678
18,447
10,18126
20,33443
18,46785
3,38143
11,9936
12,41487
3,25788
3,49728
11,47490
16,42331
6,40851
1,29324
20,32505
19,20168
12,2879
3,39036
9,12625
9,31523
8,22374
15,46507
5,15500
17,40820
4,40674
1,3859
19,31919
5,22327
1,25865
16,33955
14,25159
6,43394
18,43834
14,46027
1,29274
10,11921
10,45882
1,25140
6,29390
14,27907
19,47859
20,4542
11,28758
15,43739
1,8336
20,21078
2,40762
11,15508
12,21420
9,34695
14,46212
15,1798
16,47687
9,42967
14,10176
11,15731
9,1515
6,27613
1,5742
11,24800
12,44341
4,32508
10,6241
17,2673
13,45645
13,13851
17,48074
17,10376
7,29698
1,37437
6,38669
7,29608
17,20183
15,10730
8,5198
8,23671
14,36372
16,24705
19,40681
4,27783
19,8665
7,27572
18,41623
10,43618
11,42379
13,38060
20,21278
13,3885
12,29538
5,35610
17,47764
7,38144
4,15895
16,49466
1,5358
5,15835
17,10533
17,12741
17,11315
8,1221
3,12318
7,40370
2,44503
5,21737
6,18698
7,38988
5,5525
12,24665
8,35266
19,9715
3,5104
10,1083
1,13407
13,12980
5,18652
2,16496
13,36846
17,25882
16,6372
16,38921
17,42928
10,30629
1,21198
8,40796
14,3251
1,6828
6,16947
9,25188
8,33340
19,19889
18,46764
15,35111
15,413
15,29148
15,24863
7,15479
10,10326
18,26647
5,13399
16,39641
7,3890
3,35696
9,23098
11,44037
11,26095
14,48098
6,16509
8,10696
5,15541
7,19214
4,3398
15,8971
8,41251
20,661
17,7514
3,13005
7,15927
20,22585
7,47270
9,28780
14,28858
16,33549
20,49279
18,2443
15,20931
13,6477
7,19403
15,2864
8,45856
11,28195
16,16936
1,10118
17,16158
6,12328
3,374
17,45646
8,16937
2,11294
2,22667
20,36630
15,11139
12,33041
12,22481
6,34628
15,21551
8,6559
2,20622
8,24081
12,49940
11,38942
1,17223
9,22867
17,9172
8,22517
3,42519
11,45551
13,34924
1,16941
9,9864
17,18533
20,24719
6,27239
10,46690
16,37552
4,465
1,34325
1,8258
7,10390
16,29879
14,836
6,18074
18,17766
1,25541
14,16825
8,3820
10,44594
2,16899
20,20727
2,26815
5,23678
4,28257
6,44317
7,28992
6,41427
5,30552
6,32464
9,18347
2,44421
16,26517
16,21197
4,19634
12,19455
9,18882
10,27351
11,15118
16,28859
19,10274
2,40818
3,8166
16,21269
8,44491
7,23367
1,30061
1,15053
6,43724
1,40941
10,15110
14,8974
4,30868
3,20437
11,6147
16,38215
10,38517
2,5469
18,45788
10,44232
2,5668
7,11913
8,22182
3,43919
6,23111
18,7483
20,30593
16,24562
6,3848
19,27219
16,22964
17,27539
1,36267
20,33882
15,35638
12,32060
14,16210
7,49111
12,9451
16,42394
10,22142
9,34336
1,3227
17,43654
4,4031
14,34760
6,1205
13,31845
5,48618
16,24291
8,13346
17,42945
7,18428
14,9063
18,2504
15,6615
15,40136
9,48400
5,35097
10,8760
17,6161
16,21645
19,14612
14,10790
18,28646
6,17096
19,22694
3,42837
18,2945
2,39174
19,43579
9,26835
1,1788
2,41914
9,41988
6,5416
16,11963
9,18699
7,33811
20,13067
16,49907
12,45589
11,33332
14,40830
12,38425
15,45129
19,22708
12,3096
15,31930
8,34907
3,44355
20,38057
8,25340
1,26000
8,19671
19,26093
17,31029
15,39855
20,46482
14,1184
6,49429
9,15665
14,6886
8,15751
6,41503
7,47750
19,13934
4,17266
14,30837
11,35063
11,26077
6,36327
6,3038
4,33068
10,23268
12,31196
7,830
6,32241
17,42873
17,10147
6,48282
7,24103
1,27976
20,37673
1,14393
2,42216
17,42526
15,36292
7,5502
11,11297
8,10424
1,22654
9,45826
14,20952
8,29550
5,6772
4,6314
20,13340
17,22551
7,34345
8,25678
17,34600
4,28217
5,45548
4,22504
18,26574
7,37552
9,24806
11,43525
20,25190
9,35040
17,21685
18,15560
12,10477
10,26062
16,39235
7,41852
16,12371
4,13702
16,7025
13,16255
17,35498
14,17974
12,18620
9,35889
18,16220
2,24125
10,42367
5,14291
6,4516
16,29235
16,2029
14,48923
16,8386
11,44887
12,11704
18,48906
7,19785
11,20688
9,19218
1,12415
15,474
1,47777
3,1046
5,47650
19,24915
14,4070
13,34081
2,49690
20,44055
8,48833
9,1064
8,24090
10,38489
18,12730
7,1807
6,32316
15,37453
8,21796
9,12602
5,7087
16,40097
14,41406
5,11686
2,19746
12,23853
2,13496
15,9065
16,9056
7,36865
15,38964
8,20026
1,3124
3,12366
10,16729
17,15323
7,12121
17,45262
6,23135
2,17645
18,34155
10,27651
7,32902
8,45660
13,16716
6,33281
7,37700
20,40583
16,35065
13,25472
8,22861
12,4128
1,28142
6,48771
7,49923
16,1647
11,10710
1,26244
7,7055
11,48819
8,38067
2,28284
3,21651
12,12415
9,48897
10,27414
2,15016
1,19379
6,2061
9,1013
8,31664
9,24037
5,4393
17,4476
17,25902
9,7048
7,33286
2,43652
10,17141
10,41635
19,6319
18,17016
3,30399
11,13307
16,16999
18,6257
5,40819
19,3613
7,26823
11,19112
8,9717
13,29456
1,16111
18,13072
13,2853
13,26126
5,5572
16,48604
10,27669
5,44165
18,34537
3,3469
3,39909
12,35619
20,11574
14,2605
19,32907
15,23292
15,48635
14,2142
16,32527
20,47223
9,37895
7,23474
9,23210
16,32310
14,12610
9,29938
14,18801
9,28186
13,37237
18,38418
1,28963
18,31717
2,45402
19,31417
5,35701
17,34976
18,33417
18,12874
16,40811
17,18044
10,49640
3,7095
8,42079
1,23514
18,36039
7,41216
8,36295
7,27691
19,5684
15,28946
7,26542
20,38967
7,3703
1,4926
6,38105
20,29695
14,26114
15,7616
9,864
14,41898
6,13082
18,10348
9,5109
10,16776
18,15630
16,10472
14,14779
11,22796
12,35676
3,37234
9,25749
7,10874
17,33806
5,3314
10,44111
3,19741
14,16828
6,46889
13,35641
16,24007
10,48561
5,42040
5,10953
1,38208
7,34645
2,34418
11,16534
4,25991
20,18489
20,21583
15,26640
19,37549
6,35080
16,13095
17,44597
20,15303
18,26248
10,40503
6,12380
12,47843
14,31360
20,38267
12,22548
17,39633
10,1735
13,13060
2,21594
4,44945
15,25489
1,31548
13,46340
14,26666
20,25781
19,21778
18,3777
18,2704
20,3043
16,44574
9,4862
16,4321
6,31059
15,21658
17,17983
13,33593
19,3763
14,7513
20,45464
1,49276
12,43986
20,48479
19,37110
8,22121
16,9423
11,6917
8,12194
20,25753
7,44006
2,34458
6,39440
2,43010
5,10544
5,11533
17,34332
14,40803
15,21311
2,26147
12,47634
16,13715
20,30858
18,21342
16,6037
15,28771
7,38598
18,25646
14,209
19,24706
2,48888
13,43893
11,12905
13,2690
15,35746
8,48510
16,23125
14,12520
16,24850
7,39914
20,9680
15,3797
10,17134
19,4621
20,17473
7,39157
2,15680
5,22616
9,20915
4,26205
1,45439
17,13305
20,43873
9,17316
17,6882
13,7224
14,11560
15,32168
12,32452
6,26605
7,22486
4,10422
14,40649
11,9202
18,5224
16,30652
8,19644
5,27611
16,31627
2,17661
17,5525
10,4995
2,18591
10,13205
12,39429
5,42393
7,18257
3,42315
16,45778
19,16236
17,39995
17,20435
20,48838
13,37087
19,4707
3,40345
12,34515
3,45751
8,46290
20,46033
3,7877
18,45105
1,18119
5,4795
16,39470
16,3830
13,36580
13,9681
9,6235
5,2201
17,9224
10,14150
11,30883
10,4962
12,22468
12,24228
4,40788
19,9776
8,6703
12,16373
17,46709
10,10162
5,4081
20,35816
9,18099
16,49783
14,32289
6,22116
5,33984
10,34915
4,42958
15,48852
10,20816
11,1397
15,20713
13,45388
7,17824
14,49194
12,41476
10,36388
20,3182
9,38852
9,11250
11,43554
20,22890
17,5607
17,10688
3,25686
18,29450
2,24681
17,2220
17,49225
10,18060
6,25972
6,8006
9,44357
19,6330
5,23284
16,15658
17,45893
3,23294
13,17089
5,45078
3,18221
13,14746
13,11305
12,18567
18,26487
1,8169
13,4686
6,39226
9,20817
9,28151
16,39823
8,13668
4,22649
3,21815
2,44968
8,354
6,45060
3,20345
16,35480
11,31014
8,5185
5,30699
20,20076
20,4517
19,13534
19,38957
13,11535
20,1169
12,11666
8,37664
17,45932
9,34668
11,29322
3,18602
13,43786
9,24133
2,7396
15,11307
6,44155
13,27015
20,3799
9,385
13,1583
19,31175
20,20545
20,18976
3,2295
17,13388
9,47446
2,40299
15,17359
17,8397
16,24938
5,38089
10,25783
17,29478
2,38531
11,34467
12,38771
3,9698
11,31429
7,14499
9,8207
5,13710
10,34516
11,31312
17,9525
3,5303
15,20682
6,25015
6,1299
14,23512
17,31410
8,3346
15,12823
14,37149
7,29755
2,41277
20,33957
17,13924
14,9475
2,31825
5,4997
12,8047
14,45946
2,29608
5,34504
7,33790
14,30386
14,13984
11,13067
20,4467
9,29135
9,11589
9,12790
3,3802
18,19995
8,23704
5,16283
15,35811
19,11118
11,41707
3,19099
13,27946
16,25420
17,34367
2,40054
7,44370
4,25538
12,30248
2,43754
12,16335
9,45347
9,16506
3,4389
11,49105
7,5361
20,47777
14,19291
9,160
4,15310
9,6898
8,30580
3,2820
20,19801
16,8416
4,30507
2,23431
16,13929
1,38712
17,2441
19,27368
10,48977
18,1556
11,47466
5,5566
18,49183
19,42136
11,43107
19,40382
1,27182
20,9670
13,41330
20,40512
11,19655
6,1921
14,6457
3,12427
5,7911
12,47296
10,10697
10,4390
20,24397
8,22809
10,28934
5,28797
6,20439
6,4268
12,28680
17,38917
3,37811
19,44536
2,39765
14,35208
14,9364
10,5221
6,27890
11,47514
16,920
12,32977
10,33644
8,14474
7,21781
4,15290
2,37640
12,21707
8,17761
17,29219
5,23315
12,7293
2,22233
13,47934
13,14178
19,25169
20,16600
18,20839
17,44267
7,4411
2,12991
16,16026
3,47927
6,38153
4,38084
9,20321
16,446
12,6598
20,4927
15,44507
5,35411
14,23010
2,25379
10,48505
4,8275
8,28715
17,10592
13,35364
10,15373
11,15395
18,38714
3,38924
20,36444
9,4657
9,38375
3,40092
17,19409
6,23790
14,5657
15,20188
3,21557
12,49335
1,18309
7,34361
5,33480
12,20492
6,28859
4,32176
17,43440
8,25578
1,20366
4,41764
13,11394
16,20498
18,45512
17,16072
20,12111
2,21410
11,21405
10,1929
14,503
17,20325
20,27954
11,29018
15,18810
15,20779
18,2063
18,19136
2,25152
18,8718
19,8247
9,29960
18,20152
12,44671
15,6467
13,36418
16,4104
20,40514
8,22058
9,32178
14,1266
9,32137
11,6104
7,26445
2,20575
5,28012
6,33506
1,11023
15,30550
7,6332
2,12895
3,543
7,48310
6,30016
19,14403
12,13349
11,29675
18,19643
5,15982
1,40442
11,24855
7,48438
4,37772
20,49101
19,46260
11,17193
17,33503
14,8082
17,9924
15,45697
9,6778
5,21962
5,11963
1,34558
20,15516
2,43441
17,878
1,27260
12,44304
14,36638
15,11518
14,48617
6,44044
19,44770
7,5251
18,35653
8,11864
11,26268
10,6217
4,38913
6,34895
10,7250
19,25493
9,19903
6,16066
9,7956
8,8390
5,7717
9,13941
7,8981
19,42883
6,22918
16,9190
10,21342
6,17484
10,44044
2,19455
10,6353
10,31382
3,4630
15,33394
9,31422
16,39347
10,4418
17,27064
3,26384
3,25291
13,38089
18,46205
13,41444
2,11722
15,18302
11,34343
10,37909
7,6775
16,48706
12,40158
17,35882
6,23510
14,35737
5,1776
7,20411
13,49430
9,44303
3,30390
4,13762
2,32044
18,8930
13,37434
3,34669
20,4053
2,24857
2,36886
7,22983
19,3150
13,27543
5,33885
11,32342
4,4133
6,35998
16,24425
16,41123
8,25120
8,2217
18,6515
6,25389
6,27095
10,30993
7,38187
15,36849
8,12721
6,33973
12,1332
20,31768
11,25718
6,21614
18,24806
1,18384
7,40256
14,25300
5,49574
15,27178
20,49954
3,6600
7,22920
4,21572
14,21359
9,30766
8,8902
18,5248
8,42798
9,48479
4,7080
13,2511
16,42035
16,19150
14,36683
19,24134
15,9774
8,28703
18,44372
9,23346
16,8707
16,17720
18,12569
1,43550
10,44224
19,26929
8,22720
7,22741
2,42077
10,25048
6,10124
6,35354
5,41070
15,10108
7,20244
14,15847
17,40133
13,43303
13,27118
18,24267
3,38006
18,15960
15,39015
8,18411
9,46241
16,8347
12,24351
7,41914
1,13159
3,42046
17,3401
4,4367
10,44014
11,45213
18,12725
5,1746
14,37119
2,3390
8,211
3,34471
11,2529
12,17842
6,25736
4,11520
9,15339
15,45422
9,47944
7,42338
15,42624
10,5084
2,16458
19,16964
2,21422
13,33430
9,20904
16,22666
13,24422
7,11855
16,32000
19,46937
7,7942
19,13207
13,39727
11,711
20,28279
17,29712
7,20298
17,12422
1,43299
9,7325
6,37260
2,46564
20,23944
4,27289
14,48830
17,40166
14,44004
11,49574
12,10913
4,42229
9,1510
6,41561
8,38374
8,3666
17,18000
13,29402
15,31553
8,33841
12,7233
2,40890
19,14173
4,49204
16,49046
1,19199
6,3839
17,22738
4,30761
1,49890
9,35526
9,10524
17,16513
14,43722
8,18087
9,48273
12,33538
9,13178
1,25414
10,33913
4,698
7,13275
7,19929
3,15795
4,41485
19,30297
18,44381
2,48920
14,46714
9,30527
5,44954
18,12488
1,39644
7,4922
8,12402
9,33232
7,25631
6,3420
16,36223
20,27134
7,28860
10,43802
2,26310
17,20575
15,37376
12,26269
10,43849
3,36541
8,32635
14,12706
1,23629
10,3184
19,13882
20,9535
3,9253
13,22287
18,22236
15,4318
12,29101
19,30684
8,42513
18,48480
6,22672
4,23985
4,29551
14,3925
14,32997
18,18213
16,46778
8,2021
7,7425
19,26931
6,9807
19,9172
18,27449
20,32358
15,17155
16,22910
11,1202
7,48518
9,47825
13,21923
18,20249
10,48669
14,18289
19,17487
19,16857
13,35664
5,45702
14,47002
18,37618
16,37681
12,35741
5,32601
8,27831
9,19989
4,45495
5,26413
4,7253
15,16653
3,41146
8,35099
13,31778
8,44487
12,3616
5,22267
17,39876
11,16808
16,16722
18,13592
15,6103
20,247
14,18867
9,43810
9,39312
5,11570
8,32237
8,1303
19,27703
13,13531
4,18579
18,40339
2,426
3,42424
11,5716
4,25768
19,8640
8,30970
6,47831
1,44845
15,33821
14,36990
9,7015
15,36114
5,11429
6,44717
7,15888
20,45493
14,2308
17,36017
1,5403
8,16787
8,28388
13,17907
2,31705
6,32017
3,39952
7,10566
12,48505
1,12971
19,10482
4,25263
12,47018
18,13834
16,25070
8,42469
16,15373
6,43597
3,47765
8,45970
8,8678
17,7964
13,47621
5,1572
7,28672
3,21050
4,28540
16,14594
10,3717
20,12966
5,17891
20,22217
3,7906
1,21466
17,4912
10,11955
19,23297
6,3607
20,47276
8,6303
7,15118
14,43541
5,42936
9,39861
7,2998
14,31432
9,7101
8,3709
5,13911
12,30156
18,42755
8,33627
5,40546
17,33801
4,10033
18,31449
5,27969
20,7392
10,16861
5,28981
19,6175
12,48282
12,27244
9,48453
19,29005
11,975
16,32705
18,39092
16,12591
11,34650
14,23421
11,3524
5,32443
8,46051
13,42255
8,41482
18,37529
6,31186
10,10437
4,24614
8,47014
13,41306
16,3642
15,44989
7,13620
3,48265
14,49217
19,20035
12,48058
4,14295
6,11682
12,30936
5,14561
16,24683
9,12362
8,24710
5,10402
9,40744
8,24445
18,30672
20,8229
15,25748
18,46952
13,46149
19,29366
2,2856
17,1927
20,35920
7,32113
1,3787
10,4153
5,48125
13,26531
19,27913
10,13586
15,47774
2,14377
14,44847
14,8927
3,34948
20,22133
12,12588
19,35952
8,47358
12,37676
4,43585
6,48831
18,47232
1,49044
7,32291
14,46489
2,12898
7,24424
17,37544
8,6645
13,15016
9,35059
17,21393
20,22006
4,14355
11,20808
8,19733
9,34644
8,250
5,3207
5,43808
2,44927
15,3064
19,8012
19,26672
19,19439
15,20122
3,34312
15,21690
12,4256
14,1470
13,47639
17,39251
9,30799
13,5169
6,23720
13,36612
19,9711
17,4201
19,15131
15,25303
10,19253
14,11782
3,24221
15,9799
15,29189
17,11387
10,34490
12,17690
15,14126
18,34918
20,21080
10,43683
14,34576
1,40680
5,29536
10,13791
20,22131
15,36690
5,22630
2,30626
15,36852
10,45904
11,30312
15,43803
11,1730
11,42730
14,16629
5,1050
16,16853
13,26035
2,17139
19,19603
17,458
14,25754
17,32668
2,20015
11,18734
16,8667
5,34065
19,17777
6,18703
1,22361
2,1926
2,15560
17,26322
2,18502
14,19082
1,10224
13,33700
17,15356
3,46356
6,1729
14,47627
3,46941
6,46757
18,18925
2,22072
13,18682
12,48788
10,37947
15,23269
16,3737
12,40402
11,42796
16,8963
12,8772
7,17594
15,6297
2,12489
20,21704
6,48496
5,6524
19,6828
5,22155
9,22876
12,3653
19,41798
14,13764
6,32123
10,46863
3,10876
9,25447
5,14932
11,6792
17,13859
18,39592
2,17560
14,13215
13,34108
1,17442
19,30137
8,11875
10,12725
9,30467
15,2538
19,516
17,12912
9,15368
2,36306
6,21423
11,3085
3,9223
15,18133
20,1029
18,40601
3,33664
3,12189
9,9907
1,9164
20,39813
6,12973
16,21315
13,23775
4,12907
10,22470
12,45695
2,7277
8,44780
17,39694
6,32672
9,38402
18,12597
9,13708
18,40692
7,20221
11,23871
7,19293
16,10533
15,27289
13,42119
14,18407
7,27245
10,10292
6,44120
13,46560
1,122
1,8524
6,969
15,746
14,29454
3,26708
7,20523
17,32519
3,22718
5,4811
8,24707
15,30469
9,42405
17,27436
20,30522
5,39588
9,10796
12,22828
17,32163
4,18406
17,43626
2,17786
19,588
18,17424
6,15358
7,9125
12,44780
5,45239
7,19937
15,35424
12,4436
5,31684
3,17801
19,22764
14,42769
15,48611
6,21156
18,27647
20,31591
18,36325
1,36722
12,14743
19,613
13,22645
13,6247
9,41587
14,30348
15,33056
17,22145
15,20421
17,10388
16,44092
18,4418
18,40697
8,41957
18,40663
1,34909
13,1284
6,18121
10,33689
20,48200
6,7231
18,23472
15,49314
12,43994
7,8140
8,41599
8,13112
19,904
7,17001
11,36321
13,9597
7,7374
5,6048
12,37812
8,36496
16,29862
12,30933
2,45167
14,28334
1,42173
2,42378
11,20870
3,40559
15,12898
19,38168
5,49560
2,25933
6,27090
20,30864
15,42497
15,18546
6,17446
8,898
14,34029
8,32423
7,10874
8,963
12,31383
15,27763
10,8791
7,19321
7,16805
9,46217
14,25504
4,32732
3,28570
18,48838
14,39889
19,42102
5,28462
8,7922
7,28596
17,45001
13,21675
8,6706
1,44594
8,33396
13,47048
12,48575
16,8743
15,24658
13,30733
9,41911
6,30346
15,7886
8,27080
12,41212
3,38074
4,31556
3,25018
4,47955
16,41625
6,5439
10,39549
20,25056
17,42871
13,9297
18,36922
20,7907
9,15122
11,9071
7,43596
14,30367
1,33433
15,20347
6,33363
17,1060
8,12295
5,21654
15,2880
4,4316
12,26163
8,42573
11,2318
1,25880
12,27613
7,20937
10,25218
13,22529
2,19363
6,5782
11,11439
1,40681
1,48357
14,38610
9,17253
17,24941
18,24842
14,5042
15,28603
11,14832
4,35537
11,42214
11,39988
1,12929
3,37854
2,32154
4,1000
11,6531
1,14288
2,16206
13,41412
1,620
16,6146
12,39376
19,40402
11,21511
2,46374
10,39285
7,37643
4,7160
9,32282
12,49563
3,20242
9,4868
10,8633
10,39137
16,3577
5,34127
4,22178
14,22736
3,27506
3,37422
9,18681
9,12406
6,3216
4,25865
18,18194
15,26550
20,10520
17,15469
18,41238
4,40121
11,2010
20,7351
4,17652
18,35051
17,6610
6,26157
7,4268
17,6639
10,31237
3,4604
15,10887
1,3115
3,4495
18,32046
8,47705
19,35267
10,13088
18,20342
13,324
8,17668
15,49743
6,31993
18,35118
14,41079
2,38844
16,44543
15,44843
20,11172
13,18124
14,12132
16,43685
14,29864
14,13827
17,3330
10,35977
2,23782
7,38108
7,14565
20,21092
13,19191
6,38906
11,17125
4,20321
3,5748
9,45324
13,23089
15,11990
8,6563
10,41938
14,34621
8,14695
8,49728
13,33521
19,3285
14,4172
1,45411
14,35312
17,33213
5,14152
3,24261
20,31576
11,20151
17,9411
14,3298
9,12944
15,1913
15,13910
12,28921
10,48608
18,25869
15,20093
3,34045
7,46687
10,47956
11,10026
12,11989
19,5451
20,30369
14,29679
12,4546
19,9193
7,41943
17,36824
8,40637
6,3924
13,20586
10,24252
9,39599
3,22776
7,20979
15,47054
18,47265
3,30764
15,45759
2,17739
10,46459
20,6744
8,45235
1,30400
13,36535
16,42088
18,22662
3,45822
10,40035
19,25654
16,39528
12,13969
18,23601
20,5888
18,18835
11,21470
7,2405
10,32977
4,4571
9,1220
17,14008
17,35084
9,36548
1,1255
20,27027
11,8638
20,39462
4,22827
8,427
20,14450
14,3483
17,1371
7,29242
20,10010
16,18011
4,22921
5,33132
9,20698
1,37130
16,47636
4,8137
10,32359
4,32898
5,33059
12,26267
6,32803
4,3271
9,7465
8,5967
13,33531
15,47692
16,29957
4,13322
2,29738
12,34651
1,30909
8,46898
10,34477
12,15953
3,34969
11,4654
1,33436
15,46722
8,16096
3,19218
8,41239
20,16278
15,16809
1,26298
20,40731
3,48962
13,3527
6,17702
13,35574
6,23922
12,9742
20,24836
3,24940
8,32472
18,25562
9,8585
1,27217
11,25694
6,16410
20,24451
15,24984
13,37446
20,16035
4,43889
6,30105
19,28259
11,145
19,32186
10,14461
10,5816
3,33902
18,41220
4,3290
15,14970
10,25517
2,2540
4,14975
17,31190
15,23524
19,12376
13,41201
16,28280
13,21660
20,40372
7,873
16,26438
20,25402
12,1749
7,38577
8,4322
14,26155
11,18657
20,12732
10,44703
5,28672
7,27758
12,49173
19,23177
1,13624
20,21754
11,5685
2,26419
17,30750
1,8354
15,26601
11,46041
17,3136
9,44381
16,1312
16,38408
15,33220
6,30458
9,39980
16,6074
12,46960
13,9206
20,2425
2,34355
3,17526
9,15194
20,1041
1,46372
2,23478
3,20549
19,30255
16,9626
1,35438
20,29125
8,36113
7,27121
7,29033
1,12870
9,29291
15,47150
12,18225
5,34007
12,24440
17,2829
15,31113
16,29706
4,8854
15,18151
20,18879
9,25303
12,41602
5,45499
2,37854
10,4171
16,16312
10,41265
18,30896
8,30831
3,44463
9,41225
4,23153
20,2942
4,272
12,36956
14,21959
2,22765
14,26415
9,22573
6,9045
12,45616
16,2906
20,22377
19,2377
7,32599
18,18411
15,24383
19,35775
2,37337
6,12742
4,49341
8,44266
19,5463
20,33870
16,14246
3,28560
1,40324
14,16298
12,34424
6,26415
8,40055
1,30125
10,44201
3,3563
6,12957
8,14093
19,22199
13,20788
1,2051
5,6621
20,6453
9,2299
19,21891
12,39067
12,4969
20,2506
9,37902
18,36790
8,33284
4,17985
6,48247
20,9699
9,29190
4,10709
3,7086
11,16835
11,21644
19,20071
7,29817
1,28027
18,37096
1,36141
3,6349
14,13485
20,14577
17,41017
14,13531
3,34836
17,10085
17,48032
5,44389
13,44004
1,33589
10,22080
20,28467
2,13338
17,24788
17,38002
1,17858
15,46189
14,41694
12,43237
9,19773
1,17104
16,4749
14,16121
17,26633
1,22272
8,930
15,40474
5,6683
15,30667
20,45121
19,12218
7,45985
10,6126
13,13574
8,7606
9,16071
19,15945
18,29183
13,10926
12,10930
10,20976
15,33482
6,34578
1,31846
16,39038
16,22210
14,14837
20,6334
12,25443
2,43226
3,8863
6,17077
11,8343
8,787
19,42876
5,30710
6,5758
2,38784
6,32107
3,1338
14,3655
18,26249
1,28577
8,16755
6,18946
7,2349
6,20434
20,19370
13,25222
5,2022
4,24283
19,6578
12,15881
9,28042
4,8860
3,42818
19,19139
8,10351
1,32271
19,16702
13,10456
3,43954
11,2023
4,5926
7,36037
14,48227
14,16241
14,22990
16,11860
11,32236
2,10343
13,16529
3,44288
6,47276
2,42501
5,29682
18,10782
1,22472
13,23196
16,26049
14,23663
19,31464
10,29312
8,47940
3,3753
14,48932
20,28859
16,41600
7,2599
7,37323
6,42908
18,5664
15,16731
20,9415
1,18297
16,45498
2,44092
5,5465
12,33090
6,27030
20,44942
15,3887
10,41435
16,19742
11,48260
10,14606
20,17959
17,30833
7,35937
5,26572
5,39331
16,25141
3,28549
1,2941
5,9473
17,33682
18,33667
14,36779
5,12289
16,318
20,23332
7,14457
10,1902
13,12541
20,13139
11,6719
5,791
5,17756
9,36367
13,1284
8,14738
12,16387
8,21562
11,3451
9,9761
16,44243
15,47428
1,28005
15,33903
10,26383
14,39305
12,28304
8,28889
2,42376
18,37880
19,33993
6,4822
3,30285
3,44940
7,1219
6,33385
17,32867
18,12348
7,20807
17,24142
8,30825
12,13215
9,34425
14,28322
19,41410
13,7920
8,20611
2,33837
7,5251
20,7663
10,22756
17,40208
1,38352
14,21087
14,43188
20,26574
15,24075
11,40110
13,35393
6,42962
11,5237
4,38375
7,262
17,40105
2,30405
5,23915
15,14317
7,45823
5,49451
2,21919
7,18711
16,14257
7,45248
5,254
17,37593
20,6688
17,10905
7,18402
4,30698
8,37641
8,18614
9,28375
10,34068
2,35373
8,13112
7,1247
10,37318
11,1826
12,23387
17,34538
12,11075
9,19021
18,3342
4,29493
20,39468
15,29256
5,9435
11,3384
19,49270
10,37578
20,10288
16,41627
16,42937
5,26994
14,23451
19,41004
12,5713
4,2505
7,1581
3,26240
12,18624
11,2236
20,49468
1,40413
6,8504
3,8562
6,28763
13,8947
10,22062
8,34354
16,17351
16,4118
19,36447
12,10892
7,24330
6,6204
9,49878
14,39749
13,47314
6,38121
8,36835
15,45848
2,28100
20,17276
7,14830
18,30839
9,42111
20,21536
15,2874
17,34134
8,12895
13,37180
14,25930
6,37676
13,6925
2,35728
1,12733
15,18003
10,47274
4,9252
19,4092
10,35977
12,25180
9,1350
12,815
2,43995
4,9740
3,49636
4,28182
8,45114
12,8904
4,46268
3,8790
9,42262
20,22644
2,9011
8,25517
17,49268
7,47743
6,49623
12,35357
7,36783
17,2857
13,6121
4,5091
2,36337
3,16141
8,1177
20,48034
4,10170
16,1467
5,40133
8,49785
10,8010
17,7643
5,31576
4,26972
13,28358
14,14376
12,18092
6,7464
14,21934
2,32844
5,28364
17,37892
4,44890
1,10174
1,6167
20,45121
19,41622
2,46594
15,46457
17,43880
16,26235
5,14691
11,10366
11,3473
15,8850
2,41434
14,29300
18,30825
3,14299
10,12780
12,32409
4,49880
8,8620
6,7444
3,23633
20,37906
20,6358
18,11433
20,12768
4,15129
18,39320
7,22395
12,40291
2,40642
17,13038
9,12744
9,45830
17,38998
19,40645
19,2910
7,21323
9,42380
18,3203
11,30177
5,2887
10,40202
17,40244
14,32861
17,4853
7,38379
15,39926
16,29929
4,4731
11,11228
1,7819
2,31043
3,25528
6,20749
16,8510
13,30855
12,8021
1,44631
4,32136
2,44031
9,2952
8,31810
6,23589
14,31313
4,10752
13,42964
20,15612
3,26391
17,45505
2,32697
11,5265
7,44146
3,41876
1,38669
15,7568
13,15345
17,24357
19,26192
13,23337
17,2069
11,39976
8,5449
17,25151
18,16793
12,37838
20,45604
2,27277
17,32392
12,12502
13,24235
19,17702
13,2895
7,26215
6,46338
4,20343
2,9169
12,7014
15,27995
16,31421
17,19873
16,30651
14,758
11,13063
19,31001
2,42764
1,32224
12,33795
16,17588
12,6275
17,2400
3,40238
8,20595
19,32913
7,40838
1,28366
10,40360
13,37058
14,34589
20,44130
18,23454
16,46810
13,920
18,49401
7,23416
2,41747
2,39310
9,30988
4,19587
9,19511
16,41907
9,32809
2,29876
12,10694
2,30133
11,49350
13,36752
5,1632
13,41628
5,4851
12,33069
19,29056
2,41631
10,16923
6,41114
13,35289
18,42307
4,21758
2,22501
1,28103
7,17428
1,3319
3,3350
12,1614
3,11333
7,2690
1,46011
13,41896
16,2127
5,25248
12,47199
12,48514
1,4995
17,27258
7,519
13,35012
8,37576
5,1799
16,49722
3,46222
18,23268
4,46079
4,11899
15,2083
18,39928
14,4501
1,25469
4,8280
2,48296
16,17434
19,33260
2,47500
18,12481
20,42494
8,42403
5,2913
9,12001
16,12282
3,3078
13,19642
4,11995
18,20497
2,11333
18,46483
6,24310
5,49895
18,13254
14,2004
12,13454
10,4282
5,33775
12,49037
7,45499
18,9239
13,11543
17,29173
17,42670
1,19302
5,13728
14,49810
4,21761
6,48093
14,21071
2,49415
19,10416
3,26626
5,37315
19,11060
6,5434
17,16470
12,10943
15,30629
9,28065
9,17968
14,1503
2,32183
15,1035
1,3613
1,30035
8,21549
15,48412
3,47195
8,41150
17,48231
20,49099
4,7063
12,9342
12,30853
4,7331
8,33994
6,2612
15,4812
3,7724
1,21754
12,46465
17,21493
14,19171
9,19990
4,40757
11,24203
19,32739
18,25788
9,48875
16,45772
15,10214
19,41496
19,27627
10,49592
2,595
17,49460
15,47401
13,19737
3,935
15,6879
16,15023
14,1098
14,28268
17,41213
8,11779
17,40020
12,29570
18,35802
14,37433
20,15599
9,674
11,30031
8,15961
3,16392
17,34196
1,6670
3,30600
12,38173
8,41467
14,2044
3,41683
10,29282
20,5083
1,37921
15,11508
17,12725
8,16836
13,22064
4,33161
12,46793
18,38287
4,2755
16,23580
19,10064
2,42192
13,46219
16,27359
9,20414
10,9486
18,26646
18,21167
18,49126
10,32478
10,48416
19,5619
9,3758
3,31813
8,13173
4,6999
5,6468
10,43713
16,37268
13,36774
20,19161
11,21917
11,20154
13,160
3,7148
18,49851
20,10424
10,48107
4,40455
16,21288
8,3148
6,21725
2,22081
9,13597
13,21700
3,14346
12,28811
5,35219
6,31308
3,11983
7,37939
13,40468
19,43282
20,20496
6,35281
11,5717
9,18729
16,28992
8,46187
2,28536
15,15057
5,6043
10,11445
6,46950
16,1843
7,45561
2,20884
15,7770
5,8353
11,20072
17,47829
10,39679
11,14434
5,42016
14,36869
20,14048
2,38310
4,33619
12,3085
12,23870
12,8426
1,40913
8,43842
14,18543
14,11185
8,15128
15,16499
20,32648
7,12789
2,41366
2,49321
11,22031
12,16178
17,21561
4,41735
20,26841
7,8752
2,46790
3,33206
11,10527
5,17626
18,38952
17,43481
12,43546
12,3526
4,21895
17,16798
12,37777
7,17396
5,32727
3,38967
17,3400
1,27908
13,49384
19,36897
2,48794
9,3661
7,26188
7,12835
1,16259
5,32832
1,2491
3,15181
5,29242
5,30855
10,27564
14,12048
15,24306
14,45355
1,21997
3,19816
3,37376
19,19276
20,30721
17,13124
2,27772
2,23804
20,48525
10,18546
7,32082
13,24022
12,35490
17,24640
4,25632
6,30634
20,34184
9,19035
18,24529
4,18199
7,21507
4,39405
2,45024
20,10858
9,47818
3,28777
13,22469
2,24571
20,15796
20,15697
8,32544
17,47365
11,4178
19,19350
19,45343
13,15279
2,4512
15,2865
1,49368
10,24843
8,22085
16,26017
19,7190
11,41893
1,46178
8,44901
8,34988
7,5369
8,10564
3,6543
16,32609
4,3950
19,3629
3,29399
1,31698
11,18145
8,15801
20,45056
4,39561
19,36180
4,45399
2,33243
1,25042
19,42138
6,13739
11,13520
15,28143
10,21124
16,37573
2,28985
10,47549
3,17097
8,11562
11,35481
14,20243
7,22658
4,19651
15,38666
6,26454
1,29497
8,35261
11,16795
10,35863
7,42731
15,25168
9,48323
12,45566
8,5195
14,32226
10,25462
14,40260
12,35323
11,2206
12,36373
18,31826
19,43820
9,19540
11,14004
6,17780
7,1658
5,18310
17,47315
20,14837
2,31217
11,11950
13,47675
15,15511
17,23468
14,22185
15,36822
3,32570
17,27676
17,38861
13,31137
18,13484
19,15959
14,49880
9,6266
4,33213
12,12039
16,45112
3,9023
19,33856
5,37357
15,25899
16,46789
2,15336
17,9537
2,21032
14,13483
18,46194
10,4902
13,32451
20,17908
16,17400
2,25187
12,1833
9,5119
5,34303
19,3111
7,6603
1,45284
10,23639
18,32099
8,48971
10,5978
15,21100
4,46523
18,49521
17,43217
1,13460
12,36150
6,11197
12,8527
6,15933
5,8820
1,8416
5,7439
6,30636
5,34597
9,33475
2,19137
17,30675
18,13868
8,47765
12,20222
12,43212
3,27794
12,42239
14,17391
2,8772
1,15499
15,12020
18,13113
14,22964
10,38956
17,43018
20,21643
12,33105
10,32956
19,4970
3,23744
16,10940
8,28198
1,36274
2,42976
18,30970
11,42263
11,15112
6,21105
19,13570
20,39421
8,31528
9,8214
18,25330
20,32215
18,23575
19,41016
5,11756
5,47160
7,43304
9,38123
19,30218
13,5345
15,33763
6,34501
1,14356
19,6234
16,20290
9,26464
7,33368
19,34465
6,1576
13,32939
2,28133
13,40569
18,2940
15,46739
14,10024
10,12429
9,38569
6,25237
10,32448
11,21401
16,27162
3,38077
6,31778
17,36678
14,16024
17,14085
17,34163
15,13693
4,5054
19,27855
16,39384
13,25915
14,34322
12,24871
16,47951
3,2865
4,11974
5,43108
13,46974
15,12811
7,22965
8,6013
1,10674
4,48072
18,13513
3,27881
12,49234
15,35648
5,19818
17,49807
15,22621
3,28891
20,41679
19,13687
9,4581
15,37184
12,29620
5,27130
3,41521
13,30291
1,44668
7,48514
2,2269
20,2108
11,23835
20,25801
4,41789
16,4510
10,49407
2,19682
13,15648
8,24175
1,41314
5,19707
1,32079
14,29997
6,46631
7,676
13,7722
8,10232
5,6801
4,30383
7,28627
7,24527
8,16772
14,34305
11,38908
20,40274
19,41958
14,14851
10,15516
8,8089
6,832
11,48068
4,30458
4,29661
11,25833
5,43364
19,20705
17,49735
16,6600
20,46361
16,11622
3,12350
15,7129
2,40420
8,4778
8,11252
12,40955
5,6878
15,30248
9,41501
4,40620
15,29937
11,1873
5,30874
19,31806
19,17364
5,35390
1,21129
8,7427
11,7400
1,6615
1,23372
4,31173
9,19668
8,3321
17,47356
2,7725
11,16323
16,7827
2,7296
8,42537
20,34364
7,31737
7,25621
3,21413
9,10897
5,30590
17,29364
19,14791
3,35761
1,35324
19,19730
3,45967
18,12108
19,48852
13,21123
17,36163
9,17880
12,31686
5,49856
19,17677
7,34282
7,8808
4,12081
8,34875
9,17320
19,35761
12,10890
11,42227
17,2472
10,37703
14,30660
18,26349
10,3351
12,2025
3,42905
13,39991
10,17083
13,33375
1,8352
9,37246
14,17141
8,34287
3,7240
15,15824
16,3498
20,14111
12,10653
15,20438
18,12031
11,3688
10,16983
7,36980
9,29831
1,45709
9,24826
13,36068
6,41372
13,1087
19,43487
10,49986
14,14222
4,24101
6,9488
15,5703
18,25608
15,21870
12,37343
9,16478
19,28290
16,46163
18,2735
7,40653
11,22502
9,2202
11,16545
9,33833
5,22657
9,22255
11,6370
13,24146
5,4107
4,27517
20,28316
12,37175
15,48088
2,20982
16,22271
5,45369
6,12820
10,6848
18,37435
5,43854
10,24267
20,15155
10,45754
18,12884
8,21012
10,38855
12,17445
3,14990
19,35521
8,24306
20,44010
12,23411
1,46412
1,44037
14,18783
12,3207
15,33661
20,36934
20,25664
14,4166
1,14696
4,34001
4,11148
18,48996
2,47765
17,20065
2,13775
11,44488
14,15822
20,1605
10,35919
13,38305
8,40959
19,1040
19,46462
4,24059
3,1373
18,5134
13,3113
6,49149
12,15483
1,24856
18,41949
12,48020
1,42893
13,33311
7,6465
6,32939
6,13443
9,3955
18,21325
1,25585
11,8421
18,38288
13,43703
20,18551
4,34955
6,15879
1,49263
5,12142
20,6678
1,3341
5,38955
19,7907
5,27673
15,828
5,44775
5,31561
14,18098
20,30258
5,34431
17,40337
5,9497
13,741
4,39614
20,38109
15,7804
20,36661
10,48190
11,11509
11,12960
11,19185
6,16538
3,24646
1,639
7,48780
2,1617
8,21958
4,37714
2,9280
11,36011
10,12728
17,25563
18,22286
19,36425
2,47378
13,2503
18,13422
5,25712
10,18325
3,11067
3,19849
11,28751
20,22121
14,9066
19,19577
2,34142
5,36706
13,48898
1,14431
3,26669
6,44019
3,28610
19,27999
19,45281
3,20324
17,43608
15,48252
6,37879
14,49445
7,35505
10,46355
1,34010
1,38749
5,48162
18,23094
12,39389
8,6081
6,32437
15,31393
16,34652
18,40788
16,42448
19,1940
17,26017
9,37535
3,37810
8,6064
17,18143
5,24425
12,43119
12,18749
7,15600
11,4714
17,30948
14,19329
12,17163
10,5720
20,22321
15,5125
1,28710
5,36149
10,42180
12,25328
15,40070
6,36818
9,43527
11,25302
18,31238
4,13151
16,4254
15,45927
7,11493
15,31237
19,41933
13,18888
1,36023
14,31676
15,46858
1,9541
6,25519
11,46135
3,45264
19,44894
1,11024
19,9461
12,31582
12,5927
10,12394
9,34439
7,46297
10,29605
3,17636
2,19093
4,5043
10,5762
14,40250
1,201
7,35082
18,32622
6,40572
4,7032
16,45844
15,46607
16,45923
6,868
18,43054
5,47746
9,15272
14,43156
15,8878
4,8745
4,13137
14,8754
17,47361
10,35879
15,8495
6,45665
20,4895
16,40247
19,25099
17,12273
2,6602
4,10373
6,14595
11,12278
15,46523
4,15496
7,17100
19,10002
14,9838
10,48592
16,41296
2,33251
6,36934
18,15651
6,4594
4,26936
11,12205
4,33370
3,15581
11,39835
8,43300
20,46042
11,6687
3,13331
5,48722
16,18691
11,22906
18,3100
2,36017
18,15395
17,2779
15,20492
11,44448
15,4978
18,23380
13,20908
16,43533
17,37924
2,5029
11,41524
13,37425
4,25843
14,42986
4,23810
20,36844
4,3792
4,49755
6,23824
12,8558
9,33296
11,25882
11,40679
7,34264
9,4018
10,29107
13,13789
1,14848
8,7393
6,17979
16,25971
11,4318
18,6557
19,29388
17,34469
16,37916
19,25954
15,9045
11,29252
17,24937
18,19095
13,30585
1,23055
16,3101
12,11457
7,40001
17,30548
12,48625
7,41137
12,25866
11,31021
3,19802
18,24403
9,44280
16,42129
3,49476
3,130
17,49653
1,27031
17,30606
15,34332
15,7674
2,37623
13,12905
2,19054
6,35487
7,25154
1,25420
18,35047
2,20415
1,18597
18,17272
9,47436
16,23281
4,49701
18,33403
5,17243
16,36150
18,27045
6,47084
4,46570
15,4041
19,46370
11,20679
15,21267
19,13730
9,43425
16,7212
11,18524
5,43344
8,19509
6,4872
20,718
4,10425
3,9407
4,25145
12,894
2,22986
9,27479
6,43693
12,39507
15,30359
12,22912
9,28353
19,31098
1,24278
13,42175
3,12969
18,2991
2,466
12,33943
10,2529
20,9962
18,3527
9,12798
14,1664
2,22739
19,27750
12,8107
6,8951
17,35331
1,25384
18,25714
8,6563
5,37566
13,30544
12,12355
14,9816
7,8500
13,49505
16,44157
15,25157
6,36503
16,31424
18,44397
3,36943
15,23113
16,13873
17,41517
13,41130
2,39137
3,9106
9,22910
14,145
7,23337
9,22947
8,11955
3,27483
15,36935
9,13731
12,7387
3,16713
18,4402
4,49403
1,27008
8,28478
7,26873
20,48382
13,40163
15,20123
3,9482
14,28934
8,15582
17,28131
8,38309
5,8164
1,44053
3,42572
1,47722
12,36470
14,18391
9,33786
6,32831
16,45160
7,37190
18,41927
12,24195
4,40232
14,4977
2,42661
3,26146
10,7553
1,39604
2,39555
11,24429
19,40493
8,10102
9,34945
17,45910
19,2323
16,10250
15,39104
3,34182
11,46659
20,15950
12,49714
17,8211
13,46426
11,32668
7,28855
19,46459
10,30131
16,29297
10,37189
16,31087
17,41586
19,34495
15,26088
8,39049
19,23343
8,43269
4,39682
13,44226
5,24645
7,13824
15,28566
20,34580
15,23703
6,43854
3,32564
3,42057
5,45243
8,1311
5,15168
11,31309
6,12347
7,49625
5,36454
19,5020
11,42740
12,32712
5,18246
19,37967
5,40311
8,29944
14,48691
7,575
9,4765
7,16482
7,33421
7,1780
3,22086
9,35318
8,31829
5,45923
7,45828
18,32469
20,18379
5,31243
10,25284
17,46141
20,19672
14,8270
15,9156
2,5369
17,9487
10,48000
19,21469
17,39296
6,41797
1,39082
1,31717
1,19326
10,16061
6,41252
4,6699
13,44400
17,4449
15,22429
20,1560
11,44657
11,30385
11,49864
18,12919
20,20084
16,44257
20,49563
19,30823
15,3190
6,25994
2,5331
12,11111
15,7318
14,39151
8,3488
13,27713
15,6863
3,22311
18,26167
16,42993
20,44705
16,3810
16,45751
4,16945
10,17332
6,8084
11,12279
12,41279
19,45876
18,3397
8,39741
13,42150
9,17326
3,49607
12,18216
8,28634
7,47684
10,17866
2,47185
8,46696
7,25324
8,25029
5,10627
16,10547
11,8192
4,34830
16,42208
7,17618
14,36333
4,39301
14,24218
12,10222
14,2331
1,17152
15,19553
17,33412
10,18781
18,4764
7,29131
15,6483
13,31915
6,41313
5,3366
2,28054
15,4295
3,24888
19,37725
11,26383
13,20762
2,25846
12,10426
6,10302
9,25442
11,36870
14,22387
1,33562
5,8478
18,14127
3,47938
2,10039
12,18431
19,13413
8,35576
4,13961
17,16472
8,9916
10,1577
14,33709
12,10101
13,1106
5,44625
12,31913
7,49877
18,17321
17,809
14,36464
17,11286
3,36348
10,49197
19,28839
5,44401
11,38660
15,4833
15,9131
8,25959
3,37262
19,8185
7,24742
1,8542
18,2137
2,46720
16,43271
1,23848
2,24121
6,17334
19,41914
18,10604
5,21814
1,12682
6,23796
20,8774
7,39575
18,14127
8,28280
14,47277
19,33040
1,42086
7,41658
9,33275
14,5356
14,38858
11,43896
7,49519
11,4002
12,5416
6,46119
16,48970
20,45526
1,41280
4,26393
12,17976
11,31731
5,20385
1,12515
15,21316
6,30355
5,19103
1,28818
9,7094
1,25610
1,29025
15,48362
15,1407
8,9690
6,49718
15,37235
19,2979
2,15169
10,35580
11,42534
11,25878
10,34606
8,30735
7,32563
2,5569
15,30995
11,708
8,36902
1,27185
7,33236
11,38815
10,34411
14,35742
6,25958
9,27423
11,44596
7,42324
10,5308
5,19459
8,32230
7,47362
12,48627
9,15358
6,25074
10,38003
20,25019
10,13280
15,17669
9,6464
12,39124
20,46787
8,43118
11,31228
10,5357
9,41584
6,36824
3,48247
15,42782
17,28537
11,30146
11,32626
11,40416
17,15427
9,23624
3,38208
10,25870
11,37482
12,40443
13,19255
8,22994
1,26092
9,36471
9,23677
13,41498
19,36786
9,42666
1,29539
6,3358
9,45494
15,5853
18,8463
2,8914
12,35392
14,44346
8,46049
2,32443
1,48868
6,1960
13,19069
4,43217
9,12301
16,43241
19,44523
1,31213
7,34789
11,10490
12,11786
16,22360
18,27400
11,41896
18,37320
2,198
12,10225
1,15548
19,23507
10,31736
8,23784
20,26824
17,9229
13,39974
10,17031
9,17069
6,1576
1,21596
10,43898
6,14372
9,45439
10,12640
16,22837
1,44448
19,47987
6,15296
3,5833
15,28827
9,24635
4,41173
17,43555
5,21463
6,12290
17,33945
14,9079
18,35196
15,40941
10,48183
8,11789
5,40758
15,40566
12,39348
8,17987
12,12812
3,12342
19,19180
5,13193
4,1695
4,501
5,25527
4,24706
5,48897
10,22892
12,12159
3,37552
14,39199
5,20080
20,35466
9,16255
6,43081
1,24014
7,7916
12,8442
2,22590
14,22894
4,6662
3,9116
7,33186
10,31341
11,33466
19,36464
3,2164
3,43131
8,6840
20,44413
11,11647
14,26964
13,12712
3,7202
14,21632
1,37987
19,38572
4,16151
20,11440
12,43972
10,28009
20,49281
5,38978
8,11998
3,41862
2,48992
4,34678
7,47561
2,4212
20,9960
10,31030
1,13405
18,36286
20,46160
6,32586
11,14364
12,20603
13,49078
14,47399
12,42047
3,26320
7,36058
15,7240
4,5115
2,44483
20,29729
16,38798
6,10252
18,35503
13,17521
13,49263
4,17258
1,42562
7,4716
18,1171
11,14818
15,42190
4,35898
15,5940
16,43028
10,14611
5,23993
1,35536
2,44443
8,30858
9,25755
3,32203
2,40803
11,27363
1,40566
17,28031
16,33187
20,43649
12,9595
14,43221
7,646
9,33323
14,44946
6,10195
16,19782
5,22080
11,48410
17,15361
1,22866
11,15204
8,17440
1,2495
11,47000
12,37173
1,24924
9,41696
16,47624
13,18273
8,28637
3,28291
13,43432
20,28366
6,19128
12,43134
3,19491
17,721
1,45310
9,43942
4,44338
19,4547
16,6739
16,24559
2,7733
2,26129
6,34666
9,24035
4,17846
13,45854
11,4850
4,2445
7,9470
1,22009
5,8049
4,5821
14,26549
19,10662
18,27236
13,1683
19,6179
15,40715
6,6919
17,11818
2,11880
8,7461
13,41620
6,17432
15,36165
1,23688
10,45210
5,30200
16,28802
13,30647
1,23427
11,34796
2,37814
9,15249
7,29632
20,32394
16,18947
4,16975
2,471
1,27428
1,44974
11,44020
9,13963
20,29400
12,46254
9,39658
3,12109
3,23148
5,45392
14,19653
7,27510
6,26755
12,43549
16,13968
2,4835
14,38704
14,14936
8,42830
12,30343
2,1272
20,679
19,40943
15,2282
9,849
10,29420
17,4768
14,943
15,34061
10,42430
1,22172
11,2486
17,29812
3,45641
17,5651
13,8442
18,27889
15,41264
15,48116
13,47206
13,22406
8,29452
16,48395
6,16058
3,36555
17,40566
11,19734
15,14621
20,40598
13,37913
13,46299
4,23969
5,26862
18,13402
4,4550
16,28467
5,17303
18,33125
8,27168
11,30877
18,18773
2,3565
4,44917
14,20134
13,25047
4,6701
12,36092
12,28447
20,19065
12,14212
9,42411
19,30449
2,48944
3,23896
7,42427
12,6297
1,7045
16,7305
9,3929
5,27008
18,17160
1,5623
3,42503
9,46721
17,14789
16,21905
8,29566
7,32854
16,47765
16,27224
15,36999
1,22476
14,4879
10,19204
5,18897
12,11526
12,23468
2,16061
8,25494
16,26375
1,694
19,43442
13,47943
20,37386
6,6127
4,1822
17,6312
19,40549
6,32422
11,41936
12,19720
8,43387
19,43945
15,35141
2,43970
6,3203
4,26852
20,40499
5,37033
1,11971
13,523
6,49712
17,27949
3,20516
14,36774
8,46284
19,40143
8,9183
19,45836
9,28646
18,13893
17,44691
17,31164
20,5046
2,45613
16,22900
8,43991
20,4763
14,17917
1,31596
10,31055
6,26134
17,503
12,4833
16,36970
17,48841
7,40321
14,11788
19,23700
4,8547
12,28545
13,43523
13,16446
19,10033
20,11105
19,17812
17,41707
19,19579
4,5152
5,22399
9,7678
15,48434
9,33162
1,20425
11,4061
20,6655
19,33492
11,12156
15,27022
11,49686
4,6225
19,9662
12,8724
10,1975
13,3740
15,45774
14,36056
14,3282
13,8354
17,3823
4,4185
12,36050
3,36302
9,36716
7,20312
3,31080
17,22985
8,9567
7,12835
13,28564
15,32412
4,33726
11,13939
20,6529
14,22269
2,44900
6,21733
9,20561
15,4888
8,35566
1,41074
10,46621
13,11125
18,25520
13,9662
10,15700
19,29479
4,36768
12,25878
3,42719
7,12039
14,42542
19,15884
17,33989
6,16267
8,34476
12,22669
20,47040
6,2996
1,28250
6,14715
9,16268
9,24260
10,29210
12,7945
18,27435
7,26541
7,41410
16,8798
18,46074
11,46147
4,43893
16,11787
8,25517
15,44731
8,30729
2,8360
16,10759
17,45905
20,9286
3,19487
12,49110
5,41601
7,29498
1,14561
4,49525
16,9725
14,40642
8,11629
5,40335
2,4106
11,985
12,33170
2,32761
15,26662
15,30534
13,38573
8,31589
13,28600
11,43577
5,19552
3,35705
8,17907
10,11209
1,29231
17,40242
9,15545
17,38205
7,10332
2,22384
12,35627
17,12230
16,12681
11,21447
17,39717
6,1758
10,32999
8,24891
12,23373
6,20108
14,17481
14,4343
19,29128
3,41759
20,4798
8,49274
9,46547
18,15882
3,18741
9,19837
2,42372
19,42541
4,3643
10,28915
19,35721
16,31450
6,30295
13,10475
5,2843
11,8295
15,47931
1,47939
7,26105
20,35423
6,14506
13,32385
16,2671
10,22985
5,38454
1,43089
7,21778
17,25007
13,16542
5,6523
17,12807
16,49677
15,7927
16,26240
8,18941
5,25896
19,12872
11,11819
13,30643
17,15677
8,32622
18,27237
2,8715
18,2518
3,31623
17,4886
7,10332
12,24688
17,13026
13,6942
2,23629
15,13613
18,23294
7,26645
7,49109
20,40993
4,4913
15,43165
6,12138
15,46175
8,22505
10,13745
20,35172
13,15047
2,19748
9,6652
19,2357
19,19934
17,7631
8,5062
9,45211
6,18315
14,4956
16,38991
5,850
5,17252
10,16550
7,36466
4,26695
6,7730
12,41812
15,2657
2,13112
12,11664
15,5509
15,17930
8,5314
15,25057
16,33374
7,13475
12,1402
15,47327
19,6780
17,36166
11,22372
14,29298
10,2095
12,42058
5,10066
17,43009
6,42114
8,43117
10,31409
1,16077
19,5957
14,12417
20,7433
3,18957
11,46183
2,18941
17,41036
16,32103
6,37025
18,27064
1,23002
4,4836
11,20573
13,4695
14,13227
13,40789
16,5021
7,37144
13,45276
5,2215
10,35851
12,2726
18,32816
11,11694
1,31568
13,26348
12,17574
3,8913
9,16251
3,32249
15,13723
1,19812
20,35971
16,18814
1,27162
7,22472
13,41125
14,38312
17,16159
14,17378
11,5240
17,13758
3,24748
3,28094
4,43101
2,39823
3,31865
13,25873
16,39559
13,5648
8,18078
5,14197
19,5414
7,32413
9,16304
8,6480
4,39447
7,2284
3,12497
10,32717
5,29551
4,32134
6,17862
3,222
9,19361
16,26774
16,47685
18,23468
2,39839
1,40956
10,2530
20,21952
18,42228
13,47824
7,41959
7,13045
16,36012
8,30397
13,40307
19,30593
4,46744
8,32908
12,31569
5,14798
19,19232
16,22208
9,22270
3,48602
11,12221
17,29021
8,5920
18,24351
5,16496
20,36262
20,15203
5,2572
11,17389
7,21447
5,32090
8,7839
14,28045
16,14666
12,11102
2,18956
5,45187
14,43685
14,46328
15,19900
13,3212
4,17354
13,6595
11,3500
5,37475
12,17051
17,9768
2,35147
11,30414
17,34638
8,27228
19,14380
20,29359
11,538
9,3961
10,29678
13,8127
18,41118
16,41130
5,1861
11,38593
17,10720
19,36234
9,21573
8,8818
3,32248
7,25209
13,21929
17,13146
7,43649
6,38771
10,20095
12,14933
12,19896
11,9459
7,28760
1,19221
15,47718
5,8265
5,10041
10,26885
4,26287
13,19548
15,49031
7,17355
7,26080
19,37126
18,25991
14,16254
12,24209
6,15642
11,24128
3,14954
10,4011
9,43946
6,24727
13,37434
5,35443
3,16687
11,43027
3,33931
8,37533
5,21405
11,37586
14,45747
3,20229
6,13686
16,11507
7,15178
1,20470
6,45905
17,36440
8,38032
11,26846
16,11848
13,20319
14,47017
9,19946
6,36093
7,23205
9,30894
12,42705
1,19591
11,37149
18,3659
10,3502
13,40596
5,30497
3,27253
1,2197
15,7833
12,26458
20,15867
16,12724
5,40722
11,3055
19,35243
14,19261
11,16059
20,37540
8,21748
11,26288
12,35455
20,42088
3,46479
17,37288
2,29265
6,23864
8,20604
7,47491
14,18186
2,46879
2,47910
13,12751
3,27744
8,3776
13,45201
20,9717
18,49579
5,40693
14,16197
16,20554
16,44304
2,424
13,14279
5,11459
3,11734
16,49330
2,12099
9,47951
11,17087
1,42261
16,6895
3,36067
12,43554
16,38455
10,43654
18,47085
17,5463
2,37383
6,30941
16,9202
12,39245
5,24009
17,11978
5,2079
18,4467
9,20720
8,28056
1,31902
1,35960
11,40362
19,49169
20,1679
18,21570
12,39340
20,4452
20,38993
20,13363
1,26012
18,38478
1,49979
15,20651
2,17005
20,27040
19,398
20,5830
15,40635
12,11448
1,23895
3,38343
4,16800
8,7139
16,19204
9,47246
7,38437
15,4882
1,867
19,10688
13,13444
14,18612
3,16832
2,49016
16,34967
9,12075
9,33163
8,9721
17,48744
11,23780
16,23866
18,725
4,38003
7,22927
13,42855
14,32070
1,46044
2,689
9,365
8,6762
5,34131
14,10027
17,25179
7,20221
10,42956
7,34823
17,35781
6,5331
17,38599
11,15975
5,24833
8,14738
8,28487
2,23456
6,36521
9,14329
17,1283
17,15717
17,20791
10,6832
11,32110
8,14372
12,11275
3,33516
6,47954
3,39380
15,15524
16,33276
8,23009
2,48972
15,45221
2,31762
20,22179
17,48407
13,23515
8,19171
19,31030
14,1850
8,18039
3,11179
4,7738
6,3880
3,23213
13,22540
11,1661
19,29788
7,13955
9,14915
12,26666
2,49864
1,30676
16,42766
16,13762
13,45733
15,48494
4,13006
20,17367
2,10811
14,13870
3,46564
7,3001
3,42882
18,4283
3,43902
14,41261
9,39221
6,33739
17,49166
5,11547
20,17075
11,47117
14,7736
19,9207
7,34698
7,41174
12,17347
15,29034
6,12340
13,49345
5,4732
20,2256
9,26955
7,5354
14,24347
18,49095
8,28688
13,20034
15,25202
15,126
20,40325
16,25997
8,18728
17,29693
16,44186
15,14362
14,33876
4,45347
9,12658
1,6655
14,37703
2,29755
15,32808
14,25239
11,23403
19,24916
16,7970
4,16050
13,28935
15,13440
17,17665
17,18317
9,12873
10,24390
20,15966
2,23842
1,15559
9,1859
6,26020
7,27961
11,18398
10,15386
14,32924
2,7187
20,30277
16,48415
13,21987
9,48040
11,13383
6,43403
11,5270
12,18837
15,18449
17,26789
5,4063
15,39699
16,39856
15,6813
6,13796
20,23048
15,11081
9,6167
14,4135
10,43877
17,6816
9,12083
7,16310
8,6635
7,13339
13,46115
5,38054
18,13323
10,30476
4,4909
15,16996
8,2780
20,45057
19,6015
14,38133
7,1196
18,16349
14,47608
9,29429
10,5393
13,11136
19,377
20,16436
7,49585
19,12817
10,40750
17,34346
17,5171
4,44861
6,47176
6,14134
6,23465
15,42076
11,46402
9,35975
13,49037
17,40191
1,32160
10,4150
5,10759
12,38727
8,38818
9,41979
20,23415
4,19453
7,31944
1,44493
10,46067
13,17208
19,1817
15,40828
18,19352
7,18135
14,17585
4,34377
10,44284
11,20829
11,28907
3,3630
4,20043
1,35697
12,26903
17,43016
19,42849
10,31082
20,44844
7,47337
16,46597
3,34598
1,29543
6,13082
11,46294
3,43906
11,10147
15,15837
10,44816
19,18261
7,29396
18,14406
11,28566
6,6752
16,3378
6,20623
18,24723
7,27445
20,48024
18,9976
8,27884
8,15536
17,23144
14,43137
9,48217
12,12894
14,45973
3,10140
17,31811
6,26146
16,30835
8,48888
3,10569
8,11889
14,15688
8,44077
13,46282
9,9210
19,1379
8,13811
5,24181
8,29835
3,14143
17,25670
1,8952
14,41679
3,48844
7,33628
5,2228
12,10044
13,9388
4,15126
13,48566
15,29363
7,48795
1,33719
10,4158
5,6260
8,5527
18,32461
13,16828
19,3736
10,16914
16,3459
14,5454
8,25977
16,8987
7,18611
7,30472
4,14796
18,47676
2,21068
20,2415
18,13685
5,37159
2,4718
10,23589
19,42760
18,46903
13,5350
13,6931
13,8836
9,4914
14,23741
4,44485
14,15174
6,28731
5,27222
11,22130
12,26604
16,32591
4,7082
13,31509
18,36382
20,21623
20,28200
13,3724
15,16186
20,44081
16,21088
4,48265
2,13500
20,41790
16,29690
19,20503
17,48049
10,3862
13,22290
13,13371
18,3401
4,24580
3,9678
18,38205
9,5242
17,18675
19,20052
15,44918
9,16674
5,35713
5,3219
5,15328
17,37680
4,42729
15,25221
2,9679
20,7468
7,3666
14,13950
1,25179
3,39388
13,13566
17,22815
12,46848
8,41343
11,7959
16,24538
14,18672
9,619
11,5406
10,12390
17,48673
20,3242
8,14941
17,6548
3,33730
11,1063
13,34423
15,24073
8,42662
12,47984
8,47123
8,14783
8,35436
2,18055
4,45688
20,12361
20,26947
4,19971
14,25015
11,38377
13,693
4,21505
19,6627
7,23897
20,10284
14,48869
17,37761
1,12320
20,15801
11,38220
16,46818
9,49572
16,25419
11,43210
4,39415
4,35244
3,26012
3,17512
13,20139
14,9145
13,5771
14,10796
20,16173
18,39818
2,3170
11,27722
20,27762
17,15497
11,49833
11,21760
8,5987
6,29390
10,29197
2,17384
20,25103
14,35186
8,30649
12,25496
19,33155
18,33483
9,21799
1,23231
2,19988
18,20161
7,24175
14,45370
12,28420
9,27219
15,38784
3,14747
14,23795
18,28717
20,34630
10,20391
19,12822
6,31713
6,9527
13,20646
2,27927
8,37081
17,41089
17,19941
8,26444
3,15458
17,24990
4,33765
17,20060
18,29241
11,23593
2,32243
13,49987
2,47099
14,1566
2,25534
15,31438
15,30122
2,46800
20,18287
20,29461
3,42119
11,27562
7,33372
5,46095
12,20084
19,45823
16,16243
6,23494
9,18159
5,30495
18,25574
18,44563
4,6330
1,46839
14,6076
12,465
5,28589
3,10148
18,44079
16,28804
19,36851
6,4622
1,37256
11,20019
16,16005
10,23317
1,26884
5,5671
12,49025
8,18310
14,31723
14,17312
1,22360
17,22202
2,21237
15,29365
11,21646
10,26402
2,4053
3,22587
9,13875
3,28992
9,16593
19,45073
9,38123
4,38582
19,25487
16,19758
18,13480
11,30860
6,15259
11,12683
15,9950
17,20399
4,38683
14,49246
18,35864
7,26204
13,5038
1,734
5,16191
15,9881
10,31530
11,43991
4,2227
17,40273
19,21390
1,33542
8,27477
11,20542
11,4647
4,47611
5,31198
3,30833
11,2014
10,13069
7,7802
17,800
17,35755
3,13096
19,16736
19,7569
8,28419
14,38225
17,36973
2,9260
8,356
15,6902
15,25431
17,47384
16,6750
10,28872
2,38013
4,11722
12,39464
18,12591
4,22044
11,28942
13,2397
10,9529
7,42781
2,32561
18,28959
13,38894
11,46823
6,39904
2,46473
17,30616
9,17045
18,1510
17,2569
16,39919
9,11694
8,33909
11,32257
16,18140
19,21221
13,13972
15,19951
7,23633
10,49705
10,10657
6,1747
6,30123
18,14567
11,23608
3,22261
5,19719
20,31277
17,4112
13,27543
5,8775
16,35902
6,8095
13,11615
7,39877
16,13044
4,8015
9,45438
11,18464
13,45099
14,3666
17,41897
20,16148
11,7280
20,39293
5,38053
2,29243
20,20002
18,25906
3,44161
6,34202
12,9248
5,48815
16,32756
15,16050
14,49585
14,30142
9,37922
9,39316
13,10749
15,35952
4,14425
2,1311
14,39039
5,19880
12,7922
9,49697
20,31039
9,33589
12,34514
19,46580
8,16317
2,48958
16,6257
2,1671
12,956
17,6975
5,27798
12,26698
3,45868
8,38514
9,27336
16,19909
16,45082
4,22772
20,42214
5,7499
6,36186
1,7505
11,16920
16,33171
7,3095
15,6022
20,11191
12,28479
9,7340
20,39643
4,22728
15,43310
17,35455
2,47538
12,40591
9,9158
4,23114
14,20198
15,28958
1,17226
5,32024
19,14097
20,153
17,8709
18,45944
20,544
14,4162
20,24250
11,20802
18,28346
13,25169
7,30984
2,32399
4,10693
17,17598
7,37130
18,44053
14,45270
19,45018
19,11574
3,872
13,28588
8,23766
6,46250
2,26641
13,37807
7,38528
2,11787
3,16940
7,21560
7,22167
4,38009
19,46527
6,24204
4,5480
15,29223
9,47836
2,5584
5,26093
19,7255
15,31763
16,16937
6,47880
13,48974
10,48246
18,23047
9,44172
11,15555
9,44042
15,46692
4,46076
3,21116
17,25195
4,6768
14,6009
8,13039
20,25715
3,36365
11,222
13,49206
1,40192
8,26480
10,41471
1,47918
17,17232
15,12209
11,47698
12,4291
19,20340
8,5705
18,27850
13,26632
4,46605
7,19630
6,22970
19,23644
16,4603
10,6604
19,2930
2,33638
11,47098
15,41248
12,28463
9,18405
2,6715
5,19629
1,39603
17,26864
14,40015
5,12983
20,21436
13,20810
16,8227
18,2330
16,32647
11,22799
16,38959
15,34925
13,19970
10,17246
12,34375
1,48820
10,38624
19,48031
15,3674
1,20151
11,26053
10,27480
8,26344
18,47430
4,5250
6,15621
11,27867
13,34147
20,5153
8,4580
20,11906
6,28877
20,11724
17,563
5,48251
16,25623
13,25680
3,39654
16,48994
4,18322
7,31307
11,934
17,36246
7,18731
13,45824
9,27159
1,26981
11,1770
11,23233
1,13449
5,5822
12,8945
7,47368
10,23579
2,34156
16,36419
9,19290
2,16707
7,35954
5,43524
13,14500
19,27543
16,21687
9,7225
13,27851
14,48581
9,14161
14,3496
9,6589
17,34022
13,18596
1,24552
10,40336
5,11967
18,24395
17,35731
20,28415
7,21468
13,22842
7,36328
1,16574
4,47766
19,5492
9,403
16,28121
3,16668
8,46657
10,40874
19,10808
18,42248
16,31159
15,6125
19,36038
7,13614
4,49207
9,49486
18,37848
3,28421
8,46086
2,2769
8,40253
8,4645
1,17651
18,26201
18,33617
3,39391
17,15938
2,37192
17,6989
14,34158
7,43484
3,48421
12,5382
2,47269
20,25486
18,45490
8,27801
6,26119
15,48671
11,43929
10,44126
3,32922
18,10432
6,38337
16,12791
4,6258
15,4487
8,34740
18,6581
17,3939
6,30973
7,8024
11,43579
11,5733
19,35553
9,26111
14,8023
1,43041
4,39522
8,10778
18,10880
14,15998
19,6051
3,28846
3,38398
2,8728
19,19363
2,43733
12,39560
1,12847
5,45360
6,16954
3,41298
17,22992
5,15669
12,30666
16,21330
12,36730
20,15621
17,44170
1,44756
15,16720
8,387
1,14710
8,447
8,8570
14,44281
19,46730
13,45171
17,24683
14,48161
12,395
20,39380
14,25950
2,39364
18,22206
2,34178
8,15359
20,15497
10,28394
14,48446
17,35803
14,36750
19,13546
1,41728
10,17521
6,3347
20,40861
5,30481
1,10295
4,42691
12,37045
13,1712
5,5313
19,19968
9,44738
19,10108
9,27803
12,9679
15,39580
13,12473
1,41191
14,20179
2,45399
7,8684
4,39367
17,39367
4,29365
14,23351
3,1775
1,45243
5,5221
14,16703
18,7374
4,8836
1,11901
8,32415
7,31951
16,9354
15,11874
20,47475
8,1288
1,2481
15,48446
17,49711
13,9557
1,3274
18,3488
17,978
16,4929
11,43910
14,13399
14,16074
1,6487
4,2373
2,2865
20,1488
12,48000
8,11958
16,32359
13,46801
14,17891
20,30691
6,15846
12,23641
19,42410
11,8893
13,42274
1,27764
9,45281
17,22444
8,5477
8,35528
18,2522
15,39553
2,43665
13,21420
3,10327
16,9525
7,22578
20,19682
1,6828
17,42421
13,45155
17,48083
9,4860
2,36744
9,22552
13,15387
2,24511
20,32348
17,186
11,30487
14,45356
3,5524
14,27785
16,34626
12,8362
1,13355
14,22403
18,21811
3,8975
12,11786
8,48495
9,43046
12,44679
2,22699
3,37884
14,43964
8,6876
9,44423
11,37322
17,44044
17,22100
20,4565
19,7452
9,12964
18,48864
8,39859
1,654
6,110
15,47763
8,20086
6,16826
20,38352
20,26951
10,11711
4,36296
7,633
12,38806
17,4972
10,41313
14,890
11,28450
10,41225
18,42695
19,17820
6,4045
2,46550
14,40232
19,11543
8,35840
8,14925
15,7306
18,15350
15,30618
14,37232
4,4546
17,37551
15,7635
4,776
6,4461
2,16330
9,12400
4,9200
13,27597
12,10282
18,31642
9,46064
19,49022
2,5698
11,45845
1,15332
2,15622
5,26147
9,36292
7,3943
4,36553
14,11754
17,16449
11,40849
18,16481
16,42842
8,45972
20,8031
13,36286
1,22700
9,25568
17,22636
16,21805
4,3906
20,28408
15,14702
16,32731
17,2617
11,18404
10,8168
20,20025
18,17366
6,5067
1,38702
5,35185
19,27045
18,28534
6,28790
11,21133
16,2891
5,30047
18,37747
5,30912
18,41066
5,46314
18,33739
5,11053
7,47470
14,23213
14,111
3,20742
17,4312
20,1474
15,42013
15,6162
14,146
19,47598
5,6286
4,41831
16,5776
20,6598
7,47248
18,35452
6,10520
16,17440
3,37250
9,29247
12,8200
2,24292
4,26468
4,34870
10,17086
1,5776
2,18374
20,35620
5,30619
14,41305
17,8159
9,36965
17,20122
19,15638
2,6210
9,42174
2,44415
10,14531
14,42820
7,31873
2,22656
2,22182
3,29815
19,43913
17,31512
16,26706
1,22746
7,35518
10,10009
19,31227
5,39272
19,27267
16,12243
10,18520
8,18931
12,33940
17,29753
9,4804
13,1989
18,21129
4,4354
14,25845
6,46639
3,11731
14,4150
8,47348
20,2983
16,39722
18,2968
7,8614
5,22986
17,1412
8,17931
5,5270
18,4637
3,44340
15,41459
1,39739
19,25202
4,13065
18,7293
4,26734
12,47094
5,44338
2,9617
13,49471
16,36470
3,30108
1,38717
8,47092
5,21297
20,44796
8,34801
9,27361
8,12585
20,27548
10,17051
5,23710
19,34425
2,38491
8,8008
13,30335
13,16006
3,19823
18,2986
20,43620
6,829
6,33219
11,32611
18,44686
3,39882
6,12909
18,31030
18,32306
10,43995
7,41191
4,3055
6,5927
17,25976
9,46707
9,44839
4,40296
16,22995
17,22367
14,26821
6,13236
5,36699
9,40141
14,9093
7,20136
10,34364
12,36458
12,28017
4,37064
13,14887
6,45242
7,26029
13,30892
12,40403
16,41398
10,18181
19,48176
10,1895
16,24882
2,11236
13,48363
20,47889
13,21195
20,30675
4,29738
17,19723
6,38261
20,11325
2,20405
16,16744
9,44795
1,30801
5,35360
5,33393
12,48227
20,48366
5,31488
20,22489
12,49057
14,8628
19,925
8,48540
18,6699
7,8100
1,7780
20,8139
16,14562
15,10292
8,34549
8,938
5,21157
16,13879
15,28540
17,43864
18,48776
15,21060
6,40721
3,38663
15,19477
9,29854
9,34358
19,6154
9,48127
1,12106
5,30515
12,4260
18,37946
17,27851
20,27907
9,2287
6,28577
12,38858
6,232
1,20405
16,5323
14,48021
5,26493
20,18634
14,3958
9,14705
3,18045
11,16742
19,3469
7,18605
16,42067
13,41254
15,4591
10,44224
10,36268
6,1242
12,25286
19,9979
7,19833
18,10943
13,20041
4,38610
3,19225
13,10885
6,7451
18,29277
6,30763
14,23582
20,30204
16,2029
14,12326
9,999
2,6749
13,7540
14,49106
17,6336
9,24459
10,22635
6,12883
12,9982
6,640
17,23684
15,21234
17,38298
9,21899
19,30419
20,36506
8,21543
5,24563
20,13958
7,13891
11,34484
17,1956
1,49294
7,45475
5,26496
12,14403
7,15367
16,40253
1,8413
8,15583
16,36335
4,18135
6,48799
5,4690
8,45574
12,33630
20,38751
20,23286
9,6205
13,15133
14,30418
15,1936
3,43969
4,19238
20,39307
15,976
18,7686
5,11443
20,10759
11,28102
20,12874
2,9781
3,44055
3,35638
11,7623
14,29063
5,28454
7,48221
2,25108
17,5702
16,15470
16,37883
16,29663
10,16537
3,8494
10,30972
10,34236
2,2115
1,33606
18,30616
10,14093
1,14645
1,358
11,10627
19,24868
20,35349
17,563
15,38567
17,30521
4,28344
5,33198
14,10531
18,48191
3,18211
1,32761
15,40128
9,24909
10,23292
8,47459
1,18902
19,39692
10,11633
8,49818
14,39937
12,43325
4,20279
17,45822
1,28046
18,42891
18,38365
9,17476
2,32870
10,37150
10,17444
9,12628
16,47775
20,8360
11,33392
15,36562
13,12018
1,31680
7,22191
14,48095
9,13701
16,21382
3,17371
10,33810
14,28948
1,33441
7,39373
19,1765
20,34310
6,48582
17,2921
2,26198
11,37825
7,34272
7,18322
10,45373
17,11106
11,21073
12,3185
1,32667
1,9404
19,34584
16,13503
18,25064
17,30750
7,22406
7,1324
10,15673
12,42564
16,40893
16,8564
2,9725
2,18509
17,677
20,14884
4,9514
20,13486
13,19189
9,18465
20,12058
6,102
20,27654
1,48584
6,22050
1,17575
7,20150
15,8203
7,8651
7,29466
11,29800
4,23661
18,22063
6,28500
4,962
12,45361
16,41168
15,43542
9,32015
14,7583
20,3032
6,2600
15,24091
17,26269
5,13439
2,34218
19,27061
13,39171
4,32658
11,45496
5,40424
1,13533
9,32114
13,29622
13,14845
15,48061
1,271
11,22349
19,10331
2,33426
2,22507
2,19352
17,22446
17,25854
20,42286
5,48523
14,31336
18,19465
11,33659
16,36712
20,10095
1,41738
3,44022
18,22802
20,7292
12,34460
14,27642
12,20477
15,9466
18,43362
15,45544
7,14796
9,3711
4,14597
18,5921
7,4194
18,29361
12,31005
16,39659
13,14488
12,26206
19,41272
2,6492
4,37352
14,29676
6,17720
15,46157
12,101
1,48695
6,4099
4,48158
8,16536
2,49208
6,4600
12,20202
7,22352
11,15134
15,45141
19,18984
13,47192
16,28642
17,33715
18,8628
11,48963
3,18172
1,5919
16,36393
13,13633
16,36318
11,2431
4,39657
3,28510
20,12765
7,36720
2,7234
16,9031
2,792
20,42125
16,39084
17,11509
2,49826
7,1846
7,47515
5,12748
5,43610
12,27639
1,30032
3,41868
10,32726
9,30424
1,46592
17,12805
19,40321
20,22846
8,38810
4,38326
12,34291
3,28908
20,19635
6,22225
1,26794
10,16725
13,25026
5,10290
9,40377
18,41959
6,9378
13,38920
8,44416
17,29221
5,7088
10,24567
16,20713
13,34635
10,24980
7,34085
7,36886
18,10918
4,1931
13,40015
9,1997
17,33021
7,16691
19,22403
10,37015
5,37059
9,1611
3,17227
20,44489
8,1327
7,22862
1,16827
7,22619
2,12290
18,7334
4,34800
14,48218
6,43978
18,24042
10,11390
12,37117
2,24440
19,41734
12,28917
14,47417
20,31726
10,47873
20,49258
16,48526
1,39190
1,10305
12,19771
4,32782
20,25203
20,27043
5,38635
4,1112
8,26145
1,45143
15,23330
17,46571
16,22505
2,10622
12,44727
4,32564
15,46094
10,1532
13,15919
2,41829
8,26211
17,22929
9,46044
20,22225
10,22809
11,6771
10,29159
2,37060
4,17042
9,12534
1,8295
1,8326
7,11201
8,12429
11,25934
14,916
6,24710
3,16843
17,17493
12,11932
20,7872
7,26744
1,27117
7,13387
7,36764
8,42382
16,2849
20,4179
7,18005
1,44071
13,1400
15,49477
15,35393
2,38400
13,18306
4,46129
6,48976
10,48283
5,5462
20,18126
13,10178
16,31106
3,2816
12,13145
19,17386
2,28926
6,19476
12,34592
14,20233
6,24279
2,1866
1,47282
2,43012
3,43532
2,26900
16,24349
12,23368
8,14671
2,32328
4,22080
5,47163
7,36129
19,5328
15,28639
16,28252
1,25191
5,14199
5,27971
17,16566
6,2405
11,22660
19,47319
20,35333
13,4734
13,43406
10,14285
4,17506
4,40665
8,26411
17,17732
7,6038
6,4030
10,942
10,47149
14,15815
14,45229
10,27839
3,21872
18,15375
13,2496
14,45332
7,34283
10,44945
8,31890
3,36228
14,21058
9,4155
8,5842
18,14750
19,30869
7,46856
6,12212
1,18807
1,3914
10,26358
15,46757
15,13407
20,11774
15,8767
9,944
2,546
11,2836
9,29639
16,47970
20,12800
15,35688
2,6402
13,10681
19,12457
17,9992
10,1047
17,35668
15,3094
5,48740
12,42466
17,6569
12,4398
12,34720
16,1637
19,25096
9,30520
15,43029
16,46609
2,11841
18,37873
14,32134
5,49788
14,18153
6,46775
11,15152
7,27798
18,39831
14,29223
5,23419
19,6208
9,37416
5,37848
13,15072
12,20964
7,1032
8,35656
13,3997
19,19627
15,45919
14,13662
15,43857
14,39204
17,8222
10,6819
4,12093
4,39152
5,35887
12,25828
12,16805
4,42215
17,19631
17,12231
4,20136
1,49855
16,26932
6,17847
4,38779
14,47067
14,41489
16,8498
10,5882
14,46310
16,42349
2,34513
16,28530
6,27803
18,37343
12,2777
9,32907
7,46650
19,12153
14,2796
15,3108
16,45795
3,23209
4,31978
18,18296
14,47869
20,13619
15,5079
10,19301
9,23224
3,17065
5,36587
3,43232
19,32958
20,45996
14,14184
13,7103
3,36120
8,30236
5,40934
20,3293
1,3918
8,13804
3,34280
1,49214
4,18792
6,33783
7,23988
14,28427
10,28567
12,3954
2,21308
15,47901
2,7750
6,18138
6,36048
16,13675
7,49096
11,35821
2,17786
4,25489
3,32535
4,29630
17,7159
8,17931
17,34955
18,41517
17,37134
19,6116
8,4126
20,8322
14,17397
18,4355
9,47056
1,34882
10,6289
10,35235
19,16161
20,10259
9,34821
8,29010
10,15324
12,20479
19,30095
12,10484
5,37085
12,40685
8,37105
6,38434
10,25514
15,5534
4,5105
1,8744
7,32779
4,45707
17,30088
12,18663
13,19512
10,8534
16,31032
11,14931
7,30502
16,6675
13,18224
20,26761
15,42231
1,5476
13,15850
11,28329
15,38109
18,34061
3,31052
17,32553
18,19225
3,22572
3,1718
9,32994
9,32128
19,8126
10,19427
15,49549
1,8145
20,22267
6,18666
10,12416
3,197
10,26633
14,42725
7,210
8,29830
7,36408
11,15712
13,20897
19,36738
14,36073
12,43811
9,16199
10,33411
5,14436
12,11134
1,15898
4,12313
2,14586
10,49363
2,20456
19,22653
7,20797
9,11596
7,360
9,6503
10,38579
13,34642
1,35746
5,49623
6,5099
1,46686
10,12845
11,36078
13,11313
16,3292
6,18034
11,29866
10,1758
6,32369
11,34167
16,46032
12,46762
10,21847
7,8977
9,15914
13,40969
15,42635
3,32429
2,29340
6,37383
12,10441
10,10932
2,33499
12,29549
14,48608
16,19947
15,140
13,40934
15,12639
7,3309
15,14098
12,9398
19,40957
11,2680
11,13972
17,38221
6,8127
14,32373
1,48853
15,1859
18,49629
18,14036
19,15210
17,15902
4,44423
14,34880
16,936
5,48214
6,37591
2,31223
7,14112
9,5837
15,6852
9,32958
11,41723
10,10329
15,37717
20,45358
6,27818
4,419
6,11965
15,895
3,47846
5,11422
13,34720
19,49312
3,33827
8,33019
20,13267
9,17865
4,22534
14,44161
6,25866
6,1653
7,32760
7,47342
14,1006
6,38528
10,37091
7,38587
13,1191
6,33615
4,7990
6,47184
5,31266
3,18342
15,5842
5,35548
5,4631
3,32927
14,44463
13,22772
12,28742
3,49000
2,18130
11,31527
5,41833
15,19329
11,43496
10,24920
9,46638
17,29237
11,46087
12,11156
9,7519
17,38214
5,12522
8,28389
20,38636
3,26643
7,4923
1,21307
3,27173
5,23041
5,24501
14,24189
11,738
1,43465
11,19573
12,37769
6,20406
19,17525
20,30908
17,48857
11,20801
6,5293
11,39131
5,6487
15,25890
7,17609
12,43996
9,966
9,29032
16,43336
15,20851
9,15022
5,22341
6,38057
17,43224
20,17261
1,49200
16,5339
13,19619
11,2014
17,10171
3,40089
13,34913
3,5310
12,16593
5,29132
17,36209
15,2653
12,13941
2,45046
7,15227
5,24598
5,28990
11,6515
9,46542
9,9430
4,4926
7,4845
1,18102
16,32029
6,8426
3,10286
15,5602
17,26819
1,47368
2,7202
3,49534
17,7067
5,31563
10,14973
1,16322
8,15222
2,45943
19,29550
11,42341
1,35886
9,46839
4,36636
19,18269
20,19190
15,41630
10,40811
14,8060
13,17595
13,5735
3,27156
12,23542
20,49061
20,22112
5,8175
12,35282
20,24761
16,29911
19,28435
20,14357
9,46525
1,45564
17,5961
14,27948
4,41774
15,14181
3,27637
4,10718
10,17629
6,34687
3,44729
11,48224
9,24225
4,402
18,32164
20,11514
4,24243
19,15288
5,49814
6,48655
15,46131
3,11681
16,34345
10,23979
10,41228
5,1745
16,44682
7,173
4,2203
18,35033
2,32908
8,14405
7,5575
15,33941
3,37883
9,24509
4,32790
20,23464
12,32304
18,43906
5,48847
14,13276
12,37752
20,2744
8,2170
16,28797
2,22280
3,29327
13,14948
15,12254
10,32929
12,7369
7,21729
5,12841
3,46988
3,7001
13,12588
11,29926
5,4866
6,32174
3,30406
10,45471
19,26541
7,46483
9,20917
13,16922
3,15616
16,40935
14,27556
14,36471
1,49269
16,18056
17,33451
12,14153
13,43676
16,7933
18,27451
8,2216
12,15133
16,43165
14,11185
6,28075
5,40369
17,14642
13,46070
11,39052
10,26736
5,21251
6,49445
4,27395
16,45164
19,19759
9,29034
1,35630
18,20083
11,24715
12,9178
11,38295
2,6542
16,25959
11,15786
16,1487
6,40058
18,12059
4,3455
10,33083
16,34441
8,17429
15,45088
9,37105
5,46208
3,19055
14,16284
20,47730
6,49751
2,13531
14,12316
10,12751
4,27058
15,42554
4,41094
10,19236
13,3486
9,1341
17,10600
2,39063
15,7730
15,37744
8,18433
5,47170
8,39319
1,39024
2,35990
7,24683
1,29972
20,24741
7,31051
18,14413
14,11907
11,25861
19,8710
16,42036
1,32240
3,40498
18,25291
5,45231
5,32845
11,18986
10,10093
2,759
6,39523
18,752
4,12462
20,4698
18,12756
9,45992
2,17079
19,41742
15,22418
14,46174
4,5453
19,8715
7,9979
12,11066
17,48065
13,43972
18,40114
6,48071
17,17279
16,12458
13,24342
7,17209
10,19208
7,19142
14,19548
5,46851
4,14440
12,5127
16,41527
10,25311
1,14459
15,38083
16,12095
17,25233
3,8847
20,6828
14,24740
8,35759
1,10647
7,20332
14,11315
8,16997
2,26225
8,33128
11,16407
8,48578
10,581
20,7128
15,11491
7,9698
7,49073
7,32209
14,25109
1,853
1,37915
10,37113
2,48307
5,33632
20,12664
13,261
7,23720
6,49584
16,42077
6,30095
8,4036
5,41104
9,41802
18,43329
9,3331
16,18297
2,37562
18,32315
19,28069
1,30947
8,33886
7,35975
6,2583
5,4440
9,32966
10,5713
17,5830
1,20630
10,21373
9,33396
17,36714
13,22475
2,10862
7,42405
2,16277
7,24919
13,46565
11,48285
10,31858
16,25364
11,33135
3,34086
1,38689
7,10988
4,22722
12,7870
15,47643
14,5682
7,40971
4,44360
17,33422
12,48889
10,13542
11,37375
20,4080
9,48615
2,30786
12,6043
14,33610
18,8807
20,18320
17,34594
2,27839
1,48014
11,7890
5,23895
20,36070
7,13183
15,46351
6,30317
19,4771
11,41081
16,9305
18,43188
20,37982
7,31377
12,1767
17,14242
7,47036
1,46683
7,28355
9,3672
18,41026
15,38599
19,41789
20,49234
8,28315
12,26725
19,7916
13,41758
7,42786
9,25576
14,37963
4,170
4,2556
14,3299
7,24749
6,13991
8,3169
14,955
16,497
11,13469
14,24232
10,22422
1,13174
3,19636
20,26198
7,2212
14,28959
19,45011
6,18462
16,9575
1,27626
4,34777
7,16373
6,44168
19,45147
12,3577
11,36143
11,47367
3,11094
15,35019
9,44946
18,25926
1,24776
12,13702
7,18908
11,29439
3,19449
14,12718
5,44739
5,40213
2,9064
2,14694
18,35375
19,21808
17,4681
19,727
18,19818
11,26390
2,9768
4,33058
19,14330
9,20611
15,48366
15,18412
15,44772
15,46655
11,48646
13,41402
1,22404
19,42906
4,47775
14,11892
11,42981
3,13623
11,34145
13,32157
7,29731
19,29056
3,39144
13,47767
20,11081
20,10120
16,1066
9,24975
1,48911
20,12265
17,14562
14,18749
18,23217
3,34511
12,45371
14,37136
7,6678
6,32937
9,20952
9,37700
8,22762
5,11781
8,45685
3,32678
16,46686
14,19080
2,34869
13,49193
5,39181
10,1117
6,45666
13,42866
17,47334
16,4033
7,4640
7,49886
14,17919
11,44442
1,37287
3,33804
2,44681
8,8430
8,28706
12,21985
13,48046
15,27820
3,44641
4,25626
9,49416
6,37651
5,35664
5,24935
11,38074
20,21236
9,10167
2,23882
13,15252
17,22673
5,32823
8,25179
11,12270
5,859
1,33655
17,17733
5,34809
14,15920
3,2701
16,27480
6,6107
9,35577
18,38001
4,40451
9,44527
16,5473
14,47443
14,15739
14,25869
10,30153
7,23177
14,8972
19,35716
4,33681
20,18696
3,39294
8,20413
18,13998
18,45720
20,39460
11,27650
8,6380
12,34194
9,46026
1,45311
4,20640
13,11726
12,48078
13,2112
10,14601
10,10234
13,15752
20,27439
16,10869
13,23592
3,2861
16,28173
16,9309
2,6861
13,5923
17,1628
7,25007
20,17452
1,6921
4,6098
18,47213
5,4367
13,35630
13,47064
20,2834
2,2699
18,16242
6,45782
8,2736
18,45014
3,8798
12,5376
2,32779
8,18051
13,25746
1,10965
6,12187
17,19109
4,44321
20,36641
9,41242
4,952
13,17964
4,5634
12,7239
14,33716
15,43572
16,30346
2,12044
9,26324
20,11385
3,38984
13,36892
15,48680
3,7465
1,45052
20,26558
9,44639
5,24930
9,6775
11,40669
11,14529
10,35015
19,24376
1,19826
4,47857
5,35388
16,7894
7,10515
11,20241
17,34750
8,8974
12,34496
16,19711
17,41992
15,29378
12,23904
15,48150
10,46685
20,31881
15,35567
18,13976
15,39158
5,37763
11,11119
14,35195
13,1793
18,18717
3,38121
14,19106
18,6818
4,32470
8,35897
17,49690
20,49914
16,49522
12,48342
11,31516
20,11118
10,1635
3,37278
8,25690
3,2020
8,2921
11,16492
4,13690
15,20686
17,37967
16,23288
5,27041
8,30210
2,48366
17,33902
15,35535
16,5103
16,20108
19,2759
18,27582
11,9001
19,18887
1,20584
15,36592
6,9197
20,485
19,19743
15,42689
9,15915
10,20423
18,43921
16,20365
10,36913
15,10029
8,21773
20,16683
14,46593
13,3985
5,12115
12,8983
3,45229
7,21230
1,23535
18,3034
12,35432
6,42236
6,10150
16,945
12,42994
16,13419
3,29583
12,5331
2,39815
9,45899
9,18836
20,18686
5,12505
19,23959
11,1349
9,48963
1,45856
8,22027
19,26927
12,16422
7,31588
20,34067
12,32588
4,8057
2,6595
1,14908
13,6266
2,3509
17,1838
11,20562
1,34808
15,38652
10,20745
15,14372
2,41345
9,42068
6,3973
9,8642
3,38423
15,36908
10,34706
17,33828
4,20635
20,33925
12,10297
6,46058
10,47731
2,26188
17,40538
10,11131
19,13472
3,29297
15,27983
11,20795
2,19421
2,2391
17,46958
2,44519
8,36079
4,17852
12,1689
10,42584
10,46654
5,36372
14,9633
19,46480
20,46803
3,44139
20,16119
20,10347
14,30672
14,9748
18,29276
4,31452
9,49651
11,1715
20,2384
4,41833
4,26176
3,35824
17,28103
10,33929
18,39954
10,5392
5,3815
18,48458
4,26893
5,22438
1,21156
9,10752
2,13777
19,15079
10,8785
16,26514
17,14167
6,16398
19,39032
11,33101
7,30282
4,257
1,33170
14,31116
16,30097
2,44059
9,30463
13,39770
6,5438
8,17261
11,10113
18,35203
15,37138
5,41416
19,39444
2,1260
11,20498
13,4274
2,26396
16,17516
4,36148
17,1376
9,8957
19,1340
12,10621
4,22394
19,44756
6,43158
13,7024
18,9545
13,27588
20,46437
13,28266
15,12719
1,41828
18,31496
18,22718
13,9505
9,15993
6,11540
13,11606
18,16012
12,46305
7,15830
16,15996
19,41766
12,9438
11,14407
1,43035
18,4880
12,5368
18,12299
16,33891
15,39431
15,21120
9,21950
6,18063
6,46197
17,40645
8,35800
17,34383
9,23745
15,12800
14,25633
7,10891
10,2106
2,15921
15,49847
4,25843
1,10241
5,29097
7,16458
19,29135
15,1829
7,7852
17,49308
16,16158
9,46964
7,47354
8,11352
7,26812
8,46947
19,49263
11,48651
13,9435
20,49027
16,34211
4,30146
2,34456
17,48090
10,46663
18,25318
15,11121
14,23228
5,7681
16,17866
2,6029
15,21252
6,3036
5,6895
3,10996
9,42672
2,2070
17,13991
17,11278
14,47009
3,8640
12,29179
7,27037
12,490
8,37622
14,17639
19,44710
5,8558
2,9157
15,10641
16,46683
3,1340
8,16698
8,49745
14,34243
2,32685
10,6481
10,38622
8,3855
6,46127
12,24171
12,24029
9,37918
18,27821
8,39749
19,15314
8,33536
16,15388
5,16325
2,14685
5,11897
3,37155
2,11310
4,21263
7,1985
4,34853
19,30227
12,21767
13,22477
12,28986
12,44998
14,38425
12,41035
1,42557
13,10649
15,45256
12,24401
14,39199
18,20169
9,13676
4,29289
6,42609
16,21330
6,27773
14,7188
17,18687
7,48201
15,27836
3,28644
7,4850
17,9000
10,48159
8,13347
14,17612
17,46463
7,39534
12,27733
20,27197
12,19554
3,31251
20,43237
9,17944
20,40385
9,21377
7,3698
4,20404
4,38154
10,4924
18,28419
20,25895
12,29290
11,42842
18,18129
4,43240
3,39780
6,2697
20,24220
11,17386
11,21644
4,28844
19,7860
10,25805
1,40448
15,30495
10,35491
3,6336
13,16092
5,28688
5,45921
12,8635
8,39860
7,3342
12,41985
1,45300
2,21528
6,858
5,36593
20,44618
11,19515
15,41351
5,18786
6,47641
17,28214
5,26950
19,9557
8,40500
3,16664
8,21515
3,28759
14,33198
12,14584
12,31627
20,8858
7,14577
20,18453
4,29940
14,24711
10,37645
14,45401
20,26946
15,40697
1,19544
15,5931
8,29964
14,32855
19,13470
10,13037
15,46617
16,24854
20,9897
19,5007
11,42356
20,12851
8,48353
13,33794
2,41581
7,28242
17,29939
8,49901
15,5031
6,9370
12,3717
2,10316
12,2012
20,18554
18,31281
15,21218
9,37753
20,31200
2,30490
3,38833
19,41850
7,9899
10,44424
20,28568
12,24595
9,40375
19,30809
11,22837
7,40223
17,34856
9,36380
20,17094
14,15606
18,12531
10,34020
10,24774
15,44740
13,20348
14,22056
6,3153
4,1815
5,5905
14,44639
6,32993
6,7475
9,20613
18,11606
3,32066
15,10500
9,33171
20,49682
15,17849
8,47223
2,31623
7,39648
17,12955
18,33489
8,21636
17,19049
10,46025
17,23112
7,17347
1,35070
17,32870
2,45449
4,13453
2,32345
13,26517
10,13437
17,47584
5,15188
20,21877
16,28143
13,22187
16,23971
8,6144
19,49453
19,34288
1,33040
15,24980
16,45495
3,24431
12,18076
19,36764
13,44821
10,44322
16,868
10,44222
10,2238
11,6417
6,20693
11,37817
19,46112
13,25572
11,15657
12,1210
2,5827
17,40651
10,27733
18,16544
5,38216
19,45133
6,47435
14,15187
7,47262
13,18521
8,13455
13,44541
2,2224
17,12826
16,20485
19,16983
13,45230
14,43726
1,48463
7,46331
10,32895
19,23261
12,43231
4,23344
4,21215
2,39048
2,26822
6,47395
4,26459
10,36508
20,5421
5,36480
11,28340
10,33624
3,36090
11,10074
19,21235
15,7671
11,20805
2,37548
12,49415
9,45373
7,39386
8,23629
11,39681
6,8707
7,12457
9,3690
2,17343
3,20955
1,14256
10,28489
1,6772
4,37578
10,4075
15,29108
18,13539
8,6067
13,45441
15,23181
9,37801
18,21347
18,41211
16,37566
13,8614
17,15772
8,49476
4,10594
13,4565
16,9526
18,49993
2,25397
9,7617
18,35437
8,22354
17,40964
8,49868
2,19659
12,30986
10,39314
6,9783
7,2009
12,6291
18,49300
19,41480
2,15064
14,23624
8,298
13,34104
6,39457
3,2963
2,34702
18,11925
17,29906
7,24031
18,21815
10,33586
1,25087
5,3785
16,33318
2,46221
12,2750
19,39585
9,45402
7,13474
17,2254
9,1773
2,17969
14,42459
13,5879
14,24064
2,49040
12,45762
8,4713
12,6537
5,37389
1,1554
19,37429
7,42567
15,40855
13,26234
16,487
12,31332
4,24379
9,45380
5,28947
3,27883
9,16570
3,5961
2,33444
12,30569
10,22115
19,26883
12,18032
1,11816
13,38329
19,39244
16,10934
9,14872
16,13724
16,13682
6,796
9,20360
2,41191
16,23939
13,22983
3,13345
1,22357
5,10460
9,25051
11,6881
13,20842
13,2085
20,3300
6,31487
13,39761
8,29311
9,33973
14,41684
18,9049
12,17446
19,33276
14,6767
17,10993
10,49283
5,40907
20,10697
17,49565
6,39852
20,23472
6,31817
13,47500
2,7727
4,47897
16,7413
2,6131
20,34816
17,19737
7,12498
16,4793
3,29850
17,49780
9,17668
2,45499
3,39625
8,1458
5,19872
10,5765
4,45769
1,45976
12,33145
16,32770
15,2535
14,27812
13,38650
7,7673
13,41211
2,24767
15,11324
7,20186
8,7120
4,16715
6,30549
16,32113
16,45935
1,30885
20,33562
5,5774
1,29896
13,14385
3,4502
6,39909
13,30576
13,4398
13,21672
20,13704
9,24010
14,19313
4,24335
18,25029
3,40809
15,16747
18,33312
10,28689
2,25840
9,40889
18,45430
1,16890
18,15765
13,11988
6,29711
20,33630
5,2060
3,41033
5,23211
3,23492
3,43259
13,23333
13,1770
1,40006
5,35859
20,40498
10,38341
11,11491
19,39830
12,24226
20,11573
17,13145
18,28377
13,11692
18,19814
4,4768
11,6314
18,12161
1,49767
20,14897
2,28438
20,2795
8,28998
7,47368
20,18699
18,1080
1,17386
9,4332
11,15146
16,32394
3,21288
20,874
12,43130
20,33257
17,41261
19,39188
7,36892
17,29357
1,33644
16,27716
5,29385
2,10600
18,19325
13,26343
15,48024
20,33174
11,37246
9,983
10,39802
12,14498
20,26131
12,17636
8,17948
20,6330
17,8366
7,15649
12,24963
20,25069
19,38941
8,8075
7,1482
8,8795
7,17797
16,14374
14,48929
17,14821
1,24160
17,9058
5,23500
1,34205
13,36883
3,39328
2,21205
13,47967
11,5815
1,19760
6,4997
12,25173
5,31526
11,9773
16,6611
15,30310
1,39291
17,37306
4,21874
15,30882
14,25826
5,25991
17,15530
11,1888
14,31124
12,20306
19,24606
12,13810
6,47017
15,34292
8,22203
12,29665
3,3970
16,40197
16,1616
14,34978
4,49421
9,27702
7,5118
6,46263
16,36227
18,24799
16,21051
13,19007
4,24606
12,12701
17,10295
3,13386
10,47325
17,35434
2,35784
5,6800
13,7737
4,32871
7,28713
3,5180
3,5627
20,43229
19,9151
8,20459
17,24031
14,28352
9,10356
3,7818
17,28048
7,40016
13,7341
3,40124
2,29592
6,32338
19,14482
8,47074
17,42195
16,7452
13,11314
15,41276
10,15350
18,41056
15,42742
11,2469
17,5936
13,45813
19,26655
11,1519
6,48475
4,21747
17,13456
5,2512
13,6398
12,17304
2,31249
18,46579
10,2947
8,31256
8,38478
13,15758
2,30209
9,18380
17,49791
12,38930
13,28740
10,6593
9,24888
10,40469
9,15507
14,38376
16,24905
4,614
6,49854
7,44078
4,22177
20,35456
9,20999
6,11674
17,37149
7,9967
9,11846
7,43077
18,32498
11,22052
10,37324
14,47599
19,3479
13,7933
15,42533
16,5273
17,25209
13,11740
12,35662
20,19594
17,8462
17,45363
14,16965
14,3497
6,49794
9,11032
2,46718
13,35964
11,24873
16,3210
8,27199
6,20619
14,19055
18,34315
18,43542
17,9300
14,49950
5,22040
6,13568
6,6147
20,41286
14,36133
3,46768
16,19989
15,29210
13,32557
10,28829
10,44406
2,32042
20,48244
16,23242
2,38847
9,29857
3,17344
20,40338
14,7673
8,31961
12,32838
4,25728
1,34813
3,20994
18,25772
2,47008
20,41039
1,47325
12,2457
19,45143
5,18515
19,24909
5,42796
8,6035
8,29896
9,6274
2,1208
8,25933
8,38000
19,32530
20,31158
4,3912
15,21071
7,638
2,8873
5,33041
1,17682
8,12051
2,33736
4,18212
1,1932
18,12702
7,20551
19,22384
5,2453
1,47785
1,9771
19,34299
6,30754
8,20917
12,42578
7,9547
8,2544
20,7495
13,29108
15,31393
2,38332
11,40293
3,31616
16,6290
7,39505
15,2050
15,45082
3,46824
18,38997
15,21284
2,41900
4,25537
7,40688
14,21971
2,12367
11,38011
18,17148
12,17023
16,8573
16,1770
19,46621
12,29775
11,35329
15,3605
5,28134
20,45574
10,48088
17,26799
1,39861
11,8765
14,843
1,33982
15,9024
9,25770
4,22995
20,41723
9,24598
14,46784
11,13269
12,42534
13,9756
16,13372
10,23847
1,13159
7,39160
5,8006
5,6304
1,6168
17,34342
15,13168
10,33291
15,14419
12,30786
20,12033
16,49707
12,8466
8,20733
8,26154
11,5453
8,39313
15,13835
11,25996
2,1359
3,2327
19,16566
7,1397
3,3309
3,27644
3,36247
19,13003
17,15832
5,39907
11,22740
13,32891
6,11928
20,25799
17,45682
8,3966
2,39991
8,17701
16,2524
3,35443
13,13648
14,5630
9,37581
10,22658
11,25747
11,36791
5,18176
11,40934
3,34160
4,25597
8,46754
12,42048
11,3248
7,28766
12,16958
18,35766
9,16619
5,39513
7,31742
19,9100
11,44401
16,17496
7,6917
15,5201
17,20116
20,43786
17,12140
12,6868
18,16842
15,35608
4,21745
17,24151
12,10331
3,25297
5,22177
16,17974
8,47232
14,1794
18,1911
10,43998
18,27866
13,47042
17,25519
4,40498
16,7664
5,40656
16,5362
4,15665
4,7615
8,27776
7,25058
4,38725
4,40569
8,15903
1,9950
15,9413
9,6636
11,6445
4,1648
6,19502
4,28292
1,2898
17,18211
3,18151
6,41762
10,22945
17,41788
13,38491
17,24728
19,42447
9,34460
16,43650
20,28248
9,23871
2,38618
16,38829
17,39285
14,17934
12,36362
2,2513
10,28897
17,8083
11,46285
3,14489
11,26197
5,16516
16,41908
7,5341
5,3591
11,1053
19,13514
6,4911
6,20089
9,34301
7,1624
4,40280
1,14429
20,16322
10,11005
10,30325
3,25637
17,27254
12,26542
14,8225
20,8202
18,26998
10,14159
4,7061
11,12449
1,8553
3,34303
17,5788
15,2824
18,6147
19,44763
12,25949
4,38216
2,47298
3,40648
19,38290
5,5860
10,17443
9,38045
3,14580
3,27638
18,7486
13,32387
12,41320
6,21484
19,47572
16,22369
16,39241
12,43305
2,35821
6,4862
1,46647
15,7137
1,11704
15,11465
10,20972
12,35925
3,13368
7,15308
18,12955
3,10105
1,24490
17,49767
2,14007
6,287
11,1301
8,13908
4,22965
9,18467
14,48718
11,22083
3,38165
15,17150
5,14210
1,40788
17,10059
19,3527
1,30399
8,42022
8,4413
20,30878
13,49601
11,5626
14,9724
9,36935
12,10199
13,13949
20,47515
5,1995
12,43680
4,4095
2,16000
14,745
6,1979
4,29808
6,19283
4,42051
13,23227
19,29744
13,11338
10,25444
14,14818
5,20412
17,31017
2,588
6,6728
3,30221
2,34732
17,18574
1,11996
13,30413
14,18283
4,30119
4,41843
15,49228
2,25965
4,4031
20,41884
20,6127
3,25893
11,16373
19,16143
4,36687
9,38896
17,46441
2,47829
14,47699
5,34675
4,2498
19,29149
8,20046
1,16764
19,23849
1,35480
18,11467
13,41113
20,5768
15,24111
15,37896
5,21316
2,8195
16,1799
7,38830
8,4749
19,17552
13,14821
3,40072
4,28488
18,37746
4,40909
18,30849
9,30013
16,15537
1,49626
19,4910
18,9811
7,5284
13,8959
4,29846
15,24291
3,16916
5,21440
19,44235
12,12694
3,47803
3,3833
18,32450
19,10467
13,40909
16,5695
7,21610
13,41764
18,21809
13,44528
15,14506
6,40413
6,9904
3,47809
15,20372
19,45274
12,14606
20,22131
13,16514
17,29535
8,7885
14,4934
17,44179
2,26838
19,3283
2,17008
19,16032
4,40539
10,10737
15,32575
1,7003
16,33369
10,13457
7,25636
17,33723
18,2789
7,21230
9,5021
13,24574
5,33736
3,20157
11,20234
2,31122
15,18911
12,5729
9,7617
9,32039
14,16431
11,11965
2,16226
2,9510
14,5074
4,33733
18,11064
19,21012
11,16543
7,13923
9,6200
17,35546
3,9794
5,46542
8,213
4,48534
7,16652
16,18494
15,46680
3,32297
20,22839
13,17045
8,12496
3,39440
16,3719
15,3125
19,17481
7,13416
5,26345
9,19145
20,26060
3,30087
20,43422
3,37853
1,23316
9,3648
6,16635
19,29380
20,14976
13,34487
7,27671
16,19990
9,35653
16,20371
3,38076
14,26267
6,42398
7,5771
14,40244
17,19961
4,39463
9,17228
3,42478
5,4074
8,22788
11,14098
12,11209
14,9583
7,38939
11,48851
7,41880
6,40404
14,9970
4,4316
18,5303
20,14351
16,18102
4,37679
10,46220
10,36961
14,45776
5,17493
14,40039
3,39101
7,15226
11,23617
15,29192
20,29738
20,1209
20,13742
9,44625
4,4774
6,15693
3,14461
4,34813
8,32047
13,23223
13,33122
16,39065
13,14387
10,22097
6,49548
13,30454
17,19212
13,6646
2,10487
6,24501
12,7540
20,29686
15,27885
15,36804
11,9663
18,44882
1,48918
8,48185
11,30938
1,34085
10,48600
2,40047
20,8722
20,15494
19,18586
15,3966
18,43095
10,39415
2,39905
3,49060
17,10222
18,3191
20,2231
16,34587
4,38611
13,49150
10,40683
7,15367
12,5621
13,32564
17,41412
14,26550
10,21516
4,49974
7,34350
11,30966
19,40805
4,17750
2,48596
19,44881
7,46322
5,44262
10,39775
1,31568
20,24783
12,31898
3,12428
18,37205
17,19761
15,2977
7,13942
12,12533
20,43022
15,32773
4,48664
20,40780
20,15459
9,27889
7,2879
1,36917
3,2689
2,7879
10,28842
20,21411
13,31532
15,26122
8,48435
7,43196
10,14580
12,32914
1,9889
19,31427
15,17857
20,26231
8,6976
3,12208
11,11453
5,39213
2,2905
15,1003
12,14255
5,38389
19,32151
13,7275
5,39811
7,6891
5,28157
8,32180
13,4670
13,3415
2,32544
7,41603
11,6468
1,20308
19,34368
15,26824
3,28334
1,47395
9,42918
3,26175
11,13672
5,23348
12,13404
20,31850
11,30974
15,29243
19,45042
16,15966
10,18595
15,10241
6,10015
12,29511
17,6432
3,4701
13,8548
7,41382
12,18766
2,335
9,10855
1,28490
3,21166
16,34947
9,20467
1,11276
4,42863
5,21002
8,40613
16,21078
19,37730
7,41787
8,28064
2,44022
6,30429
20,32638
5,11844
2,36234
1,16023
4,45488
16,16994
6,1332
9,23996
5,24081
17,14501
15,17241
7,41384
5,33416
16,44203
3,47031
18,39937
7,23621
13,35224
13,8496
14,1217
19,10458
11,18997
16,1138
12,5650
17,16653
7,32906
15,15540
18,32504
15,47749
18,21931
11,15874
5,22322
8,7475
4,4720
7,15575
9,26835
4,11826
18,23103
13,28622
6,17092
17,33572
3,4481
10,4293
5,45771
11,26524
7,2285
20,13970
14,34542
9,48765
8,10012
9,33553
3,27404
5,29382
5,46313
5,25561
16,10614
2,6357
10,10039
17,20623
5,667
8,264
18,10679
4,47902
16,33369
3,14736
8,32574
5,45324
18,15648
15,26973
3,4083
8,49219
16,41396
3,29995
16,15929
14,43810
2,12880
13,38290
18,7875
10,39097
16,30510
20,24689
19,25375
5,17611
19,6783
7,8057
15,49101
10,49118
19,38854
5,26802
13,15574
4,41890
19,6242
13,3341
15,7560
15,32194
14,13129
13,36692
7,19668
3,21398
2,1423
7,5634
18,33223
11,37879
7,24346
16,46307
14,658
2,42857
20,987
14,25772
2,41621
13,8120
2,12738
11,28740
16,49590
6,46007
3,40903
18,41005
17,11396
12,35082
15,11884
18,10602
14,18728
2,19563
20,40163
6,220
17,32978
14,891
14,8810
2,24205
1,7023
4,952
12,42872
12,34424
3,5674
18,47910
3,5352
1,37311
18,39076
4,23715
16,44003
1,42861
5,45783
7,17047
11,34681
6,47700
14,3394
10,6444
4,38011
18,10234
13,31711
14,32151
12,49171
13,22554
20,18911
8,42948
16,4189
2,45098
19,42920
7,28933
8,46154
1,45686
20,43381
7,45175
4,11589
6,19420
20,4038
4,41653
2,36377
19,9982
15,35486
19,41559
5,24423
10,2704
3,4360
2,31934
11,3346
8,49595
13,24178
4,45393
2,38435
9,30706
9,27774
15,25305
7,43895
13,4957
6,23261
11,27810
4,40062
7,48101
1,17420
17,30041
9,49232
19,31327
12,47997
8,40455
9,2663
7,27619
14,28145
10,28402
5,26654
20,33922
7,43441
8,5913
4,38278
20,25013
19,9837
6,41071
17,1637
10,44743
6,30568
4,31506
2,8201
6,17808
14,4989
8,34535
19,10989
14,27120
16,40303
16,21561
14,11393
12,11356
19,47959
13,30427
14,25250
2,9128
10,6817
20,5114
4,21987
9,4414
19,16116
7,29850
13,49361
3,14292
6,16214
1,20753
17,23904
13,20701
16,44041
1,3044
18,17771
15,2775
3,10394
2,28179
6,31623
15,8049
12,7576
20,44465
13,15672
20,8413
14,16527
9,10076
13,21492
13,15440
18,28061
16,40121
3,35605
11,36928
7,23252
19,41404
3,4351
14,2970
16,16769
15,10344
19,2008
11,38682
9,10703
14,47038
13,1770
13,39725
17,907
5,135
15,22963
7,38568
8,30008
16,39040
1,23189
20,2048
11,6341
17,13434
4,26419
19,46554
6,8910
20,23214
11,13471
9,28842
14,20361
4,12881
3,41621
12,45898
4,21986
4,10536
17,14160
9,41479
15,30400
10,20964
17,11488
5,18336
13,3433
13,24741
4,7401
15,5206
9,27988
8,4871
17,32861
1,46907
20,2514
2,4073
10,10540
20,9353
12,1249
15,41254
13,40616
3,33009
5,1053
10,15324
13,18870
1,21907
19,14469
10,1154
16,6616
20,10757
13,4325
19,18252
4,8358
9,1593
1,37855
15,25752
5,23993
3,34580
18,38057
4,1643
13,24549
14,45847
7,1778
5,29376
10,15903
16,4130
17,41147
19,43768
13,5586
1,22848
9,42297
7,13721
3,25521
11,12309
17,996
7,38060
2,45311
2,11651
14,15521
18,42768
10,357
13,38581
5,48768
13,31992
17,11538
15,28129
12,39285
11,38298
9,8981
4,7793
10,1705
9,47557
4,37342
5,14995
9,5375
8,25398
1,18140
1,18344
16,10765
11,13287
19,36698
16,48153
12,5386
4,48384
4,1576
6,4603
16,36652
7,25493
16,24639
20,2615
7,4698
20,29341
12,43225
20,18062
16,9307
5,10074
17,39150
1,44753
15,1803
12,27006
3,41232
4,26347
15,25575
3,11806
14,27527
13,31874
19,12066
14,12907
18,24841
8,18780
11,8410
20,13921
11,46668
20,35762
1,46860
18,23650
12,7460
6,41371
17,27419
11,38537
15,8681
3,34729
19,18724
15,38605
7,46832
1,28775
3,24888
19,11732
9,42812
2,7920
13,32823
14,24959
4,34891
2,27578
19,23278
11,1029
8,15127
8,10016
20,47387
6,43415
1,3116
13,2056
19,22125
13,32985
1,37082
8,19016
20,27297
2,2062
13,42334
19,1352
1,39532
12,25640
1,22426
3,39215
9,42681
15,34880
18,16406
14,44693
3,28907
16,35565
10,38536
20,28873
19,724
19,22587
13,49373
1,2580
6,44924
5,45407
20,9302
8,8314
2,20398
6,1457
10,8765
16,36682
11,45325
9,39762
10,7743
13,12092
1,19372
20,31396
11,38903
3,14809
15,36179
17,26310
9,3337
19,24859
5,6107
11,7317
19,43526
20,14885
7,11103
12,13084
1,23161
7,961
11,19741
5,30648
4,40680
1,27639
8,4609
6,26042
7,42175
18,36517
15,32224
11,21019
10,41160
2,41476
7,43923
6,12088
13,9108
4,15809
14,2870
4,20517
9,28216
15,26630
11,23248
11,14547
15,2596
8,16724
11,3484
2,33990
14,6044
9,35624
9,33374
18,705
18,20316
8,34389
16,3924
20,40049
2,32662
9,12357
4,13313
14,5465
12,48996
10,1524
10,10764
16,44470
9,21588
5,37447
15,18195
4,11811
2,11225
13,18714
9,6885
20,40388
13,10672
6,2320
1,34415
10,18700
14,537
4,1474
4,42971
8,16539
5,48809
10,24754
10,20197
5,14697
7,1163
5,11781
15,26459
14,37916
11,23563
20,32110
3,28459
13,32431
5,30878
11,32718
5,28294
2,4545
5,13113
15,37203
19,34016
18,47954
15,3218
17,27494
9,46932
5,34907
9,46863
17,14029
15,42209
2,21053
8,36831
4,33276
14,14977
12,3778
18,13415
5,49878
3,17890
5,157
11,2892
3,39535
9,1730
11,46437
4,40078
16,28907
9,22963
6,19130
17,29598
9,43468
12,3326
3,39292
10,4466
3,35953
15,38628
13,31624
19,6954
17,36952
19,10925
16,14026
19,22715
3,33353
18,3873
9,4051
6,25828
2,4604
18,32575
4,12711
2,2139
17,47223
10,6690
12,24215
10,46262
20,35571
3,45959
7,41864
8,8991
10,49353
10,11928
17,46516
8,10637
7,20492
3,37099
14,42137
11,25563
9,18723
17,1205
8,8257
7,27110
8,19689
16,30843
13,21122
10,20336
16,19028
12,4715
10,32252
11,29446
9,7696
7,8193
6,14358
4,6027
9,44622
8,4094
10,32833
17,1158
20,21526
3,39060
18,9670
3,40843
16,43844
15,21077
7,2700
1,310
1,14339
1,48366
16,11729
12,42074
20,45421
12,47514
6,39920
12,9044
11,21510
12,38810
18,1952
2,34950
20,47912
2,40162
19,10117
20,18432
9,44008
9,42062
15,40573
9,9918
6,48909
17,8185
1,18767
9,48006
3,26091
13,15719
16,43152
12,2564
1,33347
9,40847
3,27772
1,22012
15,33173
19,29193
19,45271
15,31628
4,25837
12,49717
8,34013
2,4106
13,39943
19,4512
9,44414
12,7612
16,12821
4,36260
6,40499
2,18257
9,14590
18,30207
13,33143
6,40767
7,46111
7,23373
10,33281
14,29356
11,34339
20,1223
11,6099
15,43362
13,673
14,3234
13,19304
18,6722
9,48180
10,18196
4,43147
14,989
9,23469
17,20112
4,40004
20,13059
18,44880
2,1547
7,40126
5,29020
7,45623
8,45222
15,20271
4,17330
16,16252
18,14819
8,3911
10,8962
2,35786
8,47214
16,48773
18,20828
1,24183
17,1559
14,15493
12,24116
13,30027
11,22922
9,15698
6,20815
9,10511
1,7183
17,38014
18,38916
14,17945
10,12890
6,12883
19,31666
5,43744
7,26090
20,39930
11,48561
12,46406
7,28585
5,38164
11,46932
10,29973
4,30360
8,15787
5,1728
9,1784
16,31621
18,13114
17,22761
16,8425
16,12180
19,28068
4,1130
17,29633
17,32737
16,3818
12,1746
7,20404
15,2707
16,9065
18,23985
11,23312
5,34158
8,32699
10,32333
13,37222
17,33405
20,37250
16,29092
15,16321
10,45243
6,48315
5,29041
15,4721
9,38976
7,1001
10,31309
2,23314
7,42039
4,35550
9,48978
14,879
10,1094
12,48138
15,35224
20,28134
13,42685
20,47253
18,28878
3,32650
11,6409
10,3107
16,17701
19,28901
6,43876
8,41511
4,23914
18,31982
18,24171
16,46495
17,12022
13,33208
7,3081
10,15573
9,40501
7,35306
19,9616
7,42263
3,26167
2,5347
6,44871
14,30040
10,13474
17,13919
14,32787
17,15331
18,41694
9,16063
3,17412
9,23650
15,17894
5,12731
8,17587
15,28306
2,24048
18,22736
15,24306
6,29745
17,17544
2,19401
12,48307
9,27993
6,45337
1,12840
18,13021
20,22657
6,8161
20,13377
12,39486
5,13594
14,23647
14,9316
14,29200
5,19198
10,1080
4,17059
9,15720
3,40206
19,49674
15,28640
4,37957
18,38293
4,602
17,25052
15,27530
3,23006
5,33934
17,26460
8,32761
15,22226
16,2277
5,27654
3,10089
2,46678
11,8647
15,6964
11,24885
15,7456
9,1463
5,2056
14,3474
16,39295
19,29906
1,6820
7,39315
8,16994
19,3910
11,3270
13,37476
7,14342
16,39945
8,4631
15,4032
13,14427
7,22349
1,5030
11,27413
10,30706
11,3710
8,46307
18,22344
10,49687
15,48731
5,35402
4,2663
15,10701
1,2051
10,35635
12,31402
8,19519
14,47467
1,20945
11,47661
16,47577
19,39943
18,44556
16,23004
18,15244
11,10179
3,20818
18,26860
12,18958
14,30849
3,28120
2,19453
20,14870
9,909
18,13270
20,19313
8,45187
12,14006
16,45262
1,28811
4,28508
7,32383
5,15804
15,25692
11,48315
7,41372
18,33351
18,8791
14,31252
6,35871
7,44998
6,6852
8,9302
19,4064
18,6837
4,22866
2,47641
12,2568
7,19560
11,42443
1,19704
4,42878
18,36988
16,9620
17,27218
10,11034
16,40597
11,20492
6,49624
1,4474
1,33034
12,47397
11,44656
16,24720
3,45878
5,36961
17,43887
12,12365
3,45670
1,15771
19,9242
3,31847
9,20284
19,42203
19,5425
10,33020
7,26455
5,48255
8,18206
12,38692
20,45102
18,4103
2,48728
8,9169
10,16754
2,5302
17,46299
18,49826
10,34294
10,28527
9,36145
11,28904
9,47181
16,47360
6,11092
8,32493
4,46859
18,33609
4,5571
9,37305
7,47984
2,37912
8,49774
8,18958
10,34594
6,16646
14,18148
17,44584
19,4099
17,35323
16,32380
2,35514
2,34258
3,40385
11,45537
5,42849
6,19220
9,33651
2,48034
4,20662
18,15396
4,29750
11,26723
20,17547
8,12929
4,29278
17,44490
9,9188
10,48510
9,16393
3,9084
19,16197
18,10958
13,48978
10,7239
5,36753
13,5602
9,46910
12,33450
18,6108
6,42089
16,1765
14,30331
9,9913
15,5761
11,44190
20,40550
2,42773
8,22701
6,22856
12,24861
9,3237
5,38042
7,44557
1,12963
7,43973
12,21594
3,32816
17,37207
18,26863
20,33719
10,16755
19,40957
12,12523
9,29641
19,7713
16,7127
18,30965
12,25198
12,27137
13,44207
3,9749
18,28578
5,529
2,39475
2,26318
16,4684
1,14684
5,43847
12,24596
10,14639
17,2468
12,43431
5,42914
12,41650
7,476
17,24808
3,16862
9,15048
8,1164
19,3647
11,36963
1,31431
13,26822
9,48848
2,2273
7,33001
4,1282
8,10099
7,31390
10,324
6,38052
1,12174
10,35209
16,4433
20,42061
1,1295
10,10651
7,37709
10,11650
7,33529
11,38880
14,49324
1,44987
8,49758
16,46636
12,45167
17,42233
9,22108
5,10579
10,14569
20,13680
20,12857
14,42643
2,13000
15,1971
6,43851
13,49962
19,1763
2,30207
8,35580
6,38252
12,9153
2,22150
2,9961
1,44520
3,20308
2,11586
1,41790
9,11204
20,32955
20,34104
16,8147
2,25176
2,14947
17,27054
20,16757
6,18947
18,44436
5,2566
20,21220
12,47621
19,46857
10,17784
11,19879
14,31732
18,39898
5,10465
13,29967
9,22772
14,28960
17,9664
3,6098
16,42981
17,49005
10,5006
3,1355
8,49269
8,36291
13,465
20,3593
5,25285
8,25597
3,19049
19,33986
18,29904
10,28618
6,28174
4,25934
8,23113
3,34186
5,28444
5,23497
9,5535
18,32697
4,6399
16,24563
18,46123
5,1186
10,3943
2,9739
18,9422
3,26567
13,17195
10,12301
5,34848
15,34703
13,46676
10,5066
14,44813
11,46983
5,21368
10,36107
2,35590
8,16199
16,40176
11,8843
5,13453
9,28540
16,24402
19,27711
14,7764
10,20574
10,38334
7,21583
10,13340
11,27998
10,3973
12,8515
20,48331
11,10231
2,24138
3,47644
6,37567
9,40408
4,14081
15,48920
13,42702
6,7818
20,44266
19,45760
9,21468
6,32636
1,42498
11,5811
2,12952
2,40036
19,9889
14,42397
13,29933
15,47882
11,31443
14,21224
19,11229
10,21233
17,14926
3,3758
14,4863
3,14671
13,14402
2,10988
9,16812
15,30682
12,29026
1,45714
15,43987
10,14032
10,47468
12,48216
19,36232
13,24907
3,5595
5,7414
20,8921
2,28912
6,9408
18,18558
1,33231
11,11616
14,35836
8,30323
13,21767
4,42654
18,18078
7,41103
16,40684
1,41123
14,48462
2,25047
7,44152
3,1606
13,37996
3,2059
19,151
8,27279
1,15956
1,31084
5,39471
5,13487
2,24040
13,19794
15,24649
14,42233
18,26875
8,5476
18,27319
6,19131
20,33209
1,11792
19,40705
3,19865
8,1821
16,10535
4,27298
16,17245
16,41022
11,5227
6,45372
1,27520
4,39412
5,26316
17,48706
15,48615
4,46238
11,24527
19,6294
4,38686
1,11704
10,17575
18,25471
12,39322
7,23176
13,1337
6,912
17,13627
6,15660
5,40982
14,30959
19,43253
15,7585
18,11761
11,26734
4,635
15,35764
14,39072
8,26885
8,47753
2,30191
5,6906
15,33864
3,30900
8,29069
13,14949
19,10992
13,17839
9,44638
9,1090
8,26802
9,24496
7,24175
15,45109
11,4740
11,10281
17,1019
2,31361
11,34945
3,31683
6,33335
16,28918
8,9887
9,31113
16,49121
3,18291
12,8591
3,18585
10,30331
17,9418
17,11049
8,42235
20,15871
2,31692
20,49314
14,1968
4,21344
15,46259
3,7797
3,12743
5,38165
13,18720
17,40218
10,26681
16,14591
8,46694
9,2513
13,28341
5,49252
8,25362
3,3865
1,25816
7,26243
18,14532
15,17191
5,42843
3,46168
2,22360
14,31991
4,32161
7,3475
7,46860
10,10131
4,45114
15,30978
10,35776
11,8225
19,22749
14,16438
16,38708
15,12642
1,32471
9,6525
14,36689
5,6985
9,35218
11,24431
14,37254
15,4229
6,15803
12,11009
20,35105
19,23124
16,35700
5,21269
7,21734
17,12983
1,37529
5,39431
16,48047
12,45984
10,31723
14,16666
13,8727
16,19598
18,10577
15,3267
5,29962
5,10904
15,23880
20,37085
4,35047
14,10839
8,46451
5,29128
2,5638
3,25085
12,49405
10,49796
7,20096
19,17740
8,19618
4,24939
20,23631
7,26063
1,38977
12,25319
19,45934
8,42260
6,33439
14,26594
20,48028
20,32668
17,4072
14,41023
10,47132
11,49653
20,1642
18,34240
5,7210
17,43456
18,1837
6,41938
8,42722
7,45664
12,2295
13,9474
12,45082
10,10243
9,32179
16,16771
2,19397
12,378
8,14674
9,6848
16,13251
17,8152
6,22521
3,22293
7,46967
2,7318
6,4474
2,42560
19,41567
10,35905
9,21679
10,7659
5,27642
16,24197
11,18548
1,33394
2,41698
17,1150
13,28096
17,30400
5,26249
5,6679
1,32876
17,42860
16,29026
18,1834
2,47095
15,41033
17,17503
20,20458
10,10140
15,49869
13,45474
18,33629
8,31316
4,8391
9,42641
8,1532
6,6609
3,49178
6,27242
7,39304
14,4260
12,10514
9,27747
11,38544
1,21046
11,15030
10,11942
11,32613
6,43917
13,34711
1,29232
8,43645
3,1926
19,23169
14,21660
15,46934
3,28016
10,4614
16,32836
15,28463
12,30853
3,21357
20,40516
4,19381
1,6292
18,17191
12,24863
5,34904
17,9772
17,42483
9,33606
13,32299
6,24401
6,25642
7,45039
20,3799
13,46010
20,16416
7,48779
10,38926
1,19632
18,1119
12,17918
11,42365
16,3633
2,23209
9,26710
16,29275
10,30084
12,29165
20,30947
13,19847
19,11159
9,9963
15,35039
15,44069
15,15189
7,13113
2,4445
12,21055
1,4996
14,2536
6,21068
1,19561
14,11708
4,37642
20,1721
9,16759
10,24525
12,29922
18,27092
11,9592
11,44261
5,24874
12,17285
1,3700
8,568
1,42067
6,4526
18,49566
6,48003
15,41848
1,326
8,38601
19,26737
8,11382
2,39357
13,46625
6,32388
16,8224
6,32030
8,9378
17,47255
17,47993
11,30845
1,36358
18,41014
17,42012
15,2836
7,47830
3,23929
19,49362
15,11246
11,19820
9,29154
6,41216
18,47382
18,27856
4,22697
13,38002
19,27863
5,15980
14,41459
1,49095
6,42940
13,23461
4,30903
17,28416
18,47694
10,8688
15,39649
1,5692
10,43956
20,36016
4,46094
2,38224
1,6233
16,31090
17,44599
17,13443
8,16618
7,32065
8,46203
8,4616
4,17830
8,23822
12,36890
20,10205
6,25121
20,37036
7,3978
1,35679
6,28679
16,4079
19,4073
19,40194
13,3053
10,21718
5,30072
11,46863
3,11812
14,25501
13,26738
10,1673
18,33366
1,19450
16,36544
17,39683
13,34185
20,193
2,44326
1,21244
17,40060
11,41105
9,36349
9,37681
3,4236
15,31610
19,47806
12,5502
9,31429
6,3988
3,24721
6,34091
8,16300
14,39514
6,927
10,3242
8,7522
18,44304
15,40761
9,30078
13,24879
5,49162
4,48662
16,16165
12,30689
18,48148
10,31556
12,45978
9,14081
10,31132
7,19143
13,2262
20,14625
4,6959
1,5823
20,9575
8,38229
9,16819
11,31766
20,46502
2,48756
8,26782
20,2200
2,48926
15,31044
13,29317
13,7399
7,15718
6,26724
19,775
2,48938
3,20139
16,25212
5,47404
19,20688
11,8099
14,18053
11,34495
18,18927
11,44565
19,35516
10,30948
7,20891
2,30182
17,37924
10,27839
3,32243
8,39238
8,29043
5,3767
13,532
18,31290
8,1306
2,3010
18,6049
3,46030
20,13494
7,32783
14,11621
7,16291
5,443
4,38559
12,33177
5,33226
5,5935
4,31109
14,23228
9,42263
18,411
10,34984
2,6938
1,3550
15,40455
16,33244
15,37232
6,31418
1,20013
10,13934
20,17665
10,6103
18,21170
7,6104
2,42236
3,17412
16,24141
19,45074
3,29879
15,20487
4,41624
17,29778
13,19261
2,33495
14,23022
3,47510
12,29426
3,27174
12,42368
7,14457
14,20698
14,41836
10,24735
3,27675
8,22166
14,8541
5,19034
12,41360
3,46351
10,46903
5,38521
17,1313
8,32840
9,7239
4,40402
10,23305
17,22798
6,9959
4,22358
5,29453
16,32620
12,47141
5,23281
17,28421
6,15063
7,14228
10,36847
6,17369
9,19259
13,10369
10,30347
16,18279
2,43810
13,14332
10,22580
19,26028
15,16398
5,42585
1,22577
10,4541
16,29998
15,41689
9,27557
13,36679
20,34429
5,714
13,43399
4,17308
14,31949
14,28789
20,32308
20,41362
5,21033
20,26983
3,11668
13,14319
14,18510
16,17662
11,38877
8,1611
14,29878
10,3954
19,32774
1,12573
7,14267
18,19088
2,29665
8,8107
18,4448
20,26249
15,49561
18,36653
14,29551
18,25072
19,3941
6,12278
15,15073
5,2147
5,47635
6,18382
17,22658
19,13456
13,30844
7,16372
9,19851
7,36391
9,26336
3,24854
19,41108
19,36275
6,17497
13,44182
6,15784
4,4930
2,49193
1,18577
4,40288
6,42734
1,42333
4,2429
5,14541
19,15489
7,20294
20,48986
11,21299
17,11974
9,30051
10,38751
17,46152
3,21651
10,36964
10,7143
20,18901
1,6996
2,9239
1,48008
16,32760
14,6190
17,480
18,48806
8,48884
1,4630
11,26420
15,44687
7,2847
6,6078
13,27792
6,46000
19,4259
14,25404
4,17818
6,45839
18,44906
20,9385
15,39406
18,32966
5,28118
4,21691
9,29774
13,33589
5,747
12,39641
13,29631
9,30507
20,36816
10,24624
16,45566
20,42985
1,4994
13,3942
13,23517
9,10067
12,21133
6,3092
1,903
15,35423
3,31594
7,20600
18,2264
5,31092
6,23785
14,13852
18,15217
6,20165
5,20754
3,31050
8,49950
19,10521
6,2741
1,37602
5,45869
9,49368
8,37380
14,12123
18,25374
10,38142
15,31284
16,27397
5,3766
10,488
7,38800
2,866
12,49834
9,29435
1,14982
8,3615
14,3113
12,36926
4,48666
4,34925
6,46129
19,9340
4,21169
13,44063
1,17437
6,6880
19,22656
13,47177
19,1246
12,4056
3,38656
11,30976
2,43808
7,8853
10,151
2,37293
17,5242
6,37212
11,19359
7,28537
16,40432
19,39566
7,29066
3,1108
2,13080
6,4538
12,42944
9,24274
17,16609
16,6239
8,2954
1,3532
18,44291
15,28932
20,45132
6,42461
1,12334
10,30922
6,29695
19,11377
10,17714
20,37043
12,45392
1,15207
6,39272
13,48319
19,30645
12,6639
14,3921
12,29858
4,10249
10,6756
19,1717
16,31000
19,14280
1,7171
6,34874
13,29243
2,46347
3,4804
10,15148
20,7793
15,37549
8,42601
20,24950
13,36258
2,21830
16,41463
7,32284
6,29674
17,40234
19,43050
4,21477
12,36780
15,38609
17,692
17,32610
16,46248
15,41147
8,43479
4,2548
2,2342
7,10903
8,34624
4,40581
8,49115
5,34236
9,10133
17,41320
14,30268
17,16768
4,14899
4,10711
17,35984
12,40384
1,42987
19,14993
9,46458
1,45262
14,33554
4,8329
14,40766
18,38116
14,13436
3,3594
9,34153
10,25111
11,27096
20,44592
3,34475
18,10849
8,41731
20,27914
5,49449
20,34676
12,2926
10,13898
12,43750
5,15325
3,42949
18,45672
20,38629
20,32346
15,39152
6,16831
11,8865
14,23793
2,17859
8,3791
20,2020
16,38620
11,37588
15,39119
9,19189
4,27383
13,32409
10,43655
7,19758
13,28132
20,32173
17,13266
4,24747
17,9812
18,18408
9,20602
8,10242
5,14347
15,42916
13,47365
12,46111
1,16985
1,3076
17,29113
2,868
14,11788
8,1636
11,38992
7,47879
13,41739
13,1478
9,34226
12,32115
8,42714
10,24820
8,35533
5,2160
18,14941
15,30655
10,20137
6,33716
17,28450
19,5764
8,32745
11,44386
18,42864
12,25546
13,32142
4,14116
1,39073
5,10264
12,13823
4,5560
7,30363
9,40638
12,12161
17,28227
9,962
15,30513
7,34048
2,6614
14,26282
16,30308
12,35360
19,8089
8,47196
9,29508
5,16858
7,19807
19,36938
2,30854
14,20754
14,35879
10,43531
10,14987
12,33875
10,21653
5,2992
15,18473
1,42221
15,38266
5,4631
20,3999
16,41852
2,44796
15,7236
17,15609
6,30386
5,11567
15,24535
16,46868
8,25103
12,29217
13,161
15,26463
17,9478
7,3553
3,22731
6,3966
16,37940
8,5267
11,7569
1,8211
18,43493
20,5224
5,31729
1,37877
14,28924
16,1570
8,22238
4,21074
19,13990
14,37355
8,41396
9,27747
8,17062
5,36998
6,24133
5,19364
3,43045
10,1868
13,22617
8,40841
18,16906
12,30396
3,11141
16,46073
11,28047
15,48149
2,19876
1,34542
9,21015
18,34460
10,7689
6,3397
8,40236
8,47474
20,15309
9,6242
15,36591
8,44531
17,25339
19,18151
7,29387
19,20255
14,2589
5,38707
18,40125
9,37921
9,4315
15,24777
1,37200
4,24436
7,41492
5,24351
4,16070
20,22519
3,1144
17,14272
5,9976
7,46942
5,19859
10,7318
19,24677
14,14216
17,40742
2,37744
17,30000
17,38254
20,4114
18,22557
13,21157
5,40136
14,41001
12,18308
3,34776
4,37386
6,13570
4,2730
20,34482
1,29874
16,36464
13,43130
13,47428
12,29198
13,33072
14,46179
18,15078
19,26942
10,42685
5,30811
3,48266
6,42906
15,14952
15,45955
19,5261
2,27888
10,18543
14,642
16,31955
5,15226
14,38008
7,46423
5,29139
13,49257
1,44823
13,21590
15,28957
8,46849
6,41887
2,6722
2,14260
15,45282
9,482
7,8488
19,42298
8,2946
20,32577
11,42011
10,47986
3,39095
16,36011
10,38711
17,26374
8,38425
20,39755
16,13850
8,11934
15,29476
1,26816
8,9992
9,42106
5,32107
8,43999
11,40840
7,48927
7,39236
20,26880
12,17135
14,12208
9,10379
9,46004
7,35089
11,18249
14,49032
1,14467
6,2302
15,23294
4,41402
18,15023
10,23817
3,40018
2,46403
20,23458
15,37193
13,47825
13,18790
14,44825
17,4792
7,32498
18,10473
16,5539
14,24452
20,15551
15,37243
2,12516
10,14495
18,38573
3,34483
13,12086
18,6151
4,39465
8,35429
6,34023
4,22653
7,39040
2,47009
17,14857
1,25308
2,46898
16,39519
20,38282
17,44893
19,145
14,14136
13,23814
3,10198
7,7482
4,13291
2,31849
17,14505
11,34261
8,5078
11,11059
18,18976
7,32585
13,42136
7,14029
18,2902
16,14859
13,17631
2,29065
17,42015
14,19922
14,28330
17,30927
18,22383
12,9275
15,20801
20,5349
6,16670
3,45392
15,4289
19,10128
6,22169
18,1525
19,47417
14,37476
11,43437
6,27379
15,2010
13,45388
19,47954
10,19816
6,21933
15,44479
2,17335
12,47135
20,5817
1,14277
1,27798
5,7143
7,5260
3,44855
1,18366
7,32405
7,10052
10,35531
1,13370
20,8762
1,36445
6,21611
8,40000
20,29542
19,39420
9,15822
12,42600
17,11445
2,21585
2,17739
11,36311
7,26350
9,40894
20,47015
14,2175
12,33004
7,14443
8,502
20,14424
16,12457
3,5874
11,34959
11,41102
20,44470
1,42465
8,13128
16,25182
18,16784
18,25582
15,25518
14,47731
6,42396
20,40307
15,6197
17,35793
14,22227
7,28710
19,25566
7,34049
18,42937
6,11919
1,19197
6,47075
20,33305
2,2868
5,25528
14,30411
16,41957
4,19322
7,34104
1,38217
14,26695
6,40422
17,14237
1,41834
14,32249
12,49631
5,46587
17,32952
3,37944
2,29244
7,21714
11,27831
17,41166
13,47449
11,41703
17,16229
10,40284
8,3082
17,10982
18,19360
12,16961
1,41417
5,45767
4,48706
3,14414
12,5210
11,21267
2,16129
16,11205
6,4501
10,23754
15,30941
13,36070
16,23736
20,16119
4,10749
8,46119
17,27520
10,8793
9,45179
5,6010
8,10011
7,49790
8,43828
8,12247
18,32798
5,47669
7,45303
8,38834
5,941
4,31452
10,28484
5,30710
4,22240
11,6605
18,20671
9,30594
4,41533
1,21451
12,3186
14,38373
17,47940
10,10936
4,6858
15,40145
6,14464
3,658
3,2830
3,41454
4,30412
19,49133
10,31575
20,14473
12,15542
10,36594
17,9866
15,27789
7,1731
3,17300
15,14900
3,10121
11,1624
18,39166
3,6834
16,32019
17,17456
11,32667
8,1206
6,7476
5,37264
7,6990
18,3237
4,17593
20,45157
6,28931
20,3879
3,45586
18,4027
6,33808
8,11839
10,20591
13,6155
20,41641
19,11612
17,30721
9,17509
14,34337
11,16405
1,37646
12,19870
4,28270
12,33218
14,31918
19,9240
9,25672
4,16315
7,39227
7,31943
8,30740
15,45270
8,22318
11,46924
9,27443
17,11164
14,3902
4,6758
19,18717
9,32522
6,43396
15,14188
15,48826
18,16357
8,24374
16,25403
18,14357
19,24882
2,24122
3,26259
19,14042
18,23830
6,13114
7,43958
12,2072
12,13990
16,27663
13,46918
11,31590
17,3446
15,7126
4,25288
7,19040
3,45199
6,3280
20,9169
4,36971
19,2473
13,39386
18,14897
14,38792
15,7115
14,10880
5,21954
7,5067
14,8625
20,43002
10,32013
3,40889
17,21261
7,29999
1,24304
5,30608
13,40162
6,28663
20,23196
19,33499
6,1425
8,22528
11,16309
15,46370
18,46550
9,48694
15,39805
6,39159
2,15305
1,27039
15,32977
1,45408
4,26427
13,13410
16,29003
12,28373
7,34754
6,39872
8,45787
6,10501
1,36937
7,49364
14,39238
13,34438
14,35851
13,20133
7,33264
16,31667
12,28795
18,42936
6,40361
15,38260
7,17074
20,48405
10,27794
7,20447
14,25282
20,44947
14,48136
14,48609
5,13958
16,2791
6,19025
15,45312
14,24032
6,17648
6,31378
19,48176
20,15534
7,43166
1,33185
11,19896
2,46509
5,2865
6,40060
19,47888
5,45490
17,9684
13,14779
4,5680
1,25523
2,19330
4,24271
10,4056
18,4618
1,41678
2,31305
12,38864
18,42988
17,18069
12,25592
5,49567
12,16285
5,38572
9,45915
9,6007
1,4474
5,40664
7,31779
17,41632
3,26026
8,41952
8,45985
7,6610
11,9061
18,4294
11,19663
6,47136
5,34512
2,40839
18,38397
4,46335
6,40743
14,28926
13,48706
17,2614
2,24291
12,47231
1,30683
13,17486
11,25949
12,40759
10,29865
13,40718
7,23707
7,20312
15,28055
10,17004
8,36356
13,11901
2,31954
20,39213
12,23694
1,16564
15,3296
13,849
15,29837
11,17266
5,18687
20,36023
4,26622
10,45924
5,41425
6,41399
2,15856
5,5739
6,8631
18,37401
17,44267
9,43930
8,44684
4,24021
8,24526
11,44966
17,36902
20,12705
17,42969
1,32596
8,9846
17,49387
19,42978
9,13779
17,49096
17,48316
19,49898
8,23180
20,34635
5,28894
16,21044
13,18718
20,49430
14,9602
12,32717
13,42153
11,48593
2,20043
8,14301
10,28137
10,13736
12,49645
2,27271
17,22631
12,21667
16,19183
4,26947
12,14369
1,11785
16,31969
4,18156
2,4349
2,466
9,28991
12,27918
10,3036
10,24216
12,24329
9,33261
8,24973
19,32846
16,45618
7,32628
12,5334
12,16238
10,10659
6,27450
3,31682
9,15570
3,35836
5,26953
19,21928
12,18083
13,41859
3,38854
18,42120
18,33300
20,32081
2,2434
9,32467
11,26975
3,9173
3,11184
10,23030
1,8082
3,48242
8,6313
6,10289
5,43444
5,44398
12,46437
19,8882
10,9421
5,30023
7,21570
8,47282
19,44078
19,33901
8,8805
15,41928
18,47101
6,45781
6,12292
12,30218
3,28235
20,18702
4,17133
15,3065
17,16104
6,28345
13,9628
20,21052
14,9057
19,22188
8,17979
13,6810
11,12731
5,19801
16,44320
1,18828
8,38197
20,33474
7,9690
9,32932
7,18456
2,39504
19,27604
20,20812
3,26147
15,32110
20,18336
13,45218
2,41930
5,2691
15,19139
20,34638
16,6824
1,27368
16,16458
13,8062
20,10710
4,24187
7,48747
7,44330
17,27826
18,32000
7,48703
18,20346
20,18988
4,7157
15,11564
3,27334
10,35388
11,13947
14,30542
5,10094
12,7698
20,24897
13,19165
15,6156
2,42042
20,8025
19,2110
14,47929
5,27712
14,7803
9,41836
14,22728
10,20699
8,147
2,34520
3,48844
6,47042
9,17839
18,43080
5,35351
13,16123
15,16252
10,28023
13,37540
13,17795
9,47250
18,2895
17,12582
10,33819
17,19681
15,19829
1,5828
19,46446
12,18091
14,25059
19,49562
2,12096
12,16779
8,318
2,42129
6,5623
10,4713
14,33373
18,10472
12,32368
15,31492
10,29473
1,24119
17,16042
13,23832
11,15267
19,45778
17,8709
11,23851
17,32306
10,15408
13,20230
1,17488
12,8480
11,32139
2,36232
4,41688
12,15463
1,32334
12,32545
3,35134
18,35606
16,36219
2,7487
17,8881
2,41955
3,23580
8,26698
4,3531
15,38093
16,44972
8,15026
6,46140
4,41783
3,16382
10,40983
15,26274
11,29189
17,9400
19,8003
3,17461
5,3730
19,8127
10,30203
2,45371
20,47685
17,46961
9,2938
14,15122
16,45664
20,9656
18,16585
5,17364
17,26105
10,7318
16,28451
13,5834
10,16723
18,26002
18,1775
3,19242
8,4265
19,40142
15,33848
14,13390
17,9482
19,33843
5,22078
12,26532
5,40445
5,27211
7,11890
2,31175
14,38007
4,7645
9,21007
11,30901
13,5428
13,684
9,3047
11,21685
12,20322
19,30623
4,2373
20,32312
20,30074
17,28049
17,23525
1,40034
11,4150
6,28348
16,8349
6,8981
6,34040
11,25751
12,23447
12,43520
19,24720
17,15357
11,25929
12,22602
9,30689
13,7988
10,41720
9,40915
6,8598
19,7927
9,32997
15,36413
6,27129
10,41559
7,17368
7,14183
15,27704
20,3559
17,37295
3,20097
20,34647
14,43495
4,34142
18,38894
14,34156
2,41109
11,8438
18,36847
7,37249
5,5175
5,13084
1,27190
20,2142
9,48141
9,44528
11,7562
19,40574
12,1158
7,28811
9,49950
8,35408
1,48410
20,13931
2,29372
19,464
11,49863
5,13243
8,13017
17,48612
14,24612
19,42539
17,4590
16,6123
12,27827
12,34296
11,39526
2,3819
12,925
17,21121
4,49527
12,13652
6,10242
19,3238
15,7986
14,18042
1,19777
7,29568
12,18695
15,9659
6,22024
1,32800
13,26393
9,36447
1,48677
15,4142
19,16147
16,19530
9,47717
4,35030
20,21759
13,39441
7,48176
1,30493
12,44735
19,26215
15,47804
12,34629
4,19909
14,21305
15,30328
10,13572
12,41496
1,10530
1,47976
11,35077
8,49625
11,36958
10,24594
19,48992
10,48644
18,4932
16,25608
6,45018
1,11044
8,33714
16,40356
15,28693
16,46449
5,47259
14,47961
9,9664
14,22580
7,13564
12,4800
6,43307
6,9736
4,41410
11,19974
20,20521
3,36051
7,35523
2,1898
11,44241
9,658
9,9703
10,22497
18,44522
13,22877
1,20110
15,48042
15,23627
12,7502
4,33041
2,9436
20,26067
20,49705
2,6421
2,11342
19,568
15,11909
9,9985
9,39029
5,41901
1,45985
1,44387
6,37375
4,46309
5,6627
6,29619
5,11045
4,47139
14,41221
18,35469
15,39727
6,45793
9,23039
18,49743
7,2291
12,26307
10,30015
7,24711
6,39920
5,37965
18,45878
8,38843
7,34835
1,13869
2,20184
20,8038
10,46256
16,16478
5,22526
4,47856
12,2351
20,18288
17,35347
5,15598
19,42925
1,39077
18,43764
16,22514
13,10884
6,18961
15,2263
14,10726
7,6657
10,43322
14,33960
18,41427
9,21153
19,45007
1,12880
16,34457
12,17317
14,21497
13,22786
15,851
14,10682
13,6878
18,32718
12,26556
5,18191
19,11885
5,45963
7,33181
16,32246
11,49551
4,27068
18,13364
3,24741
16,42687
7,9756
15,39212
5,25155
4,25356
9,24699
4,28356
10,13153
12,34298
2,6027
20,19938
13,4080
11,47715
1,41278
2,28315
17,48893
11,34926
7,19348
7,27958
20,26699
10,2516
15,48533
12,30945
4,6635
17,29145
7,9716
1,43039
15,8813
4,47386
6,41372
18,22775
2,20708
6,44338
4,6217
1,7672
14,8668
16,41264
2,37218
10,42738
2,39848
14,4746
6,36034
4,34881
12,7713
12,38233
12,36891
18,34226
15,36830
15,5507
4,36849
13,14606
16,21001
15,23168
14,3701
12,301
4,26439
6,43775
5,26924
16,7239
4,32562
19,7747
18,19118
19,15709
1,29705
10,1343
10,5052
15,23959
10,3004
7,28366
2,6829
7,14950
19,537
4,22169
20,46026
14,606
8,31739
20,42079
8,36482
7,20887
12,35168
3,19840
8,30431
10,13447
4,18901
19,11851
19,17818
3,15193
1,41371
12,5331
10,20103
8,23745
12,21738
5,17072
17,30630
19,48893
1,6394
20,48991
3,3394
14,35236
4,18793
16,40211
1,12652
3,7779
12,4944
4,47721
1,44923
11,48869
14,7090
5,10040
2,10893
4,35238
10,6794
14,5242
2,32867
4,48373
17,31753
8,2497
2,26638
6,12814
15,44149
16,17186
2,32527
9,24635
12,43806
20,26487
1,26560
12,22726
10,34610
3,47523
16,15891
2,4525
13,12275
11,2040
15,14037
1,1019
19,45611
11,27230
15,5578
1,33517
3,3850
8,13417
16,34021
20,24942
18,48615
9,10516
2,10786
7,436
5,33636
17,14870
20,6841
20,20279
18,39309
7,36969
12,40612
1,47070
11,38874
16,32922
15,22797
7,14352
13,42131
6,39601
3,14991
1,8805
8,39391
5,49670
1,17359
3,40498
8,30749
18,11700
13,28223
11,38530
17,21688
18,4839
5,3716
12,9174
4,33956
3,24958
7,12790
14,41849
13,20981
14,29783
7,4569
18,47011
18,40093
15,48767
19,3545
18,9795
18,7348
9,12386
3,28703
15,3971
4,9174
11,10356
18,14539
1,22504
12,9305
1,3727
16,2213
17,11028
6,46024
11,13869
18,13318
19,3911
13,1861
20,2336
18,26920
3,48232
15,23930
4,36008
20,16976
4,1990
2,29563
10,26935
8,27214
20,47098
12,40451
17,44237
16,29732
17,43085
6,14432
2,21521
18,43660
1,31850
14,15218
6,3232
12,1737
13,45675
14,32974
14,6756
17,1137
15,5672
17,43669
16,23756
7,49512
5,3072
14,11060
20,21326
14,48545
20,11138
9,44628
2,41131
14,44694
18,1296
7,37734
10,14615
19,1431
8,40755
15,10661
5,9486
7,40609
9,41917
8,44464
8,29250
19,4928
15,27301
19,18038
5,5033
5,47782
14,31310
1,41646
16,40996
17,44974
2,13548
5,39512
6,5381
4,28023
5,40538
13,39422
10,42293
19,47872
6,41417
4,11124
15,6487
8,22914
17,46746
9,20234
11,17604
12,1360
17,4642
4,21564
20,4161
15,28120
17,7770
13,10857
15,49087
6,44396
11,19383
5,32542
4,42276
1,4561
6,11633
1,20854
20,49942
4,12757
5,27903
8,39205
16,31022
4,25335
6,587
15,16632
18,49692
20,19659
12,34906
1,8020
13,39831
9,25273
7,2543
5,46283
18,33038
8,13018
11,41527
14,25848
1,7466
12,44541
5,38224
4,5502
11,3132
12,9231
9,42514
13,14968
2,1078
3,4969
20,46786
9,11916
8,35249
13,5407
6,16638
6,626
3,739
12,16291
6,17924
9,23369
14,13363
19,25662
12,3207
6,741
18,49799
11,5078
4,26407
6,22572
9,23218
7,27337
11,30094
17,29388
10,20350
17,40676
16,24642
12,45873
1,43963
8,37265
4,31896
14,29824
20,530
10,25817
2,7998
10,33530
18,26461
10,49143
10,49853
9,17514
9,38826
13,44426
17,16090
5,14417
8,32813
4,34614
17,36978
2,29800
13,8208
10,6291
2,13766
14,22535
10,33768
14,40286
19,21900
4,11884
10,7225
5,25562
9,27645
6,5256
16,33909
5,20613
3,7632
4,26041
5,9126
12,1971
8,46207
3,40248
17,28448
6,29464
17,35328
2,35693
18,6982
13,49458
8,10705
2,35939
1,1651
17,28031
17,3568
20,16595
16,38673
13,40696
16,33402
14,24180
10,32506
17,9474
20,23703
15,38042
6,8688
20,5693
9,43996
17,22349
5,10825
5,1162
4,44045
10,12991
1,13024
2,40778
13,39941
11,46919
5,17289
20,47946
4,31930
19,3308
10,11722
1,6771
3,43237
2,20395
19,14930
20,13918
12,42079
8,31096
14,17343
19,13655
10,42333
13,19372
15,46930
12,30577
13,43602
20,30078
12,32085
15,17153
7,27292
10,37294
4,31219
6,379
17,6861
2,44360
16,34476
10,29362
2,21200
3,27194
2,39005
12,44135
10,24793
4,3655
19,28164
9,18022
15,21700
15,10607
6,38856
14,13946
18,39211
7,26148
10,46870
6,33595
20,46314
16,28257
5,41097
19,4245
17,45325
15,15147
20,49264
11,49599
17,13983
19,27943
4,38341
2,45040
13,14407
2,4753
15,39636
20,6754
19,23684
13,42458
14,34904
13,13285
20,37503
18,47006
4,25937
18,18486
4,43799
4,39716
20,39988
19,31617
12,48185
10,22693
14,47264
20,27845
2,40541
11,26486
6,18415
4,5297
11,11417
20,517
5,48139
12,15007
8,12241
2,6787
13,31404
3,42013
13,34404
10,11854
18,48829
20,23738
18,34230
12,45968
14,2806
5,36034
6,25514
6,33584
17,10508
5,45727
20,188
10,40409
2,36049
1,42090
13,1343
5,16789
7,36794
5,5476
12,32272
20,8338
12,7508
11,7904
18,11331
19,40104
7,22911
10,46745
19,48880
17,44053
11,21575
6,3013
13,38263
12,38334
9,16677
9,5148
18,1871
6,38206
18,22123
6,3337
6,33578
17,44712
19,23712
7,25970
1,20142
16,34677
2,15220
13,30814
10,41112
20,4005
7,6085
11,43549
3,31137
9,28118
9,39323
8,37297
19,20446
2,41484
11,1210
1,8646
8,20899
2,15530
17,44822
2,13314
11,27710
8,35554
18,41918
10,20580
16,32566
4,36253
1,25561
5,8621
15,2729
1,26959
11,32134
13,26751
17,3277
13,6178
13,17215
13,26173
17,13633
18,43743
5,24176
1,29741
3,9818
11,2061
7,7277
9,10386
7,14483
5,18581
18,24851
16,36126
15,43871
7,5976
12,5186
12,43742
10,30866
2,20923
19,40116
16,629
19,1616
18,22128
4,37149
13,49459
14,35670
1,14783
5,39538
10,6962
5,46092
8,8311
6,23661
15,20684
17,47417
20,47440
18,29162
6,23520
20,40504
20,4500
3,29557
17,15449
9,11393
18,41535
3,2899
12,48735
16,30781
5,19435
10,20444
13,20752
15,47249
6,31988
14,22482
12,44204
19,49142
6,3557
14,23492
18,37871
13,8522
13,9553
6,42571
3,24145
16,36018
20,47119
4,8433
13,34946
1,49454
12,24002
8,21095
15,30744
15,40925
14,25813
18,2469
3,46681
11,29395
13,41819
14,34676
11,44894
19,39518
3,14019
20,44477
7,45663
14,18561
1,6072
5,21247
8,29654
20,33229
12,45359
14,40111
13,5582
2,31989
2,10749
12,28029
20,37014
2,22818
12,47152
17,29826
16,1434
7,47277
4,14014
7,28105
18,12928
8,42448
6,44989
3,20717
8,34904
4,1910
16,4315
12,5776
15,21346
19,39848
6,20276
4,8802
5,43352
11,38293
17,47905
14,26461
11,433
19,10569
6,5522
7,27756
11,28541
19,12007
13,45789
1,27375
9,2751
13,17028
18,14483
3,42408
9,9624
1,15747
15,18831
13,27660
17,30676
3,6672
17,14576
17,36487
11,48851
16,15873
4,8673
12,27206
12,24461
19,25747
16,18789
6,29073
15,31046
18,16178
18,35151
3,26292
4,2893
8,32792
12,39157
18,36380
5,754
15,35621
15,14793
10,36238
6,24517
18,35480
5,40337
1,7468
1,4047
14,14496
4,10407
5,12241
20,38527
13,4075
5,27123
11,20955
11,34659
11,36452
17,8372
15,38472
7,12754
11,18521
17,3017
2,8933
15,49847
19,48680
2,42549
7,7666
12,21202
20,43819
15,38960
9,5942
19,2400
3,42652
7,6454
20,8586
5,49406
10,23052
20,11661
17,537
14,29397
19,29175
3,20312
16,44837
12,178
9,22535
13,14154
8,42061
12,13895
19,25311
19,10068
3,5130
2,3425
18,1134
19,43773
17,17546
13,46031
8,28195
4,38574
11,16511
11,19276
6,38042
16,22560
16,10963
18,41378
16,11694
20,17133
17,28302
4,12774
13,9164
4,32003
6,48914
3,11079
10,7551
16,45253
12,9806
13,41919
17,22975
12,4492
6,850
6,26385
5,12891
19,39885
16,14221
9,18991
14,27019
13,36836
4,18321
9,26031
7,44927
8,38605
4,41533
5,32945
5,16642
19,45781
2,47000
13,606
11,49896
8,16157
6,42077
18,48166
19,2520
18,3010
6,36224
20,32810
11,47298
7,49322
19,14589
17,48477
12,20351
16,12959
10,2407
16,48544
6,34666
10,25313
11,30228
5,19868
16,25671
16,1294
19,20920
4,35449
11,269
2,34949
13,11286
16,163
12,11505
12,46206
1,6082
4,21538
11,17930
19,35304
16,11270
18,11365
16,25862
5,22653
13,17907
11,25407
16,35657
20,11558
15,20778
2,42664
4,5887
16,17327
6,39575
11,20570
7,24091
2,6640
12,40952
7,44162
9,21245
10,1260
9,45128
8,34306
6,41875
3,8093
18,41791
2,27948
2,27307
7,31106
7,29168
7,6022
19,25706
6,31472
14,45819
16,13913
18,10984
18,1775
11,49595
1,42226
2,5435
15,13322
10,10062
12,393
8,8701
13,22795
8,5271
16,34679
16,19897
13,46220
13,14828
11,35906
16,19436
19,28086
14,18575
10,47548
9,48214
3,43443
16,28436
5,12692
16,45569
5,12383
5,5598
16,15634
11,47041
9,32335
10,28037
8,24632
14,11175
19,17188
17,18139
3,21240
16,17231
10,15492
6,15880
19,1111
6,9243
1,35954
20,17214
16,38492
19,5948
9,15063
4,2999
17,34776
8,28288
9,46412
18,37609
8,44411
8,35520
19,49057
12,3097
6,16325
7,20802
3,24270
19,34227
19,35595
16,7218
17,34034
4,23710
11,16582
19,25932
15,42693
9,38248
16,6254
10,43796
11,38622
13,19188
2,47390
16,32050
8,21842
2,5607
1,23933
16,30513
17,22817
4,34455
8,43994
20,48151
19,30310
16,39205
2,44813
20,28025
11,14274
17,10502
10,28294
18,26483
8,5356
6,49744
8,3681
13,2389
16,38392
8,30199
17,25177
8,1796
12,4154
18,4166
4,49484
11,47521
17,1875
4,16643
16,12880
1,11758
15,11822
13,23927
20,41707
6,49585
13,17096
12,49188
14,45780
17,1807
13,32629
6,44665
15,34640
14,43919
17,17569
20,31007
17,49005
11,9407
7,15038
16,16909
16,22937
10,6621
16,23775
11,22521
12,26768
11,31451
18,10949
10,24353
3,7406
2,42789
7,39095
7,31690
2,8914
20,14067
10,4550
16,13486
5,48361
20,43410
1,12407
7,12787
11,21635
19,44409
2,26564
15,2984
3,21594
8,27191
18,46780
17,28954
1,4812
10,27506
9,6264
20,38769
20,49259
12,33065
13,48046
6,7436
4,17960
6,39727
5,9189
4,45033
6,7576
12,21951
8,21615
13,34606
5,13515
1,46663
11,42687
9,12326
8,44788
18,21381
10,36190
18,3686
2,25914
17,3568
10,3815
5,38035
11,48492
6,27685
17,35351
6,44582
11,15461
4,24462
5,43376
8,40100
15,37155
9,48843
3,2444
16,33528
6,2256
3,26415
12,40836
16,21473
3,32398
1,44222
2,12043
9,32798
19,4359
12,34764
15,21295
12,24544
3,15163
18,5733
20,6499
8,7716
20,10591
10,8118
17,49508
5,23635
17,10433
19,46265
5,35528
3,31437
3,9691
4,17951
12,272
2,14388
1,25056
17,41225
2,11067
5,5203
13,47288
10,4310
16,40100
18,2514
2,46900
2,17003
16,11569
11,47822
9,48089
19,19866
10,8626
13,38088
16,28551
11,19292
12,15442
14,37956
17,20656
10,25283
13,39909
7,42106
17,19171
9,19785
11,16054
4,30125
19,32826
19,10927
1,18674
20,22823
10,20746
18,9644
6,40482
4,29827
9,19453
9,49044
12,32397
17,49622
13,31316
20,9948
20,19113
18,44390
7,44874
4,6791
6,21414
1,20652
4,42525
2,5599
13,49559
4,23743
12,30699
19,12595
13,17857
11,27349
20,11473
10,11907
16,22591
15,20543
13,21740
13,9362
13,32838
8,25554
16,31611
18,2539
14,38396
5,14030
15,27733
5,1667
2,19920
8,25581
16,8737
20,44677
18,45894
9,15025
5,45325
1,41587
5,20220
4,31895
6,20139
2,28699
15,2505
7,8604
20,5425
10,10327
13,2866
2,24468
20,41397
9,24390
7,18264
11,37292
16,28635
8,1114
20,28680
19,10090
15,49317
12,35392
7,37251
6,14085
7,8893
18,15980
15,1232
16,18733
6,43321
1,11901
19,26033
11,5466
15,25996
3,21010
18,6775
16,18681
19,11671
13,37200
11,39189
1,2273
2,7289
17,11020
13,38379
14,46518
14,40930
10,33722
18,8314
13,41117
4,47616
8,36424
10,14959
15,599
14,27480
9,46441
13,6844
4,10616
6,45090
13,32046
5,2293
15,46264
2,38661
19,38393
3,39571
18,24803
6,23956
16,39093
17,46812
18,42911
6,32588
7,28840
15,37777
20,5186
6,22805
14,44402
17,5528
14,7199
9,5501
18,47182
8,39857
11,43625
14,24752
9,28785
4,3320
16,10583
3,9668
8,27805
4,35818
17,11875
17,48398
14,2726
20,35802
10,18577
18,2760
4,48931
18,36514
7,44978
16,35911
10,8051
13,25907
9,796
4,46935
3,18375
10,15158
1,16922
11,29504
7,6957
3,6043
8,11521
9,44908
5,17908
2,23036
16,38348
1,32468
11,6954
9,34367
13,7149
18,15279
1,12529
20,43992
12,20936
17,26053
13,42414
11,14146
2,32177
16,19911
3,24497
12,10762
16,22609
12,35883
4,19670
19,23323
12,9759
19,31970
5,45845
13,26612
19,17458
7,44964
3,13120
20,47589
6,33662
2,29397
4,33683
15,16685
11,828
17,24190
5,16749
20,14537
4,28449
11,43283
2,32245
9,49557
18,7517
7,33415
14,18645
7,10502
18,42356
9,25370
12,3435
9,24062
20,18172
3,45422
2,18068
16,22832
14,11611
1,9924
6,14351
18,39787
7,3092
15,38745
2,7069
4,20276
19,16596
12,46993
4,18601
10,48401
16,44281
9,427
5,22242
8,33189
14,21045
11,41137
12,19723
9,47900
7,36707
9,30345
14,4842
4,11695
5,43164
7,17154
15,42282
16,17270
13,3781
20,38529
7,17830
12,41683
18,26398
6,5595
13,25165
14,41166
2,21768
2,19782
8,49350
9,41384
14,26568
1,22920
20,33355
11,39878
10,1485
13,14360
14,27778
13,34503
16,39776
4,13897
4,20942
14,30968
12,19572
7,39240
9,44690
1,15151
15,11220
9,9981
13,21107
9,47301
18,47704
4,37884
17,15750
10,35588
14,42214
9,15180
4,11026
3,21679
1,19073
7,2689
6,29119
16,5811
1,39227
6,11770
17,44652
14,33265
18,33538
19,49592
5,27167
13,27590
11,41370
4,49278
17,24848
8,13312
13,5796
16,43013
3,14133
4,45270
10,24499
14,2997
17,27014
7,36323
7,30273
14,14292
20,24610
11,46634
18,1657
13,8089
10,1416
10,18456
4,48206
9,42803
10,45735
12,40963
10,48026
2,7905
2,46588
3,39305
2,1941
19,40513
11,46171
17,6729
6,19294
9,26255
15,23533
15,18391
11,16046
6,31561
20,22166
20,47260
20,12328
11,14846
14,11344
15,44449
12,23605
9,47083
9,47520
7,26333
2,20139
5,4484
16,3440
10,31368
19,15120
11,33802
2,34311
8,21983
10,40447
1,29599
17,5203
8,28715
10,10768
6,36788
10,47941
3,49225
13,21703
15,41469
5,9485
13,23971
5,8715
19,7631
15,26110
14,17021
14,40094
9,1112
9,21421
8,4070
7,24777
3,46356
5,24342
16,14938
12,34348
4,37006
4,49253
5,12381
15,47951
9,5122
8,41797
3,43092
16,42216
3,7513
2,1382
17,36678
10,35390
2,44693
4,21734
14,25464
18,43809
10,378
20,37256
16,17680
14,20278
7,32110
16,11597
3,7252
20,42369
1,37754
2,22676
3,12137
5,38029
14,18210
19,29667
8,35084
20,31398
17,21233
18,44302
19,4177
6,3756
19,26009
14,32436
16,4954
3,8054
3,746
3,35742
13,20077
11,6876
14,27878
19,23856
18,4517
2,24131
18,41494
1,22663
20,36995
12,1245
9,44754
3,31218
16,8889
20,32921
7,46633
10,8561
5,27274
12,3533
6,47086
12,8559
5,16827
12,37775
5,48920
4,11174
18,36422
11,24355
8,11661
6,47231
18,1947
7,16769
9,41097
16,47413
3,26243
11,28516
5,19790
1,47392
11,37496
7,37334
8,41316
20,33690
6,12255
13,2713
1,2227
10,36398
19,14774
2,6612
9,12119
20,45906
12,12409
3,33181
16,24033
8,41807
20,44833
14,29175
20,9444
4,16664
8,28460
10,47279
12,32994
3,1099
8,39046
16,22488
19,44136
3,8597
8,29539
12,11389
18,6253
16,32484
19,38575
18,10037
11,21200
15,42538
4,45098
12,28026
8,31472
17,28219
5,29932
14,48054
2,8587
15,23417
15,37349
18,36317
17,4157
17,34847
2,6482
8,12715
10,16900
11,9386
1,13288
12,3519
4,38038
17,8413
1,40656
19,38478
6,11344
5,7430
9,20404
16,36812
14,18235
6,16935
10,39392
16,40730
16,48548
16,6895
3,16753
15,30958
6,9929
10,32716
4,29778
20,17176
6,8214
10,31527
5,44346
1,2786
9,29832
11,33202
10,29985
13,35765
4,22740
4,27581
9,32765
5,20100
7,19233
6,8246
17,43812
16,3476
6,39147
7,20653
5,21382
2,8405
14,9053
11,46494
6,46553
13,43871
3,32342
3,38093
15,38659
12,37309
7,43961
5,16620
9,49583
16,25181
12,47476
16,27537
17,36281
11,35050
11,22731
19,44761
5,26166
1,44712
13,47433
2,15298
13,40818
4,352
4,15918
15,18074
15,2554
5,31225
16,20282
9,7090
12,32864
15,16211
7,6470
4,12459
15,35274
11,17414
18,47596
12,5247
2,6424
12,19875
12,38791
5,42242
17,3855
10,39578
9,39667
1,18397
7,7147
2,39869
12,4370
2,49537
12,33274
5,19761
3,14083
8,27838
12,38376
12,44178
18,34632
9,2864
9,39218
16,8866
19,15202
2,40445
3,27605
14,35141
11,27807
9,20650
8,49492
14,39317
4,32093
16,18900
9,22851
4,41975
11,15770
20,24405
1,11641
15,16537
14,15389
7,30871
8,27671
20,39718
15,21701
19,6164
18,34589
9,39743
3,11975
18,40718
10,23728
19,41466
15,33637
5,28449
4,9590
15,9031
9,39941
10,27166
13,23715
17,28308
8,31844
5,31286
1,8479
6,9531
13,41269
11,18923
4,47848
18,25889
12,29685
3,22503
12,23620
4,23375
6,11662
10,44261
10,763
20,30809
10,18999
12,49367
2,14193
1,35112
14,33877
14,19371
20,10305
14,13014
15,33750
8,45422
17,38859
13,47592
20,29759
15,29966
8,25640
13,7447
18,12394
14,16090
18,31496
20,39408
13,13525
16,28799
7,8471
1,30012
2,12814
19,1844
20,16753
7,9999
9,13991
3,37411
1,14255
8,5544
15,16949
20,6653
8,19818
15,37079
11,46491
5,47881
12,14845
13,7284
4,36449
2,3164
2,44087
10,34253
12,29027
6,17204
20,12041
20,11476
7,47494
8,27829
3,8935
13,20744
6,24038
7,17517
12,758
12,11094
13,21972
2,8511
18,14467
20,10780
7,33116
12,4200
17,23600
4,46731
5,12928
2,28388
9,23397
19,12427
18,1714
2,34857
5,49847
1,22374
11,25476
12,32568
15,29978
3,16549
17,5552
18,1999
1,41265
19,10099
12,880
19,22584
4,35864
18,49930
8,23814
14,34963
14,43216
4,40089
15,12275
6,45812
6,49716
19,37860
7,17711
1,10643
18,6984
13,21285
3,45869
10,41234
8,7708
7,22891
9,8832
16,32700
4,35541
11,15853
12,48013
6,15128
1,15474
14,14954
15,31948
4,3054
6,35721
3,13614
10,2283
3,11404
19,2629
13,25775
13,47544
6,33801
1,18833
20,31440
14,30046
14,27243
2,26408
20,18393
1,16482
9,27857
20,19971
7,32753
3,49272
19,8524
11,30408
10,37517
17,37234
5,31169
12,49260
17,16850
19,46212
4,25429
12,29167
8,28844
13,36825
4,38266
19,39860
1,38830
17,26591
15,1468
17,1266
17,42394
2,31719
8,13440
2,28115
14,39971
19,49848
14,251
12,34385
1,45813
18,13838
14,27175
13,26791
19,20674
20,49119
6,14961
7,14378
14,27549
8,5502
14,17369
7,35422
11,43748
3,48410
9,29254
20,31095
10,32780
20,10796
9,32185
19,37341
4,5342
15,11998
16,26650
8,20942
15,28425
6,24440
12,32270
11,11115
14,17355
10,30110
16,41809
19,46686
16,27500
3,30484
3,35555
7,15693
16,20252
2,6091
10,17630
9,14907
7,47920
6,31434
3,26207
6,28126
17,41277
4,26686
7,47875
7,41296
19,27588
3,6555
1,37026
19,6170
6,17443
12,24697
11,15793
13,25927
15,14505
15,49081
14,6142
1,4126
7,14838
15,32573
19,30158
6,7100
20,23166
7,40177
13,37874
6,43436
20,42756
16,48523
14,43557
11,37972
18,48311
13,33535
16,12739
18,7431
7,36409
15,15025
10,17398
12,19479
3,39136
5,20430
2,10122
2,26195
5,10190
2,37441
2,47491
15,33361
17,2312
1,7407
11,39636
1,45899
15,18008
15,37658
1,30594
5,43627
2,22369
16,23764
2,20028
17,42394
13,13123
9,45283
17,30331
13,8056
10,39612
8,27418
4,42341
19,23519
13,4496
6,26518
10,32586
5,7739
16,44935
13,37039
10,9296
13,15397
7,21099
13,49878
4,22307
12,7566
15,21970
8,34550
4,33816
4,41870
15,28097
7,41787
11,25867
3,22880
5,4993
12,21483
20,38504
10,39362
10,10411
8,5048
20,27894
18,6444
19,21037
10,30322
19,24451
17,41789
13,28861
10,16203
8,20041
3,42015
4,41426
15,26932
2,14694
5,35331
3,3453
17,29631
19,27982
11,11480
12,14870
9,12023
13,28357
1,42910
5,17820
9,14766
14,22553
17,19754
1,37981
8,24550
12,25429
2,36411
6,24669
14,39575
9,21201
7,23406
18,18383
19,35799
17,46480
17,28602
9,49630
9,37280
7,13189
8,9011
10,46729
9,26476
5,45643
8,48091
12,44881
1,37551
20,22103
9,793
6,35860
9,41392
3,47210
16,17067
10,7382
15,39762
8,27667
2,1836
20,14155
7,48210
4,19648
20,2476
14,45594
16,43783
14,13371
17,42848
11,28315
6,42493
18,23703
2,23733
19,5870
13,31476
11,41837
4,34290
17,16364
17,21897
15,9001
7,45824
7,28364
14,8520
2,34234
19,37175
20,5816
15,46296
8,15818
10,1906
17,25739
1,33837
13,22062
4,28930
13,16773
9,40182
19,43168
16,31241
3,29986
9,43620
19,18888
14,23146
10,37839
8,6162
14,20197
20,28258
18,39496
7,29048
6,25860
16,22761
1,17841
4,21390
3,11586
6,28244
7,10079
5,22314
4,34801
12,10718
8,13913
14,29675
1,18997
1,22955
2,42678
9,47152
14,34742
16,1195
5,11132
13,17375
20,15585
17,23524
4,4669
9,36031
11,33403
14,32300
7,31220
9,42405
2,29517
1,8459
5,4356
9,3716
6,6026
8,16596
19,12488
10,34405
2,18794
10,7337
1,28231
16,19855
2,10691
19,25335
10,30978
2,37874
16,810
11,27420
9,2074
15,13490
2,21688
5,30361
10,41736
13,17489
6,46626
15,47468
7,36594
17,48410
18,10321
18,39670
9,24495
7,42822
12,28671
14,17173
17,43537
8,15409
4,7111
8,34372
2,48668
9,46865
14,31893
5,37371
13,16381
16,1922
4,28156
3,40726
11,8526
6,20388
16,12506
17,14931
13,3095
1,10147
13,29773
13,47287
14,859
6,41280
4,2784
9,941
13,27020
12,46156
13,39834
17,10773
18,32283
6,15815
3,38541
10,26148
6,46783
10,40529
16,15845
1,42191
9,49710
20,18481
18,46945
19,22783
18,24347
16,626
1,29268
6,12133
4,48034
4,2079
15,8731
11,14911
10,2015
4,24202
14,20399
17,20705
9,18803
9,3581
13,16466
11,24768
10,39148
14,16618
9,27557
5,1689
17,7450
19,18549
16,18297
15,43706
15,41217
18,37704
16,30705
15,27631
19,39905
13,47324
5,11295
11,40143
8,48672
2,24046
19,36035
15,3646
12,27283
11,35933
19,23003
16,25415
17,8896
6,8101
2,40902
14,43726
4,15622
18,45461
10,41774
11,24211
16,23507
15,7590
7,2073
12,7471
20,39275
19,7863
7,37773
16,23885
6,37992
5,17841
7,2500
2,17059
19,19531
19,23911
19,29621
20,13020
18,11639
4,42216
15,2942
15,28658
20,40105
19,4534
19,44350
19,36145
17,16491
1,38205
18,43440
8,37319
19,42130
5,14472
17,17812
19,17646
16,25611
18,35721
15,1611
2,17862
16,34743
18,15173
20,32637
11,12846
4,3492
18,36419
5,39265
12,44268
14,22246
1,33231
13,49421
1,17031
6,11248
1,38596
9,8896
7,23071
6,3147
18,33379
7,11470
14,41105
18,17490
6,43450
10,47199
14,40028
15,32878
19,35559
8,4625
2,48975
9,12936
2,19857
9,28672
10,43549
19,13951
13,5758
8,2033
12,43666
6,44679
7,18919
11,7767
14,41550
18,17820
3,25577
8,34288
1,15207
12,6717
8,6283
3,46424
15,12051
2,47725
9,22666
11,5157
1,43380
5,19635
8,24894
1,22932
16,12375
1,1601
3,33556
11,33336
20,6114
17,13396
8,48570
20,21286
16,17964
1,29447
15,15544
4,7058
18,16678
13,39769
1,1709
14,32922
13,23340
4,45291
17,14481
1,34452
15,31390
7,41036
11,12809
19,49546
8,6663
12,1719
3,39339
1,21940
3,34608
20,113
9,5513
11,27920
13,40544
12,14338
6,17103
13,8626
20,13212
7,27705
16,31410
12,201
1,45661
10,7388
9,43405
5,10171
19,40265
14,29568
2,2670
9,8835
9,40790
19,39358
3,9989
6,41404
13,19523
13,33338
7,25878
9,30350
14,32211
7,42279
10,6994
8,29629
10,6251
12,24721
1,14176
17,19132
1,6813
6,22346
3,16836
11,20815
5,29727
17,41924
14,18694
7,36277
13,44279
14,662
14,4008
2,39321
1,47825
5,39975
13,15517
2,39301
8,37132
4,40034
18,37942
11,42969
20,1012
20,6539
9,6619
15,42748
18,20576
13,8300
1,21861
11,19425
4,49089
12,18755
7,5707
2,45119
14,37969
19,14825
16,14112
19,25486
7,9533
14,29345
8,35600
3,33592
9,49088
11,45188
5,25874
17,22660
1,37219
12,1824
13,10799
19,29153
3,7753
16,43325
7,22297
9,23445
17,46130
17,35601
7,2625
13,14917
8,38229
3,23315
3,31325
16,43296
10,12069
5,25703
8,16318
1,5472
3,43722
4,27230
20,22150
8,27767
7,20172
7,43876
6,31935
9,46379
7,9056
8,22870
14,42108
3,17606
18,33328
12,32065
6,36529
6,5051
8,26819
2,34175
3,16665
5,38392
1,7312
15,48390
9,12676
4,34446
3,48468
16,19219
13,48857
12,23896
9,47896
5,8970
16,45776
9,503
16,12117
6,18007
3,39919
3,21827
14,24583
9,16486
7,17222
13,38437
10,24926
1,47397
5,12597
10,1033
3,18031
4,29361
18,33925
4,23613
15,32837
17,1201
19,17211
4,14354
4,17623
2,31536
20,3528
19,40605
14,20526
5,15424
5,24370
1,41653
9,33226
18,19518
15,44990
17,13262
5,11460
5,25958
15,35384
10,25389
13,4266
12,29685
3,49493
14,38042
11,6494
9,31634
13,22095
4,27518
12,20630
3,40494
9,9278
20,34463
7,10406
1,19186
10,44847
13,835
18,3357
7,33277
1,49097
17,8801
15,23685
4,41147
13,25425
19,39486
7,48849
11,7962
18,26975
20,15045
10,47558
16,48911
8,26004
11,45840
7,34783
11,2180
16,38211
9,30973
12,34044
20,8438
1,41278
11,3136
13,36106
5,7320
15,22510
13,43047
4,3133
18,21010
10,13312
10,28621
15,12096
3,45445
15,16786
12,37199
20,46910
15,866
9,46120
4,11063
10,12876
19,132
17,46381
12,22912
17,5437
10,7045
6,21871
3,32576
19,28860
16,9823
20,26106
15,27507
20,28430
12,40269
7,13838
18,45261
1,9151
16,5435
19,10920
6,20641
17,3457
19,46328
17,8589
4,46568
5,2180
6,32620
13,42513
18,40127
4,11768
8,21941
8,32734
18,24876
7,41368
11,18156
16,25764
2,47067
13,41011
15,20221
20,14380
2,39507
9,28590
4,35233
18,23483
6,27248
14,40748
9,28064
3,20941
10,22866
18,40151
19,28976
10,40410
11,14044
4,14321
16,28617
5,19957
9,26893
3,43187
17,15694
11,7326
6,34266
20,30793
20,38982
2,28917
2,28285
14,14994
3,32309
2,46111
3,32350
10,25874
6,35800
14,39768
3,9087
11,43964
1,12049
11,1994
7,13083
15,1594
3,4322
7,33542
16,13723
14,42943
13,11836
19,25112
14,41758
13,2068
4,44195
16,4556
6,17164
15,6186
11,12599
3,32281
15,4308
10,8631
5,28575
6,45993
7,29438
13,29463
10,19813
12,48112
19,29816
4,17108
7,42052
1,240
14,2193
3,48716
11,42705
9,15833
5,30825
5,33336
6,20880
18,5099
6,32542
20,19865
18,41418
3,34411
20,24719
10,4293
13,35263
6,28330
15,4621
3,26723
17,18486
2,7169
9,19964
12,412
6,45278
13,22178
6,17236
5,19963
20,4304
19,27202
15,12137
1,40897
1,9584
12,20181
8,32201
12,37779
4,13101
2,28778
6,27654
4,380
1,11180
5,9272
13,39537
9,4141
13,9534
5,11347
5,8630
12,25767
4,3603
14,4233
19,21172
13,16902
5,18887
18,12599
11,46573
12,17284
9,19702
14,681
10,26749
11,7094
9,22324
7,42360
12,42938
4,13989
13,41172
11,11161
16,24557
19,16297
9,3345
14,40329
5,19000
8,39630
12,17309
1,34597
11,37099
5,9738
3,7573
6,18103
13,13693
18,44930
16,24424
20,36540
17,18202
14,49170
4,15832
14,35160
3,30846
16,7033
1,6711
3,12891
3,16487
3,37584
14,41593
16,29934
19,5740
7,49871
19,21914
11,24096
4,21442
17,4879
9,26508
10,5869
18,36618
17,36351
12,17433
16,21997
12,22692
8,5103
13,47638
11,20456
13,42410
11,8605
5,5055
17,22886
11,8681
8,17719
20,43125
18,26221
13,47015
9,10967
7,32323
17,15225
17,17179
5,3457
9,13679
2,3469
20,48896
19,12044
4,10314
20,24429
4,35711
20,17593
13,19043
13,47035
11,10545
9,30449
13,16425
3,5662
2,12177
1,11956
8,12195
20,18726
1,7003
3,33367
11,8449
12,18023
7,20278
9,21505
20,48081
17,25144
10,27052
12,37961
5,4456
8,9079
9,14884
4,42130
17,20110
7,48998
18,35115
4,167
7,23443
15,36253
1,27408
8,16630
1,14318
15,37560
9,47647
8,42118
3,36813
12,14166
6,20710
15,11589
13,48659
4,26284
6,18422
13,26504
18,20830
13,35147
11,29331
16,48570
10,26639
4,35562
5,7543
12,7383
12,49980
4,231
7,31706
20,15469
14,41875
19,22176
13,37583
7,17189
15,23959
2,20977
19,547
17,4264
1,36234
5,12210
12,29348
17,16413
15,11218
6,16071
20,37864
14,13896
12,31108
4,47085
20,10259
2,49582
1,44991
5,4736
3,44612
5,30080
9,23106
12,14898
2,25011
15,3576
4,17675
14,41155
16,17149
2,23944
20,31303
18,12017
20,7682
9,27023
10,1593
6,33253
3,28393
13,17094
10,38796
8,44437
14,2194
11,44515
12,35207
4,26193
13,7350
1,38267
19,46291
3,49700
12,23123
10,49597
13,39589
18,31080
5,10098
16,17621
3,29802
9,43129
15,29905
10,22138
15,6970
11,46395
9,49791
10,7393
18,5946
8,47224
12,21508
11,27431
11,34413
11,31669
3,38465
10,6661
12,20045
6,43461
6,25476
2,26222
8,31769
18,2959
20,38266
17,6554
10,26037
20,31670
7,12540
10,19231
9,28139
10,42140
4,32804
18,49077
10,24480
12,18380
11,31247
8,10732
11,7164
1,5420
20,48704
17,48249
1,44298
6,675
4,11437
16,35041
14,36481
19,30689
9,20785
12,46598
1,37192
4,4137
13,2383
19,23177
14,6149
6,36461
14,18050
2,11723
7,43113
19,44903
13,8704
12,5793
5,36457
18,40838
12,17931
2,36816
1,24626
19,42913
12,40902
1,17901
6,12227
19,5575
3,3817
13,15626
2,43510
20,48497
4,2090
15,23639
7,36855
8,9648
3,47837
6,24388
12,27983
8,34706
19,44071
15,26809
2,4130
10,6345
18,35671
5,18343
6,42318
17,11616
2,3278
7,30997
20,2175
2,12559
2,23562
5,47244
4,16975
19,28460
16,11862
14,33574
3,35292
13,22634
17,40001
17,6983
18,39183
10,8311
1,27615
12,41219
20,1724
20,6069
2,32116
13,30755
17,2515
17,24502
13,137
18,4374
14,36384
8,42795
1,20963
13,20790
14,4547
19,43821
4,21029
8,29138
11,31264
16,13765
20,2761
1,33097
7,1288
1,39925
4,36171
15,11936
10,22117
5,37140
3,32940
19,35467
8,32118
8,12443
8,48260
19,30978
9,37202
12,7827
5,29155
10,14834
20,22187
12,27110
15,3107
4,47478
15,28604
3,6928
7,22318
12,32198
14,17583
12,17874
15,45876
20,34929
19,22835
16,39193
7,9471
13,24358
8,29899
18,24455
9,29039
20,44429
11,15171
15,2401
9,47544
3,25749
16,45880
13,39845
19,43514
2,39666
5,9615
2,25668
19,30103
17,49727
20,10663
4,39926
19,24098
8,19202
19,35475
15,42206
10,478
9,43824
16,49643
12,5241
9,13558
7,24529
11,10894
20,42340
10,29452
15,13188
10,41633
18,23043
20,17698
8,10691
1,19575
1,4724
9,12201
8,26082
17,13777
7,17177
20,4503
15,9633
9,21291
5,41781
3,32148
8,43099
13,40934
4,24260
12,15442
8,49229
13,29304
3,9188
6,27560
20,18861
13,1229
9,36725
18,37180
13,42918
2,11125
4,21433
2,6707
18,13022
12,23313
10,6405
8,17233
1,17695
18,40655
13,25183
7,1115
3,18593
7,44224
19,32183
11,44258
8,7056
11,37698
12,22193
4,39435
12,47916
1,34551
7,33121
6,22685
12,19069
20,37764
18,16626
10,32880
12,5629
6,10750
13,49409
6,11584
17,15151
19,33703
5,36988
3,49176
18,18472
14,22776
18,15051
14,16541
14,34105
3,7911
15,4883
14,7710
11,21061
6,14083
13,33440
12,42680
10,45415
5,12680
9,26591
19,17341
13,19103
2,45308
4,43343
11,12260
10,44665
20,12461
8,7116
16,38588
13,35125
10,32513
1,17584
19,44051
7,48845
13,21915
19,33254
12,23678
20,26100
15,47803
19,7818
8,6367
14,44253
4,28894
8,3365
15,35392
13,16033
19,16782
10,2273
5,11099
20,31138
1,2137
16,33589
10,26445
15,49121
14,13395
13,37325
8,41404
18,8902
2,2644
16,15670
13,40594
14,5852
13,43046
17,19214
8,2404
6,5538
14,19693
14,4532
9,38787
6,4978
13,43604
1,6488
10,27624
18,34663
14,23564
10,3434
18,27905
13,45955
20,39497
19,46374
10,18901
19,46743
12,1687
10,46146
9,29729
2,41644
7,37361
13,25258
19,34130
6,49771
14,32378
19,32663
20,330
4,28805
4,49995
20,37758
4,19564
11,30347
17,1220
3,33783
5,20732
14,35108
19,327
8,18376
5,29988
8,39878
7,49988
3,32479
2,40746
7,13699
10,6972
11,23866
8,13519
19,22214
13,40136
20,34452
18,48959
5,16590
17,24449
5,13021
12,27191
12,5278
10,25461
8,42833
17,13750
19,11813
1,19197
9,16376
1,12243
8,23025
3,40033
11,25595
14,22398
14,5847
5,11466
10,16440
8,26347
12,46726
4,31515
16,23872
17,29283
20,8604
11,31475
11,7816
11,26887
1,46332
1,28497
16,42965
15,19829
15,9527
2,13079
18,47617
18,18607
11,46342
19,631
9,43514
13,43935
18,26577
6,38111
15,45918
8,48649
1,29978
8,19129
8,42562
17,9690
4,14067
9,33920
10,19473
11,31638
4,38560
9,12568
13,48660
16,30673
7,42322
2,24756
18,23770
10,48881
2,49038
8,41983
13,26835
20,38313
16,32564
3,29923
4,45700
17,18199
17,16830
5,42076
16,33605
1,8825
6,35785
5,30630
4,18532
8,15437
18,41521
9,19843
3,40665
18,41939
14,32432
13,41971
15,47769
17,13556
19,25332
15,25832
4,44824
2,48595
2,18253
6,25405
18,29985
5,11778
9,13851
1,24764
8,1848
6,47114
19,7456
17,26455
1,26650
3,6851
2,10933
3,34557
6,5865
3,13796
9,24835
5,1681
9,39159
19,26754
7,42416
13,30597
3,27044
5,18438
14,40846
16,20824
12,49040
7,30393
8,19417
7,36628
17,21668
15,20309
14,30207
18,21893
15,40813
12,19455
2,12114
1,41071
20,46089
4,22894
15,15409
18,46530
18,38448
12,37978
4,7987
12,35298
4,3238
13,8771
7,17908
8,30250
2,29004
8,27560
20,10880
14,23935
12,23207
15,18580
6,12353
9,7557
7,25061
11,22736
1,40353
8,14510
17,41447
9,14539
19,37859
18,39385
3,12671
11,30899
8,42389
10,23661
19,2264
8,7456
3,40756
12,27282
18,3737
12,41420
2,18927
7,6722
9,33546
13,24827
11,2041
9,10297
20,14196
5,43239
7,26805
2,37024
19,1803
14,36357
12,39424
10,20778
13,19359
8,27485
4,13576
2,3566
19,42454
13,14077
17,6545
18,10383
5,22988
5,39610
11,30141
18,19784
17,29809
15,35034
15,46075
20,12165
13,21950
9,39294
16,38664
16,44255
12,47903
3,9127
5,20755
18,21459
9,27010
1,48878
17,35744
11,33245
12,33586
4,2171
3,40968
16,8402
16,19152
7,44930
7,10821
4,24545
3,9216
15,17858
18,10976
15,33697
18,46687
1,16691
12,43542
12,37208
10,40357
11,30145
17,16041
17,20813
7,38463
9,42337
19,41449
20,5795
2,26829
17,47992
7,22271
16,22691
15,25340
19,49530
8,22504
18,15345
19,18929
6,2289
12,26804
2,13116
13,1018
19,21959
11,22551
18,6238
11,12901
20,41384
12,36092
13,48906
16,35021
10,1809
18,27538
8,44067
10,20984
8,3589
10,2435
14,42503
1,17354
8,7258
12,47963
12,13592
16,12392
20,17715
14,36990
15,17901
8,49722
16,9165
14,37627
3,35153
6,47750
3,16043
6,6098
18,33463
18,34103
11,45730
2,23548
16,6966
16,17174
13,1860
9,35624
6,11527
20,10140
11,47490
3,22803
17,12880
16,41163
14,14736
1,8966
5,20747
12,14912
9,48045
12,41118
3,3956
7,35235
1,31875
9,32852
9,20591
2,45532
19,9214
17,17591
3,48466
20,13650
7,49737
20,13600
18,5114
5,40152
4,1070
4,41964
9,48886
10,500
15,31672
10,39558
8,21089
13,33916
9,32081
1,6878
1,19395
13,19226
3,24051
19,45335
8,31581
11,18589
20,30766
13,13084
5,16547
14,43038
10,21407
18,35102
12,48386
15,23870
13,42250
7,16441
4,39644
7,363
8,13150
19,31214
8,33276
13,32501
14,46193
3,19098
8,33789
5,7912
12,24535
6,23555
17,31447
10,7861
13,49962
15,39787
4,5669
18,22400
11,44222
1,46056
11,2468
7,27116
8,3828
5,39111
18,17420
8,20074
5,33756
7,26821
12,16490
2,808
4,5404
20,20393
12,11129
9,18915
3,949
13,24926
4,24804
20,10377
2,36282
20,40031
16,33531
1,29218
9,26383
7,15363
2,40480
20,17344
12,22157
20,31322
2,6438
18,44249
8,20744
6,47914
14,25808
12,4801
13,17929
6,28101
12,10551
2,49042
4,38886
18,33619
11,8004
6,19134
11,40531
19,35827
8,16184
9,1876
17,28279
13,46447
4,49973
18,13545
6,16315
18,16314
18,32819
12,46111
1,7413
4,34336
4,24137
6,24339
9,43356
1,1578
12,35066
12,9667
17,16296
12,48790
4,26205
3,8054
11,32424
14,32867
4,22264
15,25435
10,15195
7,12291
18,14538
15,25774
14,19346
1,8753
5,43880
19,8624
2,24204
4,17333
14,32374
4,40399
3,16554
18,40619
2,14811
3,27613
18,21653
3,16168
6,35630
12,40200
3,37200
10,160
11,16290
4,35937
8,8455
3,27348
16,45126
9,19794
10,9257
6,3304
10,34004
2,13829
12,12381
17,39390
20,3262
10,48439
11,33982
13,25833
10,11781
8,5609
7,36651
17,36318
18,24434
10,36498
1,993
2,14788
1,38168
14,2031
20,20529
9,5165
15,33323
14,5633
19,48928
9,49397
8,6745
9,16715
7,42313
13,45649
6,15227
5,26957
4,35899
6,4940
7,9604
12,8040
18,10828
11,2192
3,24549
13,38525
9,39755
15,37959
5,29586
8,258
7,12357
17,24033
9,37570
17,27034
14,28523
8,6945
7,32714
2,27178
10,27204
20,15283
15,43725
2,7697
6,11201
19,25350
19,20887
10,20317
17,2188
1,2137
18,20932
11,39028
20,21620
15,11668
2,24864
18,35775
14,42080
16,40852
6,7882
17,34036
16,34995
5,48934
17,45799
12,14156
10,46654
10,29822
13,21397
10,2080
12,43574
11,19058
13,30506
12,47153
3,35216
5,14725
19,45325
18,44220
16,10173
2,2334
18,22641
7,28112
14,33049
10,23800
2,47943
10,46689
9,8968
11,43976
10,19727
1,35504
2,3941
8,18015
13,10364
13,44031
7,4713
4,13199
5,24598
15,34024
6,22817
17,22782
6,45820
2,39674
8,31900
12,21126
3,33407
12,26069
11,48919
17,47854
16,9325
3,47848
18,10367
11,14837
2,48530
5,36063
10,35831
12,18287
9,40729
19,21155
2,44500
17,9171
15,30946
9,32533
20,37211
18,32736
3,35638
7,31534
14,3160
19,36056
4,16067
16,268
9,15602
3,17811
11,37174
4,15159
19,44092
3,38558
5,43731
4,26666
20,7204
6,37027
3,9924
20,9432
10,17768
14,46732
8,8123
16,12895
7,28372
9,25534
19,11645
10,28003
18,46896
12,6774
1,48603
17,11074
18,44399
3,28746
19,16594
5,42649
8,39197
13,47342
15,15033
15,49576
4,12865
3,15891
11,44149
9,38267
18,34925
15,43165
4,28152
2,1908
13,31091
14,41204
12,42884
12,2395
1,12519
8,7116
3,16174
16,15953
12,14345
13,1200
8,8603
16,45364
20,42304
11,48404
11,19662
11,13421
17,5399
18,27835
10,15075
15,30714
11,23811
6,10868
11,22715
18,44904
2,2509
12,43668
10,44289
12,18093
5,33504
8,7256
9,41123
17,24232
5,22088
5,43454
18,16001
12,24599
6,945
6,5132
3,27678
6,42467
18,35253
8,28360
12,26334
18,29161
5,33665
14,13632
8,25806
11,25296
3,1580
4,35113
5,39744
12,14485
14,4264
4,4781
15,45403
16,28638
1,26763
9,19608
19,27808
4,12746
3,3886
13,46693
4,13288
13,1071
5,29947
6,6587
20,44781
1,13357
13,39729
17,37258
13,44320
4,43510
13,42605
15,13250
13,25787
5,3208
9,19924
10,34697
16,43913
7,11279
8,27271
6,23126
3,35653
4,16343
16,21369
17,4473
19,28520
15,21443
7,9615
5,20782
18,4587
10,128
1,49408
8,26725
16,38236
8,9004
6,2676
4,30141
19,42836
14,46141
5,9201
6,42490
17,18651
20,29637
8,22322
5,38820
4,4410
18,40126
15,35140
15,24772
10,31888
2,39531
12,680
9,15469
16,5652
9,18770
1,3292
18,9521
16,42556
13,25325
3,1151
7,13691
18,18785
9,48138
20,463
8,18998
3,15733
2,18783
19,42595
12,25326
16,13006
16,7368
9,33811
1,32838
1,19289
20,48997
19,4762
4,23883
10,47492
4,37618
15,7072
5,18639
11,33598
17,30935
2,49551
2,49140
20,42621
16,34361
9,42793
6,14752
13,28607
13,13138
4,22487
18,25662
11,41751
16,14202
20,41022
17,25997
18,4433
9,19446
9,48149
9,19887
10,4171
2,10232
7,48655
12,17268
19,22309
18,43324
17,10476
10,30911
8,22064
15,21488
1,49632
2,27624
16,32142
4,31026
5,4301
3,33004
19,11142
17,47347
18,33933
9,18919
3,26792
20,5343
14,34309
1,45915
7,29147
19,30914
3,32968
3,34746
6,30496
18,46008
13,38616
18,27150
6,19431
9,29342
8,307
10,26895
20,13128
8,47774
15,15396
2,38038
14,10342
6,32871
8,18075
9,35738
12,16195
1,30152
20,32413
3,43312
11,40052
8,28884
1,2466
20,38986
13,44843
15,8791
11,43217
1,49107
13,20410
11,35410
6,2064
1,19694
2,17826
3,20677
5,17002
4,40670
5,35778
4,5459
9,16232
12,44417
20,46452
14,47399
9,14253
18,27140
17,40841
13,47405
4,1579
6,5682
14,36536
20,4237
18,34239
20,40221
8,26091
15,49511
10,9828
15,44812
3,31991
19,12274
18,46603
16,35926
15,18614
6,15749
14,37823
6,41397
7,45994
14,23076
10,3493
18,16301
6,8790
10,17915
11,24736
2,46609
20,32413
2,12386
14,41666
14,19886
18,20707
5,9470
1,9117
1,38166
3,43494
13,19987
4,41759
10,29342
13,13229
1,33217
13,26487
16,9503
9,15926
7,44798
1,32074
18,27774
10,49581
20,32464
19,13894
18,7331
16,40624
4,16705
5,17063
6,6874
19,33201
3,18110
16,8429
12,17999
2,23187
20,30226
5,33833
3,23351
1,7384
4,12994
7,47480
16,23419
14,9313
18,24103
18,31208
13,34790
20,36471
19,33772
7,14635
3,11493
12,33438
11,3022
17,31386
3,7637
1,2701
19,48528
8,28436
12,33686
4,34372
12,47104
9,39238
6,39022
14,32071
6,23921
3,209
3,10640
4,27065
6,42625
20,19108
7,28198
13,47999
7,13951
14,42228
20,41754
7,501
3,35202
18,34474
3,33964
1,25977
9,29432
15,44538
19,49005
3,20951
10,26945
3,11154
11,3520
1,39437
4,13536
17,5002
4,48992
7,5302
20,42320
19,34517
1,23497
19,11013
13,30399
10,4953
5,48386
5,481
3,48137
11,25474
10,29454
10,42040
6,5153
12,34874
8,27730
20,40890
5,34926
7,47726
7,21349
11,46570
4,40510
9,27076
18,16887
15,21251
7,47970
1,42457
16,17617
3,49831
10,34991
4,801
19,36245
8,6061
18,34978
13,28499
13,10775
19,6413
13,26897
19,49790
14,39622
18,26228
6,30374
15,29986
8,10413
10,18392
12,31621
12,11306
4,8865
10,45470
1,18408
20,11349
8,28446
15,1747
9,6027
19,8577
20,40668
17,13783
4,11030
13,34777
16,13320
17,5267
16,20235
14,39384
11,22876
6,29201
2,48402
13,24722
19,37851
4,11460
1,5625
6,37969
9,216
20,47253
7,1143
3,8610
2,10980
7,42991
3,17864
12,48364
7,46829
11,35718
19,16842
11,9665
20,7617
10,9428
6,42522
5,22413
5,21314
1,6821
1,48821
8,7676
16,11284
2,37573
9,6557
1,35096
12,44952
14,23416
5,15127
20,15488
9,16938
18,23738
1,17480
13,47641
2,48041
9,3854
2,29088
19,23914
13,33384
4,4179
3,27748
12,4716
10,49926
14,19903
7,2882
1,5859
7,9913
18,25093
20,39985
5,6599
18,49502
12,7611
3,48479
5,32869
1,2757
9,49782
20,25220
17,14792
16,1291
15,13464
9,46737
19,21078
2,13777
20,9997
1,40096
7,39480
9,41023
9,37001
19,32023
15,26829
12,28973
13,27755
5,23729
1,8156
18,5273
13,147
16,42490
15,15695
3,5526
15,47917
10,6003
5,10624
13,48014
14,18188
11,39996
2,34642
6,39737
18,49771
9,44642
7,12924
18,46233
14,38713
19,25596
18,18025
19,39265
17,35833
12,19113
19,44677
3,20860
16,15019
6,30755
7,20610
7,49476
20,43641
2,45516
15,14237
9,28654
3,21206
16,37527
20,28308
13,22844
19,43918
10,21299
4,47484
10,37765
12,22771
15,10606
2,48702
14,17901
6,43329
15,37821
17,27234
1,33299
13,28916
2,6441
2,13352
5,23645
4,47432
5,5090
13,49722
9,37547
5,35810
6,30631
20,21622
14,18071
7,3322
19,9456
16,16545
12,43038
19,48158
14,33278
9,33306
9,16231
12,42675
3,14021
10,49560
13,45385
5,6644
5,3879
12,13755
16,31190
7,8696
15,4084
9,9819
4,24815
1,13083
2,25387
4,3511
7,33031
13,27940
20,12406
9,39657
2,36064
9,24259
5,15117
16,13102
12,16806
16,35636
8,4010
10,15665
18,8214
17,48894
18,14006
17,2366
20,13975
11,36470
8,35363
17,42833
5,44722
17,37127
4,2540
10,45070
20,4445
11,49574
18,4114
14,11197
18,17890
17,2569
5,16919
7,12420
18,20191
11,40174
19,49849
12,3933
4,11559
11,41938
13,21938
10,12144
19,23430
4,33176
4,48670
20,43258
2,17822
14,11021
12,46979
6,30927
16,49069
6,18232
18,11243
11,28533
9,28469
6,9895
17,3003
8,31622
15,42508
16,22643
1,5139
14,20351
8,49632
10,11898
19,11497
15,42400
17,26035
12,38101
3,4396
9,27486
7,45261
19,3933
7,2112
3,24341
15,13340
16,41646
6,42808
14,26642
3,3950
20,49931
11,16910
8,9243
14,36648
18,18786
1,11239
19,26476
19,35274
15,46222
19,3954
7,27836
18,26642
7,24444
3,33463
16,24775
4,45028
12,48539
20,19403
3,5958
8,42513
11,41455
6,7992
18,24313
17,12542
2,186
12,48953
17,25555
13,38035
6,39981
18,25363
5,18154
13,14767
2,31796
14,16626
20,17344
14,44264
2,5151
15,25039
20,7980
16,33535
17,35741
2,4748
10,48518
11,28881
19,24785
1,20619
14,19804
18,30241
1,7633
4,47472
9,33926
17,2603
17,4180
18,35736
18,41358
3,6163
13,23876
12,46189
6,6785
15,26913
16,22147
16,14742
18,48543
19,8404
1,13446
17,30820
12,5375
6,45556
5,39707
10,19638
14,17578
19,2807
19,41001
3,10061
18,24735
12,13651
19,22574
3,33702
16,44891
18,44081
10,25105
20,14666
16,42820
4,47599
1,19038
10,16225
8,44715
9,4557
4,26440
2,37808
10,42188
8,14426
18,10062
18,30422
11,30353
12,30218
9,1940
1,38089
10,16564
11,2889
12,48513
6,3082
11,49631
8,234
13,4072
10,13882
18,19430
1,9568
17,31526
13,36505
6,6190
11,48466
14,33996
18,14519
8,12465
7,19674
10,43945
1,41136
6,46701
4,5750
5,11278
16,23206
5,41901
15,49648
10,451
10,27656
5,5723
15,9446
16,46870
1,5969
8,43642
5,4510
19,15851
6,24342
15,12457
11,40570
18,9250
15,400
10,45527
9,37839
14,39220
2,13383
17,8863
16,18683
10,27950
7,46775
15,28374
10,8301
18,20282
18,17460
19,6123
12,9609
5,25830
10,8695
10,26228
8,42098
8,8386
1,19103
6,32609
17,46240
17,48585
4,45153
10,33672
5,1569
9,29231
3,44166
19,46809
20,12655
19,29538
13,4355
17,30009
3,34870
18,6843
10,6203
2,34506
8,38595
7,36036
6,24431
8,3976
15,45806
15,40186
9,42609
15,20582
6,28439
7,21109
9,9603
5,16149
18,23241
12,39855
19,38798
16,13874
6,23960
10,12737
20,23567
9,32937
11,3936
5,46618
3,14926
17,35427
3,12389
5,18894
11,10917
15,1101
10,32236
14,13354
17,15483
10,13219
15,41312
18,10222
7,6902
1,2102
20,18689
13,34038
13,12062
10,15248
18,43262
9,25973
15,19153
8,1304
10,24554
5,4367
13,35421
17,5700
19,35604
18,774
20,47137
5,37095
3,44722
20,11812
7,22249
10,33139
18,47096
14,18928
18,38745
5,24395
16,8628
15,11797
3,25394
18,49998
10,17725
12,34074
12,4211
5,26588
15,31094
15,3377
15,17847
8,27883
7,31756
8,21549
1,24968
13,7924
5,33910
9,24979
16,49791
17,10725
18,30664
17,17242
10,24435
4,16755
4,38037
17,39979
15,2705
7,24674
1,32516
9,28976
11,43457
15,33469
11,40396
3,19517
12,32372
11,41373
20,47023
16,8628
12,253
1,44875
1,36171
9,23763
5,15121
5,40357
12,4907
13,13013
14,37132
15,17601
7,3580
12,48694
12,24437
13,24953
13,14240
20,9660
8,41122
4,26064
4,20805
6,25894
14,30825
7,4439
2,5525
8,9973
9,48657
17,46645
1,1162
17,12376
11,40323
7,29033
18,30206
16,34617
8,21511
11,20733
16,31359
1,39341
18,8015
6,15195
13,38450
5,35808
7,16641
12,10707
7,38207
20,10974
12,36790
6,38345
10,17172
12,3089
15,43175
8,4643
7,47118
19,34042
10,44342
11,37261
20,2453
3,33053
18,43114
7,32488
11,3076
16,11826
5,19304
4,45670
13,14577
10,6986
9,46196
18,37861
5,18362
12,49674
11,42751
15,46923
13,2517
3,11866
15,18101
8,32477
2,21823
5,43137
5,11862
11,460
12,28714
15,30579
13,27200
3,5881
17,10378
2,2899
20,24307
7,25446
4,13871
13,851
8,8983
20,3359
9,37802
13,23280
8,34169
19,42313
10,42538
18,1542
16,17256
7,15634
15,2288
6,30502
7,41336
11,27176
11,21991
1,43424
14,18158
18,47945
11,48085
1,20864
12,48205
7,26385
6,6357
3,14383
16,17553
2,20319
4,2248
11,20353
9,28375
16,4763
6,19936
11,21515
15,41690
3,35144
20,38457
11,3017
12,10159
11,1780
2,35667
12,24159
3,19119
6,9061
19,44726
19,8918
6,17072
14,7173
1,17622
4,48895
14,45142
13,19428
3,2916
10,43867
3,11689
20,21554
12,39264
2,22737
4,18817
9,24830
1,36314
10,14829
4,27922
16,41186
6,28874
20,45381
18,9440
14,27280
8,4664
16,29721
6,2140
6,9310
20,24498
13,1423
7,13882
18,15064
19,7625
1,733
10,23738
13,20702
5,12273
20,21447
6,14177
18,39135
5,34635
1,16291
3,15337
2,26055
17,43181
5,45968
15,47866
5,12911
18,24685
10,48100
10,5910
9,1265
13,33917
9,6743
13,7587
16,17774
14,14909
5,6703
13,21617
14,27364
2,3745
2,30335
16,1184
6,18003
5,43138
7,9713
4,47003
8,22214
16,12462
3,14859
3,2237
7,43099
9,20927
9,12549
7,36082
3,28582
4,20663
15,6191
20,24112
20,26102
10,32881
5,38746
7,35393
20,39410
18,21087
2,18310
15,42405
7,26452
5,17468
9,624
11,22826
4,47744
11,43002
5,43511
16,36766
9,48561
14,43397
12,24092
4,36474
20,21497
14,7165
16,19978
12,19035
20,20200
11,25213
12,26776
18,34348
9,10396
15,38325
5,47166
9,36561
12,23411
16,29759
7,34368
16,11293
9,34012
19,1381
17,12157
4,9462
12,36550
16,37468
19,20562
6,5722
7,34761
15,10392
8,24767
6,17188
7,27247
4,3222
1,14249
20,43052
10,26906
4,5549
4,42026
15,3542
5,16189
12,23301
6,12075
9,6022
3,21096
19,1623
3,10190
14,11538
8,41275
12,20015
7,24236
19,9630
16,38899
19,49779
7,7541
9,34917
6,21447
14,44381
1,39685
17,43056
2,6873
16,12343
8,11095
8,46254
19,41770
7,19565
13,12603
2,24944
14,37603
2,39043
1,20712
5,8694
3,30542
19,28393
20,970
9,45923
20,3406
5,7116
20,10968
13,40611
1,18268
20,5149
10,43683
18,6288
1,25553
4,45388
9,22705
13,11696
19,44584
13,24433
12,26390
20,45068
14,46728
14,9472
16,30613
15,24830
19,40938
13,46149
12,5526
1,5727
2,11882
1,1359
13,9640
4,3295
6,38216
18,49412
2,11339
15,47086
18,38299
7,9920
19,1743
14,3680
8,8260
15,46905
5,5973
12,18701
3,19148
8,39347
4,3558
1,37374
11,12662
18,31886
8,24221
18,47464
16,16254
2,19580
14,5667
3,19811
15,19638
14,41644
2,38395
11,10846
9,10847
16,1229
16,19863
11,30160
19,9702
19,25673
5,31939
4,48094
7,6157
11,25093
3,49915
20,26351
3,38007
6,1826
14,3748
7,19733
18,31186
11,40077
13,33349
13,5799
4,26699
9,36337
14,5373
1,28800
14,18350
5,13319
5,21298
13,18475
17,25770
13,22870
1,41756
2,26213
11,9937
20,9561
4,29394
11,45058
7,10767
14,41262
20,38144
3,34881
15,7944
4,37026
3,39754
16,20861
1,42213
14,40472
2,20670
16,27186
6,42174
11,31777
7,13323
10,28291
2,36171
10,4426
13,500
14,38849
18,22809
18,7305
15,42191
8,24677
3,23862
20,10180
13,47975
13,5163
1,47263
18,42637
16,9855
7,25294
14,37189
2,42332
3,49715
7,42146
9,40914
18,26172
6,36281
17,43583
6,40984
16,17257
9,26166
11,15573
7,7475
12,40712
10,19982
17,28357
14,2240
18,44243
5,34543
9,4241
4,42085
15,28565
1,16433
18,11754
10,48489
8,18081
3,5996
6,29257
13,2040
14,14459
14,4554
2,11276
3,40872
18,49392
9,49138
15,5165
18,12479
13,9415
7,39272
17,9959
12,12167
4,31648
9,24094
5,47748
10,11179
6,7822
16,6639
7,37499
9,21278
7,22299
15,3215
3,18898
17,15965
16,41264
3,45079
9,38990
6,675
13,33737
6,6217
8,45342
16,43563
6,38810
5,14974
18,4917
8,21916
17,28656
5,40260
14,11699
7,17508
15,5236
14,34008
20,39113
10,17803
18,28904
7,44264
18,39769
15,18881
17,16460
15,4188
19,3710
11,35351
4,24807
1,29423
19,49015
16,31219
5,26384
12,2380
16,42488
5,36448
7,42431
2,21287
16,33936
4,20738
11,32693
4,1538
6,21087
1,8955
3,3534
16,17883
17,4379
15,10409
6,12892
5,18463
15,6915
10,6662
8,39821
15,23019
6,49297
8,21246
19,1612
19,7926
19,13695
8,13147
10,17797
7,46991
8,14558
18,27391
7,34409
7,24626
13,1450
13,33667
4,47872
17,19736
5,31245
8,47206
6,29901
14,31020
12,11352
5,46361
2,11613
11,27852
6,38647
8,21985
19,5467
10,42982
5,19119
9,4532
13,36033
13,39203
13,33788
18,42669
7,37703
12,7425
17,6540
17,35541
4,5896
10,48355
2,14397
9,47382
20,36185
5,1800
18,9832
12,9871
8,7511
4,29009
6,19178
12,13134
18,30320
12,33601
11,9896
15,12019
17,2702
11,1908
7,16989
4,38891
12,22001
10,13370
20,42730
10,38057
7,26472
2,21813
10,34918
13,17001
18,43972
12,42499
12,39278
15,45475
12,17673
17,17925
3,33766
8,33299
2,10119
3,6714
15,19737
6,37052
3,21201
17,15616
8,34668
17,9144
6,47821
1,40965
11,24973
13,3551
13,29149
12,48004
10,40010
16,913
15,40392
3,17861
1,36597
8,21807
12,9744
20,27293
10,7440
3,6552
1,29978
9,35758
4,17354
5,11416
1,49591
7,29877
15,1358
12,33484
18,40922
6,45244
3,18424
18,37263
4,26915
14,43690
19,16603
4,30486
2,16906
2,14198
4,33394
12,9843
4,11223
9,5146
13,44296
20,13363
7,1541
13,3830
2,33808
1,21283
8,3417
6,450
3,1393
7,35696
15,11551
6,30712
11,20102
3,15589
18,36589
19,39289
7,25816
2,39308
4,42645
16,3556
8,20166
11,24902
14,3043
18,41444
2,23216
20,6018
2,3875
11,24311
18,32584
5,23889
19,16435
10,28844
18,45739
13,24539
10,38630
9,2596
9,38641
11,31957
5,34712
19,21984
11,40165
15,9119
18,26396
17,24560
18,46595
10,11550
14,28017
3,15392
19,30141
9,26046
14,37651
3,9845
2,24370
19,18455
19,29239
12,3688
9,41718
14,12625
4,38848
19,24628
10,45866
9,6006
19,4275
14,14958
6,30475
17,1808
1,22021
4,39535
7,33503
5,47711
14,9133
16,23262
8,6001
18,11906
12,7814
17,47099
19,48767
10,17697
15,40204
15,42506
19,44662
1,28464
14,20274
1,3309
14,18154
17,41507
8,12352
6,16733
8,23908
18,11972
15,37143
11,8475
7,37856
12,32130
13,9727
17,34322
1,11168
6,25516
18,27760
2,2598
16,29375
20,3199
11,37657
18,35573
9,29346
20,44510
15,16690
3,46467
16,21085
11,8921
7,7583
7,47677
18,10999
1,32571
9,20093
9,9916
1,28633
5,19834
10,9201
17,24283
19,45596
1,34748
6,28565
14,34627
16,48204
4,40715
2,28947
4,208
18,23725
6,30005
6,24337
14,25344
6,1484
17,44307
8,32970
20,33939
2,3061
14,31420
17,25238
1,3089
13,38810
20,18015
5,43872
6,36450
10,37850
14,23069
17,45304
15,48956
12,31116
6,37707
11,18641
12,36509
2,2170
14,296
18,20445
17,16317
2,13811
2,16468
2,5489
2,45064
10,7083
18,46481
17,5104
6,7834
17,38286
9,33865
5,16555
20,6756
2,40303
2,5270
17,16511
16,11131
15,25205
10,39824
14,35749
10,17909
16,29330
5,22900
5,49635
20,8770
13,21236
12,47035
16,17277
17,21201
13,45652
20,26335
6,29574
20,5576
10,1838
7,40775
20,12397
13,21140
19,23524
8,33984
8,14475
7,41462
16,28937
1,27312
4,19498
15,27383
5,49170
14,21775
11,28721
17,22430
11,23467
14,13960
17,15487
6,40941
8,26261
2,44688
5,10403
19,19730
19,40291
7,31020
16,13833
2,450
14,25879
7,2062
3,6257
5,25059
12,49969
16,18224
10,17974
6,49928
16,25545
15,23515
7,43308
4,43941
10,5406
1,22480
5,3762
13,10223
11,4925
7,1761
10,2227
14,29132
14,5268
18,5867
6,32643
3,29682
8,43714
1,16507
5,32030
14,6164
15,45776
2,43420
19,10797
13,1150
8,20030
11,26043
13,45159
9,7363
6,44540
2,40723
11,39661
19,19752
2,24088
15,37162
4,39970
10,2830
11,29942
17,47257
1,20207
6,11093
2,730
13,44733
6,29579
8,42960
10,30261
16,24705
6,43032
4,13137
12,19416
17,38820
13,13570
14,11526
20,115
12,15091
17,32863
2,41709
13,4406
13,45590
6,27652
7,20883
8,44509
14,16985
11,14437
20,38038
8,8962
20,21657
2,48413
18,479
18,47801
17,11398
11,36790
16,18431
19,2242
6,7717
16,41154
8,12843
17,36105
1,36976
8,22673
1,37515
9,37729
11,27156
11,1426
15,48598
8,49394
9,15053
6,16519
13,24564
1,45134
10,48523
1,12095
17,6800
9,40975
20,9878
18,7988
16,7514
17,34902
9,38070
2,15693
12,22654
5,45863
2,16112
19,13663
5,29398
6,18238
10,34325
13,32247
4,26050
20,26815
7,39507
15,33582
15,47542
10,44181
18,39620
3,27731
19,24693
18,36342
4,35373
7,5041
4,29809
2,40520
19,46300
10,30320
14,28811
6,22835
11,2617
15,7556
13,42643
12,7871
19,21270
3,8908
13,25736
11,15894
20,7342
1,36916
17,18005
2,41304
6,14732
4,42885
20,45892
18,33314
6,34622
16,49943
16,41460
2,3230
14,47661
13,47093
6,24216
15,20339
9,10470
7,19867
4,8086
6,9247
4,22811
15,14000
16,1328
6,7766
15,30776
6,13573
17,11766
18,16894
14,36890
1,32241
7,40842
6,23054
19,9170
7,32799
20,12299
17,26072
3,42670
9,48326
4,18203
15,3539
15,2607
6,31312
14,11565
8,34486
10,4845
13,1392
12,48149
17,8201
10,11028
11,6563
5,12751
6,31458
10,16018
7,14540
17,17762
12,16456
3,24990
15,29321
19,15316
4,15678
12,16110
8,43128
19,17007
16,7090
14,24476
15,7153
15,12197
2,14458
4,42998
18,16998
8,18418
20,18950
11,44258
5,3013
18,43650
19,15383
7,8725
13,10824
1,42420
2,25991
3,24054
3,47421
16,41107
3,43377
20,32586
19,20956
15,25091
20,15844
10,32537
20,38442
14,29677
12,14650
5,19783
9,32119
16,24883
3,15722
11,20242
12,11565
8,35820
7,41196
18,8395
20,20321
20,33279
15,10896
5,175
16,11051
3,33242
7,10771
20,3938
10,17485
13,17023
7,36154
5,30209
1,7496
13,19174
16,26495
17,36881
17,28807
9,4752
4,39430
15,46422
4,4835
19,39906
19,30115
18,10697
1,11807
6,1614
13,15754
7,2500
3,17028
17,4059
18,39617
20,9848
5,3782
20,269
2,16763
7,719
16,24744
5,45134
15,44409
16,46393
4,9201
19,24832
10,12769
11,4554
17,25873
19,48009
8,42482
1,39906
9,23243
2,4715
18,27163
8,31830
14,48168
7,3568
6,33414
5,23039
4,2038
13,676
13,48274
2,12509
9,48133
7,2932
12,9732
3,7118
9,27134
17,49071
14,47480
3,48243
12,43641
17,46885
12,27998
10,35378
13,9803
5,36008
2,46504
3,7557
12,19747
20,16098
11,21274
10,27180
9,12466
14,30539
15,49510
11,48974
12,43690
13,33790
1,17837
19,9506
12,49530
10,18211
19,41783
14,25122
9,25469
4,44884
11,4831
2,7732
6,24542
14,44804
11,10649
18,28494
9,29656
11,13689
6,13224
16,31173
14,38026
18,41412
8,47437
17,30435
3,16868
11,28316
10,4956
7,7778
4,13486
20,16265
3,7437
16,7759
4,31398
12,49127
8,30742
17,41588
19,28657
5,18322
4,5028
7,19882
9,10793
14,19852
6,27926
10,18053
16,33263
2,16607
15,12828
13,9037
5,18476
17,629
8,35138
2,49618
12,11947
1,34263
15,37782
7,47866
18,6279
18,44276
4,15863
14,44418
3,35826
5,14905
16,29966
9,14099
6,23282
8,32480
13,28978
11,28660
14,5543
1,25386
18,40094
7,49027
4,28012
16,26261
19,31160
16,31929
14,16649
15,9516
13,17992
7,45501
18,26656
9,8335
7,26907
12,43611
2,9068
18,29121
7,16464
19,10708
3,45117
13,19259
9,14375
9,644
13,31487
10,49174
10,30854
7,39868
3,28517
17,21940
5,13389
4,11729
3,46435
11,36528
13,39573
15,44095
14,12585
19,29955
9,5576
6,4355
12,43141
2,20865
16,6576
1,8662
4,24682
3,10207
20,19077
16,14459
4,38749
18,40712
13,6939
6,14683
2,9364
19,44959
17,7054
8,21034
8,22644
19,15099
6,27130
9,4318
11,37215
11,34410
1,48088
10,27353
17,21029
12,41183
2,32063
20,12941
12,12209
5,31255
16,39118
18,11695
15,28680
14,6944
7,24259
15,32099
1,40621
2,16769
9,6841
7,20863
18,16175
2,39759
15,34653
4,32622
7,13816
17,10430
1,43662
14,38536
10,49771
11,12176
1,15046
12,17435
9,41902
19,29124
15,26078
4,22124
14,16277
11,36633
9,27417
8,47731
5,38118
15,1518
12,47988
5,30733
6,46192
18,49285
4,12466
17,12769
10,42239
16,32586
20,18209
13,23959
2,29289
19,47548
17,356
19,19659
14,3152
9,4530
7,26783
2,42683
6,6339
20,41929
1,43578
11,24436
11,1418
7,21262
12,20385
19,16457
10,30400
7,45594
17,33806
17,5556
11,1334
10,16548
18,6645
7,517
18,33928
16,42609
20,11839
15,24624
3,21896
6,36628
18,5873
19,1490
17,29866
15,13333
4,14757
8,25077
9,47742
9,34875
11,39713
3,2628
8,22134
3,6204
19,20227
1,34107
1,3238
17,26987
12,7972
1,8123
6,14146
20,9510
5,1269
4,22465
16,36740
20,10926
13,37197
10,43133
2,6853
6,25933
7,26085
11,49304
11,9266
10,39652
14,41487
12,19203
19,33392
11,43290
17,9565
4,40364
20,21284
9,2881
1,780
2,49065
8,33639
10,24678
2,11388
19,25668
5,46716
1,35803
14,10062
17,43694
4,35734
12,10434
18,16062
15,42325
10,40295
16,21637
16,46131
14,30719
6,36918
6,35706
6,36177
16,8713
11,21116
20,34767
14,30377
4,18313
1,39527
1,28559
14,39542
7,33170
1,43513
9,43651
11,9990
15,46273
13,21906
2,2999
19,33392
8,35139
14,29412
6,22553
8,47177
15,37125
2,40717
18,37883
13,11297
7,28837
7,13058
16,4097
19,42787
15,36344
17,42998
1,47074
10,49434
3,31564
8,42480
10,28972
3,5630
20,16376
5,44911
12,3092
7,43020
16,34275
9,36456
3,20692
1,14314
12,26400
3,19216
11,28136
17,4205
4,49739
3,23473
2,30678
5,8145
4,6507
18,10887
16,25729
11,30025
8,29937
14,21678
18,28087
20,47852
14,5185
8,38684
4,35277
14,22111
3,7886
16,37106
17,19764
18,22080
13,48588
7,48611
2,2938
16,42035
10,44311
8,47469
4,6949
11,11078
19,49111
2,39756
14,31490
5,41712
13,19365
9,20181
9,25297
7,25973
8,32626
3,18839
1,13834
17,23579
9,26388
20,37227
4,5705
13,41626
10,7317
10,38581
11,36551
2,5355
3,40563
9,19543
15,19717
17,5132
11,36364
6,23434
8,11759
11,8522
11,6288
16,15193
2,13098
15,47948
9,40001
12,9208
19,13535
6,49946
18,25072
5,33252
16,35004
9,25172
9,5213
20,7621
5,3112
13,32349
6,28561
9,41135
5,26256
5,3185
3,5818
3,20558
9,27864
17,6244
6,43269
1,13217
11,22677
16,38280
5,3211
20,18642
11,11331
10,43073
2,24558
3,32774
9,33792
1,11666
8,9552
8,20134
13,8703
19,3690
7,45284
2,41938
5,21498
18,22131
16,31131
2,16455
17,220
14,10093
8,18469
20,20649
14,1432
17,37440
10,40534
16,29652
11,29333
12,40155
17,45166
5,38050
17,26355
2,18787
15,14965
18,7538
1,18524
4,11682
4,35575
1,40472
3,30609
15,39538
18,9616
13,48301
19,17116
6,9849
19,24354
2,36728
17,34606
6,39825
12,35347
7,27986
1,39188
2,20476
16,289
1,39900
14,17896
19,25782
9,12554
15,38950
1,25505
2,7366
8,3633
13,42292
8,24709
1,30218
17,25739
16,43525
13,33945
8,26336
11,11215
18,33473
13,13260
8,43149
13,8707
14,49569
13,32687
9,23532
12,19380
16,29204
16,18949
14,18620
14,10290
20,18713
4,7391
16,18560
14,29488
19,7468
6,30460
18,13506
8,31916
1,16297
15,41473
13,30871
4,3693
15,43158
10,16310
15,16366
13,13021
17,23282
7,35835
3,17992
20,18118
8,34854
1,29777
19,10436
6,20584
1,13700
11,45491
1,29997
19,6674
6,15313
18,16681
14,45880
18,9024
10,9373
7,38902
19,37149
8,10022
19,3804
16,19203
15,13655
18,45077
5,11032
15,40526
1,48257
3,18088
14,29662
17,29139
12,25048
1,45166
1,48931
2,2283
5,5463
6,31134
6,16117
1,8881
11,11580
12,48781
11,20281
20,1176
15,12261
16,21568
10,49392
12,21994
17,41432
1,37268
16,24784
19,12660
15,15182
1,35328
18,40524
17,32971
6,28736
4,6377
5,39891
17,2779
2,34844
9,5520
11,22720
9,10294
19,13372
16,32625
3,40966
14,11701
18,43496
10,15762
3,33906
6,4547
2,39994
5,14422
7,20088
16,3996
13,29624
18,23208
17,16709
12,36803
8,19675
17,1534
20,24319
6,11161
20,37505
11,35864
2,22337
12,12877
15,28097
15,15157
4,40492
13,38891
19,43567
18,25350
6,40211
2,7258
19,6239
14,43664
17,45053
19,33160
18,17531
17,16292
17,47833
2,43712
12,20777
10,24957
7,24196
13,37952
5,39968
7,21658
2,24913
2,18788
11,20846
5,12358
20,31844
1,8707
13,8379
19,22830
7,33771
11,46256
13,23040
10,49360
13,33048
4,19604
16,32127
10,12841
7,29747
8,39650
18,23365
14,23046
15,33896
13,24953
18,41888
1,42649
17,25408
11,17372
6,20925
20,15080
6,42799
3,29864
6,35002
13,34657
6,30879
18,39566
18,20645
10,1220
17,13276
11,13272
16,25465
15,7039
20,47547
14,10869
4,9626
18,37775
3,36022
17,25224
5,3692
2,19020
9,3360
10,19849
13,15498
7,32360
13,2652
1,42782
16,21710
15,30593
19,38513
16,12245
6,49446
3,37389
2,38847
9,21178
13,22534
2,49447
17,34215
2,41443
20,20911
19,40674
12,21234
2,27509
6,15867
10,14897
10,2072
11,5063
1,1650
19,41713
15,333
8,26853
11,12823
1,21606
17,41249
3,20517
9,44639
14,8929
9,33053
14,33882
6,11557
7,5508
16,3543
1,44087
18,30045
6,34796
2,15198
8,14537
17,48953
13,32533
1,44514
18,12807
20,44802
17,44922
14,11376
9,27593
2,28283
17,35614
9,47703
16,49704
11,28747
4,15343
15,25794
20,14004
19,32204
17,17091
12,32869
9,5937
18,45980
19,19269
13,32658
5,35795
7,2563
1,32461
3,30214
19,19110
2,30670
4,10934
14,16683
8,10564
13,49262
10,27888
8,44297
11,45298
7,2771
7,11004
4,48163
18,13812
17,26362
12,11729
6,20610
3,18530
5,32684
11,22041
7,15642
8,45437
3,43670
9,6228
15,34343
4,39599
8,28860
7,8987
2,46426
12,49122
14,46690
15,7062
12,12311
12,22746
14,3937
11,37200
16,31062
14,34893
8,12124
10,44356
10,36559
18,4623
16,43386
7,25941
2,41416
6,17176
12,3170
3,2155
5,22656
13,21462
5,28063
6,13318
15,34076
1,39863
1,14932
10,46464
4,28971
6,5581
7,18166
1,1376
10,26941
5,4665
1,13028
19,2980
3,42360
16,8885
16,29984
10,38818
1,48777
6,7884
11,33935
7,43740
2,30435
20,5243
18,22066
19,27902
12,40360
13,43727
1,44451
14,41924
18,31349
13,32595
2,37241
9,40332
14,42083
7,31005
11,25320
20,13018
16,20242
20,47051
14,25735
9,20813
18,25224
14,42140
16,40836
8,12600
3,34714
16,6363
18,41591
16,46186
4,29608
11,36692
5,19690
20,13384
2,22879
11,43412
11,17949
13,10961
3,27393
10,37945
10,22522
19,1702
19,38344
10,12630
1,46786
15,6322
9,40412
12,16148
7,26925
17,18574
4,10963
13,12390
10,36258
11,31674
2,8418
10,3884
3,12300
17,49606
11,4808
17,27488
15,34657
4,49629
15,18367
18,23188
14,33337
14,21624
11,20411
16,8951
17,2291
9,5254
18,10528
8,17076
17,18941
19,5934
13,16690
7,19724
18,16871
16,41502
11,44559
15,34166
1,45422
4,37711
11,44975
7,35838
12,2823
20,26200
1,191
4,32659
17,18905
4,46122
8,8722
15,431
7,43968
11,1301
2,20689
11,9684
10,25773
5,4399
16,505
13,5914
13,15937
20,36613
5,40962
2,18242
12,35905
18,24719
8,44943
8,25389
5,35326
10,46551
1,21832
5,30637
1,30470
10,41255
18,44225
3,7587
3,44268
16,45438
4,3393
4,16700
7,28362
4,10842
1,3011
19,5954
6,18824
11,22588
14,6278
17,25374
5,41970
10,38232
12,27507
17,43090
18,10011
12,29070
1,26254
18,27152
16,48384
11,33532
16,31077
16,14297
20,19431
12,48358
12,32603
8,45064
19,14353
6,35074
3,1416
16,40399
12,21934
6,28650
8,490
6,33524
17,33695
14,38343
3,28059
1,38364
15,3312
8,27303
2,17550
4,35446
20,13594
17,8831
6,14266
3,21702
2,39755
14,35004
3,29529
5,3665
4,41070
9,46909
8,3570
18,30123
9,37509
15,35936
13,6937
15,28173
9,29840
9,12394
13,37890
1,23973
5,49861
17,5367
2,3118
5,1610
14,40378
1,48152
16,12026
18,34764
9,27887
18,20092
8,40139
9,5096
17,16527
17,22785
14,1900
11,24229
13,9582
5,1914
19,4618
8,37962
16,38993
20,38334
18,22069
2,17582
9,17373
12,39952
16,39266
10,33037
18,10766
20,16878
19,2522
18,47839
18,2130
5,8600
17,12812
3,25924
9,13400
8,20773
12,42544
16,9200
18,14270
18,34887
4,32251
12,8555
3,34199
20,27158
11,1816
15,7904
19,47873
5,42767
2,12961
5,22747
18,40071
6,41333
4,24452
6,22624
14,3627
16,18267
17,23133
14,36101
10,35188
20,34919
7,19472
8,36142
14,9422
13,16045
18,18199
8,40338
9,20389
8,21765
8,3072
11,36321
16,22850
18,32030
10,45600
1,20848
5,15253
4,30501
7,40890
1,12430
10,12584
2,14370
14,43653
19,36312
5,25246
3,22853
6,18112
9,17586
15,22136
9,430
12,9129
4,43442
5,49440
15,5669
11,24174
3,23700
13,38439
2,23595
16,2360
3,30228
11,16298
15,46990
17,1969
9,32184
13,8950
17,4917
8,21007
1,25775
13,34900
18,41337
12,7767
9,9256
5,36278
6,41626
6,24679
9,14621
5,35143
10,17056
10,16461
20,46783
5,42408
10,37582
2,34552
12,19919
19,35279
20,15629
7,17785
7,42567
12,36075
18,39240
18,31790
14,3184
19,16719
15,4289
6,7096
15,47936
18,4373
19,13090
6,23129
14,20671
1,28993
18,18178
1,40863
3,28136
17,47798
11,27582
10,45615
2,16955
2,10408
11,39520
1,37104
11,14886
8,18447
20,5707
20,38413
9,26558
13,40579
4,21470
5,30856
12,33353
10,1583
15,40511
17,38176
1,44697
10,13566
2,8796
11,9901
1,8813
20,7143
2,18718
9,33404
9,34753
18,15570
11,6797
11,34527
2,34782
17,26130
16,23129
5,41791
12,16505
8,40654
6,8522
19,774
8,12033
9,36816
20,39952
15,26006
9,19650
10,20196
13,33613
14,14537
9,47345
14,7296
12,39121
2,41171
16,15234
20,28659
18,37998
19,27522
14,29632
8,24923
8,18030
3,15402
4,21539
17,23706
6,33751
14,22851
7,794
9,19525
1,20675
9,43725
15,30010
3,37998
14,48275
20,1731
18,19470
8,23931
15,3449
7,21978
16,37132
6,26886
14,31237
8,47713
10,8434
11,31266
2,1072
19,21179
18,26142
17,35007
10,1440
15,43183
2,48976
8,41656
6,36875
16,5438
12,24536
4,44129
17,32369
7,40727
17,20070
8,42510
19,40822
8,6464
3,27862
18,31564
10,40602
6,16746
9,27961
11,20935
5,37897
11,10050
13,16261
18,49280
6,26633
13,24768
6,24252
12,21129
14,1922
10,11727
15,17231
16,16710
3,31798
3,25581
17,47766
12,48100
16,24781
6,23789
19,45792
5,9873
4,2099
7,5817
7,8054
14,23994
17,45089
2,9485
17,31930
5,41716
18,13524
13,36874
13,37755
17,31072
17,6812
5,41316
9,15252
8,20114
13,49734
13,46565
5,49549
13,16737
1,780
9,37844
10,33853
10,16351
7,43510
7,12729
11,39621
3,5994
12,11725
20,4478
20,2785
16,4898
8,44743
5,48704
14,41669
6,5124
20,35255
3,23945
17,37404
11,1016
7,35008
20,43426
17,13426
7,34072
4,25263
17,30301
14,29640
5,23602
8,20815
7,11581
14,489
6,27219
8,13368
18,25788
9,26382
13,3252
8,17570
20,15547
13,18431
17,19278
2,4711
4,45422
9,21126
1,25644
20,36443
7,16052
4,38048
7,3615
15,34126
8,25725
19,43103
6,47648
20,26638
11,13963
6,12876
6,43634
20,2387
17,3281
1,47795
16,7539
18,38665
16,7207
18,45592
7,6730
11,2388
13,30075
6,47327
20,8818
13,43011
3,28798
9,26810
12,45930
3,30456
1,17955
10,22458
13,3051
10,6834
10,20707
19,18132
1,11667
4,36335
6,24614
6,47078
2,28465
20,45419
7,1852
12,4892
19,17407
16,36480
20,8282
3,20057
5,16646
7,3370
11,33306
4,14414
18,46798
12,13694
18,1886
2,12265
19,34909
7,43198
5,39009
3,26989
10,42978
6,33040
1,8364
17,48206
1,2274
2,6020
4,3025
11,48086
15,36138
19,34304
10,1875
8,38120
11,2225
17,880
10,18198
16,23079
15,42339
15,32459
8,10643
11,37573
6,16006
4,47825
4,42613
9,9792
8,24690
3,21969
15,20800
14,14788
12,5677
8,22657
16,45857
16,29051
17,39967
12,30210
4,49519
1,31851
9,16294
2,20665
10,3637
7,40880
8,30080
20,47907
2,39145
13,21006
1,10896
18,27807
2,21498
19,10229
1,43632
1,31715
18,48262
17,2298
6,10796
6,8181
5,16311
5,15235
15,13197
12,34768
11,18032
3,18950
15,3051
17,42850
20,46629
12,33116
16,14014
17,35858
1,45100
20,36310
3,42761
2,15002
9,35023
1,29314
3,29267
16,9497
16,16267
2,22619
9,14232
7,23509
16,29107
11,49738
4,29802
2,21155
3,33164
1,11907
13,42094
9,38598
1,12849
7,22123
16,18490
1,47990
4,36652
8,17707
17,36682
2,15461
4,11124
13,41516
11,38130
9,2915
17,18293
1,46517
13,9967
14,333
7,26358
19,2177
15,47589
1,38809
5,14191
9,3515
19,34380
19,7692
9,20126
14,43493
13,42517
4,47724
11,18479
3,36028
1,24293
16,5069
20,7767
17,36584
3,775
14,24342
6,13069
4,33147
6,31423
10,45642
15,48000
17,7700
12,29034
14,22946
20,3726
13,39567
19,19693
1,12514
12,14123
10,17780
14,39488
17,626
6,37277
18,20795
17,16725
18,12103
9,8006
8,29175
4,30555
6,31465
17,20417
9,46214
15,45389
18,5598
9,1621
17,18594
7,16768
2,11661
3,12439
13,27837
8,41217
8,16886
5,37750
11,31014
16,21774
18,3272
15,12394
16,24993
17,44682
4,19101
12,6267
5,49040
4,367
8,35017
9,14677
4,18416
16,6819
5,48463
3,558
6,48138
7,41294
14,31417
17,30098
19,3252
15,33457
12,37656
19,31850
12,7080
5,35299
11,7196
16,49382
5,6069
11,36438
12,7669
2,16699
6,47658
17,5931
6,41158
17,46073
3,5076
19,5782
18,17673
18,30321
3,13091
20,45766
10,31259
1,29105
2,2906
3,7852
10,15750
9,22674
8,25835
13,24885
10,38064
8,39161
14,10942
7,7942
11,24585
19,48047
18,9371
14,42298
3,38525
12,39028
6,45553
2,22308
13,34646
19,14396
10,24462
7,40439
5,24981
7,30161
10,33724
20,13936
20,46636
9,18217
13,8831
5,17334
8,25272
3,49885
18,23058
15,44998
4,19438
7,37778
2,40035
1,28012
1,14529
12,19777
1,13410
4,24181
5,37441
11,7426
5,31382
1,17540
2,14798
3,9929
6,38963
7,3369
9,18397
1,23636
12,31227
11,32293
18,20052
12,3779
19,41175
17,31258
15,43746
20,44428
18,7532
7,22269
4,5312
10,49912
8,40796
6,25347
20,22806
5,20874
17,14358
6,33318
2,2304
14,15103
3,16048
2,19621
2,29265
13,16070
20,40561
13,8323
11,24140
20,27873
15,47902
8,48249
15,11064
20,37718
8,23526
7,47111
8,49891
3,14838
14,19423
5,49655
4,33457
20,2517
13,43881
8,36897
5,7933
20,19831
4,36210
6,41288
11,16423
8,32455
15,24520
13,26310
17,47197
9,38081
18,29254
15,18804
16,25837
18,33526
17,14864
10,29627
10,42618
13,45546
8,9072
18,29803
7,20819
13,35880
2,23453
2,9975
9,20707
14,38460
7,13455
6,26127
14,11491
5,31132
5,23269
2,24839
